bismarck,Daybed with Trundle,00101_9MkwUwA5Tz5,250
bismarck,Desk/Chair combo,00Q0Q_iJzRM8gjtul,100
bismarck,Chairs,01515_8iJcksiSg7w,20
bismarck,Dining table and tv stand,00J0J_zHo4xL5YEP,50
bismarck,Queen Size Mattress Set,00a0a_7LcUPIuGBoN,300
bismarck,Computer Desk/Chair,00s0s_3POimfIIwZy,75
bismarck,"Chair:: Ottoman"" For___ Herman Miller",00G0G_ckozDHU5ALk,1018
bismarck,like brand new,00w0w_5yUIb6iW8yN,300
bismarck,Corner entertainment center,00o0o_f8YyQKeKi3a,200
bismarck,Full size mattress,01313_h4Cd7zftAfy,40
bismarck,Banquet Tables,00w0w_hHrI2T5cxjK,75
bismarck,Wooden desk,00e0e_kOFbEXKn2ZO,25
bismarck,Computer Desks,00707_1zoMstAp2Fb,50
bismarck,Shabby Chic Farm Style Table and Chairs,00404_4hmjI0qQtm1,125
bismarck,Chair,00i0i_cQEvkiQtg9I,10
bismarck,Bunk bed,00M0M_5EXc63Fo2Df,150
bismarck,twin size bed mattress and frame,00x0x_60EJZi2gqIg,250
bismarck,Wood Armoire,00O0O_ki1EtVIrwHi,250
bismarck,Red/Brown Recliner,00J0J_avOkGed52Zs,150
bismarck,Very Nice Mid Century Modern Kitchen Hutch / China Cabinet,00i0i_k1JvdOYECY6,350
bismarck,"Chair:: Ottoman"" For___ Herman Miller",00w0w_cVxIXEtX6TE,1000
bismarck,+Original Chair and/// Ottoman,00h0h_1nq9GxEwMFz,1014
bismarck,Chair & Ottoman for sale,00L0L_g44TBQghsaB,1016
bismarck,Full/Standard Bed Frame,01111_83JiA2BLlmB,25
bismarck,2 Kitchen Chairs,00G0G_5V3aAgU1Cyx,15
bismarck,Restyled vanity with mirror,00U0U_jeNEuU36yFP,275
bismarck,Couch,01212_eVM49Mo8zzC,50
bismarck,Butcher Block Table Top (Huge),01414_8s1lPIZngut,3200
bismarck,Vintage Round Bow Knot Mirror,00n0n_8XVLwR4rvU1,60
bismarck,Tv stand,,
bismarck,Mission Style End Table,00I0I_cAE1dKSy9Yl,125
bismarck,Mission Style Media / TV Stand,00w0w_iVv42XTbozb,250
bismarck,Matching Chairs & Ottoman,00909_hO1wHZF7aiq,100
bismarck,Oak Roll Top Desk,00Q0Q_8wneLYye662,275
bismarck,lazy boy power recliner,00909_jQklXIlL1Ao,50
bismarck,Sectional&Dining Table W/3Chairs and Bench,00l0l_gW0pdu46jF4,400
bismarck,Bedroom Set,00303_45syOT73aJf,1000
bismarck,Entryway Table and Mirror Set,01212_3v8xyLMR7Or,125
bismarck,Piano bench/ Sewing machine bench,01515_6BgAUR2rv4Y,25
bismarck,Curio,00z0z_33a2r85kvbR,175
bismarck,Small Table,00s0s_cAQG9khmX8l,15
bismarck,White Swivel Stools,00s0s_hkGkW80TVk2,30
bismarck,Couch and love seat,00n0n_3d6yAs1bAHB,200
bismarck,Futon - kodiak,00505_28EM2VcPdwH,450
bismarck,Sofa Sectional,00E0E_krXM8Ybbizl,1400
bismarck,Head Board,00k0k_7ivpVWwjdZX,40
bismarck,Dresser/Chest,00w0w_eWrzv3LjLhx,45
bismarck,Ashley Furniture San Marco sofa couch,00q0q_dzBaYgigo81,400
bismarck,PRICE REDUCED!! New in Box... distressed white chest of drawers,00W0W_1goOLym74P4,150
bismarck,Armoire,00u0u_l4rA9DBAmJu,200
bismarck,Kitchen table,00r0r_3zcnTaWpnXK,100
bismarck,HARLEQUIN Sofa-Sleeper/ Hide-A-Bed Sofa/Couch,00R0R_gZmDqcB5OFC,65
bismarck,"Lighted Curio Cabinets, Curved Glass Double Doors",01010_1kUN4OjqJ0G,75
bismarck,"Rattan ""Satellite Dish"" Scoop Chair ~ Brown W/ Turquoise Cushion",00p0p_8OFESEpD0Ap,85
bismarck,Kitchen Table Chairs  ( set of 4 ),00a0a_9XKWPJT9Rvc,100
bismarck,TV STAND,00D0D_dmyneN4Rs0I,25
bismarck,Bed Full Size Headboard Footboard and frames,00c0c_l8pWz07DJ7n,95
bismarck,Invacare electric hospital home bed with half rail,00N0N_1DT23J5BQ1U,400
bismarck,"30"" bistro table w/ 4 chairs",00n0n_bKrejJrvBUQ,100
bismarck,Temple Stewart Hutch,00H0H_5j4h65R5sSr,150
bismarck,Computer desk,00303_dAejq1Qk3PO,45
bismarck,Filing Cabinet,00q0q_970O5bU1hrh,40
bismarck,Sleigh Bed  (Queen Size),00u0u_4IOgiXFoNFa,400
bismarck,Modern glass top end table copper accents,00N0N_lml0Ka4Cslg,30
bismarck,Modern glass top end table,00202_3LexM801Agc,30
bismarck,Bar Height outdoor Bar Stool,00a0a_goKGEZbXUiw,20
bismarck,Entertainment Cabinet,01313_8iYmTi09GG4,50
bismarck,End Table,01212_heqMNFw0izf,5
bismarck,Settee-Style Ivory Denim Sofa in Excellent Condition,00q0q_l8SGjf8WStC,270
bismarck,Z-Bedroom Study Loft Bunk Bed (Black),00x0x_ly4nXvZ7VZz,325
bismarck,Storage Shelving,00303_9wMxaY2Nn5x,
bismarck,Marble stand,00B0B_bbrVWX3zpbE,8
bismarck,Kitchen Table and Chairs,00p0p_gniJMZQAdCC,300
bismarck,Very nice armoire,00W0W_lPac4E51oJB,250
bismarck,Black Desk/Wall Desk,00L0L_8akrcbgpl8b,500
bismarck,Loveseat,00707_fQJOASaTAwO,50
bismarck,"chair, portable washer and dryer",,
bismarck,Shag rug 10 X 5,00N0N_fKgL6idLS55,75
bismarck,Estate furniture for sale,00r0r_62C2qUs73uZ,30
bismarck,Estate furniture for sale,00t0t_9OU8GiDAnz3,110
bismarck,Estate furniture for sale,00101_etgkuB6M0bb,100
bismarck,Estate furniture for sale,00d0d_kCvLOQ9QCGl,135
bismarck,Mirror,01414_4er9cCcLihz,50
bismarck,gorgeous white dresser,00606_fUN8nnN03Qo,65
bismarck,Wicker Chairs,00000_4kpulmiVoal,20
bismarck,Coffee Table (Ethan Allen),00e0e_5eMeRLhPBnh,40
bismarck,Chair with Ottoman,00h0h_bYYCLUP8I3u,45
bismarck,Antique Walnut Desk Chair,00C0C_jWlVcMZGul4,40
bismarck,Wingback Chairs (2 for $75) - baby blue,00M0M_go3CT95ZngP,50
bismarck,Drawing Table - FREE!,00404_c5t8EOLYeqN,
bismarck,full  size metal bed frame,,20
bismarck,Estate furniture for sale,01010_9bbFZ94TrmI,430
bismarck,Clothing racks and shelving units,00c0c_dfPYsVodCrV,50
bismarck,Vase-unique dream catcher vase,00n0n_xcuXGJOK1a,10
bismarck,Funky Lamp,01717_aNlIlAsXNuv,5
bismarck,Door Hanging storage,00404_dEmwCkAqeHQ,10
bismarck,Queen bed frame,00y0y_47Zk8s5yNPF,40
bismarck,Queen bed set,00r0r_6azFP4jaAOw,1000
bismarck,couch / sofa,00z0z_70Uh7Ycgh7Z,20
bismarck,Selling recliner sofa and couch,00000_lgq1Slm58SH,150
bismarck,Couch Love Seat,00l0l_2bzGThlXuBf,50
bismarck,1960's vintage kitchen table,00i0i_1d00FuJskWb,50
bismarck,Bar stools,00m0m_8DfzSqKILSL,80
bismarck,"Farmhouse sign ""LARGE"" Family Rules (Recently Handmade).",00e0e_i4uLIzUXUbk,60
bismarck,Antique Style Factory Cart (Recently Handmade).,00m0m_h1xAyuUhGDp,250
bismarck,Bar stools,00M0M_lWfBMaiDyBf,140
bismarck,Small Side Table,01616_lwtkDQcKXMO,10
bismarck,4 drawer file cabinet black,00303_9nADw02nRUO,45
bismarck,PRINCESS Full Size Bedroom Set,00606_2OAtxyo1Hi1,475
bismarck,Retro furniture,00909_1hiN3PLL3VC,300
bismarck,bedroom furniture,00e0e_b4Uj9za6wSn,300
bismarck,Hutch,00z0z_dGew0RGaDDx,325
bismarck,Base Kitchen Cabinets - Laundry room cabinets,,200
bismarck,Retro chair,00y0y_dioaRbCh1vg,75
bismarck,"Wine Rack, Wall Mounted. Very Nice!",00T0T_iAskyUKph34,35
bismarck,Iron Daybed with trundle & mattresses,00202_esyx475emjY,300
bismarck,4 New Avery Swivel Bar Stools,00z0z_5c0KVyEDByT,240
bismarck,On SALE Every Girls Dream Bedroom Set! 4 Pc SINGER DOLLHOUSE FURNITURE,00x0x_5FF8p8WQD3R,354
bismarck,Custom Built Trestle Farm Table $500,00101_34It2ApOsMp,
bismarck,Office Chair - Black,00B0B_889vTHOhAtp,
