brainerd,2 WING BACK CHAIRS,00I0I_9wC7Nhx9DhR,50
brainerd,FUTON,00K0K_dglpE10RtKI,60
brainerd,SOFA SLEEPER,00b0b_gdEXKnH9l1l,75
brainerd,Entry Shelf with Baskets & Hooks,01515_9Pdj1Dg0gFq,60
brainerd,High Back Desk Chair,00U0U_5LZPtexgxxx,95
brainerd,Wood futon frame,00l0l_3sZXgWQw8rS,40
brainerd,Great selection of antique & vintage furniture,00c0c_8oTLcK2Pz2X,
brainerd,Antique Chest,00h0h_isFenHTHQef,50
brainerd,Wood futon and captain bed 40/each,00o0o_1o646uWtoGb,40
brainerd,King Sized headboard,00H0H_5hMNXuoccZF,15
brainerd,Bunk Bed,00h0h_2HUgKukT2gR,150
brainerd,Neutral living room furniture,01010_6LQ8RqBHcoP,500
brainerd,"due to husband's health, need to move & sell furniture",00101_6QzgGAUhNOX,
brainerd,Desk,,50
brainerd,Office hutch desk,00101_djM3Z3yqCAJ,125
brainerd,Entertainment stand set,00O0O_6L1HL8LeYMg,250
brainerd,3 piece set LA-Z-BOY Furniture,00N0N_nT5aGdfvYY,800
brainerd,Pine bunkbed,01010_8GmvJRTVa1k,300
brainerd,couch and loveseat w/ pillows,00z0z_7aNImNlShxX,250
brainerd,couch and endtable with lamp living room set,01717_52Qt5NcsT9p,100
brainerd,diningroom set w/chairs,01717_ckfkopCtjhR,160
brainerd,"Stunning! brand ""new"" Pottery Barn style leather 4pcs sofa set",00W0W_4F4OYfrXujY,2450
brainerd,Custom-made Hutch,00i0i_HsA5Nr8Lbi,500
brainerd,Bedroom Set (Log),01414_kZZt4GjAYVu,
brainerd,Couch,00V0V_eMhLbCtaAG0,225
brainerd,Dining Table and chairs from Christmas point,00A0A_5EfaL4T55wA,250
brainerd,Antique pantry cupboatd,01616_5OQIvebS22d,250
brainerd,Antique pantry cupboatd,01616_5OQIvebS22d,250
brainerd,Rustic Cabin Furniture,00H0H_4Xoo8z7yJ3Y,
brainerd,"barn wood tables, benches and more, 1800's barn wood",01111_6u0lHgNNri2,
brainerd,SERTA QUEEN MATTRESS SET NEAR NEW,00w0w_7ouTCWAJyOU,290
brainerd,2-pc. Floral Couch & Loveseat Set,00q0q_dnLUAixWwNb,700
brainerd,bumbldees downtown st.cloud,00O0O_1Y87ue1iZ0K,
brainerd,Unique chairs,00606_kmnAyW6NO5z,50
brainerd,"PINE CUPBOARD, SHELVES, DESK, CHEST OF DRAWERS..MORE",00B0B_bWVmP2HIH52,
brainerd,Beautiful Gold Quilt Rack,00808_6mzLDFqE2Vn,20
brainerd,Cabinet w/drawers,00Y0Y_aDCZZYhKyqc,125
brainerd,"SELECTION OF FURNITURE..TABLES, MORE",00c0c_iCGsUfIasGZ,
brainerd,NEW Safavieh Montreal Shag 8x10 Ivory/ Grey,00s0s_8JJJ0rI4EDI,200
brainerd,Beautiful New Leather Chairs,00000_8YpqwHPcfOm,950
brainerd,Set of 4 Antique Ladder Back Rush Seat Red Chairs,01313_6aws9MPpOi0,200
brainerd,China Hutch / Cabinet  blonde in color,00u0u_118e36jqWgI,50
brainerd,SurefitÂ® Sofa Slipcover plus grips,00X0X_akPbhxH68Mj,130
brainerd,VINTAGE 1960's Chair,,20
brainerd,Loveseat and 2 sets of twin mattress,00C0C_bc2VBrL1DcP,30
brainerd,Cherry Wood Veneer Side Table,00H0H_1vsEcC1NlCH,45
brainerd,Farm Style Wood Table - Desk with unique edge and leg treatment,00o0o_28B5gkTPOoK,175
brainerd,Beautiful china hutch from Ashley Furniture,01212_dakstUfLFTk,300
brainerd,Cherry Wood Veneer Side Chair w/Royal Blue fabric,01616_2pZT3xU8GyR,35
brainerd,Victorian sofa,00Z0Z_jH3RcS9pKwF,195
brainerd,Twin size wicker headboard and full size rocking chair,00909_7809ZQG2wX0,80
brainerd,Queen/full complete Vikings bedroom set,00M0M_9Ura6J9IgMT,200
brainerd,Dining Table and Chairs,01212_dckdzkMvNBX,135
brainerd,Fiberglass swivel chair,00C0C_lSPvk8yPAKP,20
brainerd,SUPER Quality 4pc P0TTERY BARN style leather sofa set,00W0W_4F4OYfrXujY,2450
brainerd,Couches,00r0r_awCeDYzfFqu,250
brainerd,"Huge wall unit TV stereo CD, DVD stand ALL OAK !",00D0D_e52YWUKB33g,650
brainerd,tall upright white bedroom dresser,00404_4x0K92GdIM7,60
brainerd,Oak 4 chair Diningroom Table with center leaf.,00w0w_2IN4LPknEyB,160
brainerd,Full size bedroom set w/ headboard & frame,01616_fmJeivGo0ee,80
brainerd,3 oak swivel bar stools $15 each,00U0U_3gpJdW1SmNW,40
brainerd,super nice couch and matching love seat VERY CLEAN and WELL KEPT !,00Z0Z_gbJYkbR89r3,300
brainerd,antique cabinet / bar / microwave stand,00c0c_1Yi5xSKzYiq,40
brainerd,Large Canoe shelf cabinet Very well made !,00C0C_fY8ufXX8zcC,80
brainerd,sofa with recliners,00s0s_7k6bEtYoqNr,65
brainerd,Pottery Barn Bedroom set: full,00T0T_cM6USKqCNq7,890
brainerd,Ekornes Nordic Stressless Leather Recliner,00B0B_3cXlPAkT8dc,850
brainerd,Desk,01515_8Ws3YgfQKmk,175
brainerd,End table,00k0k_kPjeSVReYIT,40
brainerd,Windsor Chairs,00r0r_dCD4vKZsGfH,100
brainerd,Love Sac,00O0O_cWmCCeVdoIB,70
brainerd,Solid Oak Table with 6 solid oak chairs,00A0A_eE9uXvPhBOp,425
brainerd,Deluxe queen bed frame - still in box,,70
brainerd,Entertainment Center,,200
brainerd,Large Desk For Sale!,00M0M_bqKYiEn6Mdy,50
brainerd,Chaise Lounge Chair For Sale!,00101_ap1EzcfPdHZ,100
brainerd,Antique dining set and buffet,01717_fej8YFVDLvB,550
brainerd,bakers rack,00A0A_21XGKArqHQx,135
brainerd,Antique wardrobes,00n0n_6zL0nkxEZd0,20
brainerd,Oak Entertainment Center TV Stand w/ Free TV,01414_aeS44vPkTWP,200
brainerd,Dresser,00101_c1AycsolvJR,25
brainerd,Dining table/chairs,00S0S_fqfBW2fju1U,800
brainerd,Glider / Rocking Chair,00U0U_25AkTXVl4TI,80
brainerd,Dining room table and chairs,00h0h_9wRo4gg9wLX,200
brainerd,Hutch,00k0k_eW9mfg0NShL,100
brainerd,"barn wood tables, benches and more, 1800's barn wood",01111_6u0lHgNNri2,
brainerd,Headboard with beautiful fractal art work,00b0b_ed2LJoubp2g,349
brainerd,Desk/Chair combo,00Q0Q_iJzRM8gjtul,100
brainerd,"FARM TABLE & 3 CHAIRS,  AMAZING - MUST SEE",00f0f_9kIAseLwTXD,
brainerd,3 Counter Height Chairs,00Y0Y_lLCAlCnA1z7,100
brainerd,Nice small couch (reduced),00F0F_bHV4R9HhaaY,75
brainerd,Bar Stools,01717_8l4AwGb9zTc,50
brainerd,Electric reclining chair,00707_cguhhvNYf9B,100
brainerd,Reclining Loveseat,00I0I_8XkIUJUvscb,100
brainerd,"Sofa, Loveseat and Ottoman",00606_7uo0h91qdae,550
brainerd,8' Vintage Pool Table,00000_vtJWyc9CNk,795
brainerd,Thomasville Sofa,00x0x_xaKb0Wxl2c,425
brainerd,Jenny Lind style twin size bed,00c0c_imnVRM7lHFr,100
brainerd,Foot stool or chair,00l0l_bIuKroyBWey,50
brainerd,Desk for Computer,01414_8zdjORvvBYH,50
brainerd,4 PC DESIGNER LEATHER SOFA set feather/down MUST SEE was 7K 2mo agoSEL,00W0W_4F4OYfrXujY,2450
brainerd,Student Desk & Chair,00U0U_7yZLmB6TIqc,75
brainerd,kitchen table and chairs,00i0i_6dSLPTX2lz4,100
brainerd,Lighting,00s0s_6cc48cH5pnT,140
brainerd,Lighting,00p0p_kWAcToGZK0h,525
brainerd,Foyer Table,00w0w_cguZUSj7iyD,550
brainerd,2001 fishing opener print,00A0A_bRd7bqc3SfB,75
brainerd,Dresser and mirror,00a0a_lr41vtYqthl,200
brainerd,3 peices of furniture  pick -up nisswa,00000_5SKTDMDjQ5P,1000
brainerd,Sofa sleeper,00g0g_hipvLSwZBvQ,100
brainerd,"Fine Furniture, Antiques and Home Decor",00c0c_lyOeEbD4Rly,
brainerd,Sofa - Flexsteel Pull Out Couch in Red,00U0U_dZqU3bNbsIc,250
brainerd,Chair and Ottoman,00q0q_iFclU8JxUM1,100
brainerd,Beautiful Gun Cabinet,01414_kZys6wx5Y2r,250
brainerd,Dining  chairs,00c0c_9sffjD1bJft,150
brainerd,Tv armoire,01414_ga7re5kptNa,100
brainerd,Incredibly Awesome Pottery Barn style Leather 4PC Sofa set PD 7K sell,00W0W_4F4OYfrXujY,2450
brainerd,log bed,00d0d_bTwcRtSAnRd,200
brainerd,Loveseat with pull out full bed,00F0F_h6T56NX1Sqg,35
brainerd,Tall bar chair,01717_f0OMdJ6t7t4,30
brainerd,Dresser,00i0i_1RJNgFzVJah,135
brainerd,Folding eatting tables,00G0G_gKykgbuED9J,50
brainerd,Glinder chair,00A0A_3wch15Jx8Mi,30
brainerd,Oak Bar,00S0S_fyGxNY1P8Uo,575
brainerd,SHABBY CHIC FARMHOUSE AQUA WOOD BENCH STOOL TABLE,00D0D_cLB9pk8S3rv,30
brainerd,"Decorative Bobsled, Rustic Bench, Rustic coat hanger",00Z0Z_cXv7hW9OmbF,
brainerd,King Headboard,00303_3VTvZI0MzoC,95
brainerd,Leatherette recliner,00R0R_bZnf2EXYM94,60
brainerd,Queen bedroom set,00Q0Q_3fCPVRQBhE0,350
brainerd,Chairs,01515_8iJcksiSg7w,20
brainerd,Crystal Cabinet for Sale,00606_iWvgI6dwtDu,1100
brainerd,Oak Dining Room Table w/6 Chairs,00O0O_a3h0Wxb6lzq,800
brainerd,Amazingly C00L 4PC Pottery Barn style Leather Sofa set two mos old,00W0W_4F4OYfrXujY,2450
brainerd,Saucer/ Mushroom Chair,,35
brainerd,Leather couch and recliner,00E0E_k3O4ptHAqpL,300
brainerd,Franklin Large size lift chair recliner with heat and massage LIKE NEW,00i0i_7o7Sfh9NXwA,700
brainerd,Oak Curio Cabinet,00u0u_b6MqQej3Gpc,50
brainerd,tall oak old judes chairs,00o0o_21GRZ27J2SY,175
brainerd,dining room / breakfast nook table,01717_5P38Oqn5vfB,10
brainerd,Twin full queen and king bed frames,00K0K_2Iyirj7Jc5c,49
brainerd,Desk,00f0f_jdxFAVBSisC,60
brainerd,Queen mattress set,00R0R_837yCslKaK7,299
brainerd,Lift chair,00l0l_mDOj0xnct6,599
brainerd,Huge Oak Storage Unit entertainment center 12',00u0u_76A3F0KZTzh,800
brainerd,Executive office chair,00303_6G62UI4ftQt,200
brainerd,Love seat,00W0W_kvulsbCnR5Q,50
brainerd,Farmhouse Style Table,00w0w_17Iw2DvuBjC,400
brainerd,Table - Dining table,00p0p_2elKM9oFEcM,650
brainerd,Nice High Back Chair,00r0r_7jGS3RwqUvZ,60
brainerd,Solid Ash Custom Made Saddle Rack Display Stand,00m0m_3ob6ax4skGB,185
brainerd,Front entry bench/ toy box,00c0c_OyuvGEPOtL,55
brainerd,Antique channel back crushed velvet chair gold,00808_drMUnixwZiX,50
brainerd,Solid wood book shelf,00Z0Z_2b8w4D9K58N,15
brainerd,Large kitchen cabinet,00z0z_crsLmhbxJvt,300
brainerd,Homecrest Aluminum Stackable Arm Chair,00G0G_5ijZpMu8Bp6,150
brainerd,p0ttery barn style leather sofa set Not even 8wks old super quality,00W0W_4F4OYfrXujY,2450
brainerd,Quilt Rack,00707_MZqCSMYRiJ,50
brainerd,Gliding / Rocking Chair,00T0T_9My9iJ6HhQA,15
brainerd,NEW HOMECREST HOLLY HILL OTTOMAN,01313_3SNsDynffvl,100
brainerd,Beautiful wood shelf,00C0C_h0b48f65svy,
brainerd,Glass and wood display case,00E0E_fVlT4IDiNGi,200
brainerd,"Dresser w/Mirror H-80"" x W-48"" x D-21""",01717_jcHlYrae2hs,450
brainerd,"Wardrobe or Armoire H78""xW42""xD18""",00w0w_ieelpzEfuo2,600
brainerd,Entertainment  Center * all WOOD * That Up North style,01010_6u0o5xcQtKC,100
brainerd,Table and 4 chairs sturdy and solid,00B0B_hjT50vF2iqJ,60
brainerd,Dresser,,30
brainerd,Coffee table,,35
brainerd,Vintage couch,00t0t_fD7mROQu1Oq,100
brainerd,Scandinavian desk with hutch and printer stand,00X0X_e9Fcj3t2xdZ,
brainerd,Bar stools,00X0X_f6Qr1qYTA2o,
brainerd,High quality NEW file cabinets (2 identical ones),01616_8MGU5tXTGb8,
brainerd,Modern Scandinavian Coffee Table,00e0e_ljA8xyTb1Ef,
brainerd,European Display Cabinet and TV Stand,00N0N_94koT67vVgz,
brainerd,New wooden bookcases,00c0c_c0Mcf9Q1Fie,
brainerd,New wooden bookcases,00c0c_c0Mcf9Q1Fie,
brainerd,TABLE-dining 6-7 1/2' solid oak table & 4 matching chairs,01212_19g9MbSEnUM,350
brainerd,Dining Room Table Rustic REclaimed Barn Wood,00d0d_2bQCJ6oWkrD,2000
brainerd,Oak veneer table top,00z0z_bxTotza53nf,100
brainerd,unused 8 weeks old Pottery Barn style Leather 4PCs sofa set,00W0W_4F4OYfrXujY,2450
brainerd,Bar stools,,250
brainerd,Dining table and Chairs,,425
brainerd,Little chairs,,5
brainerd,Antique loveseat,00C0C_bc2VBrL1DcP,70
brainerd,Coca Cola table and chair,00l0l_jCS4mb5WtAk,20
brainerd,Rattan Glass Top Table/4 Chairs with cushions,00i0i_cDZP5w7aVep,350
brainerd,Round table,00j0j_fdbJkLtSfrc,45
brainerd,Antique table,00K0K_6DGonGWusuw,50
brainerd,Matching love seats,00Y0Y_82ORjuc5LIu,50
brainerd,Oak Sideboard,00i0i_c48iVt8ARQA,
brainerd,Sleigh Coffee Table,00B0B_kYsKmVsTnJ,
brainerd,Beautiful Couch,00Z0Z_fqAmdtCNJq5,350
brainerd,Recliner,00q0q_9qYNJqePDR5,75
brainerd,Bud Light Pool Table Light,01313_f9BRabpbw0K,200
brainerd,Best Deal Leather P0TTERY BARN style Sofa set down cushions PD $7K ask,00W0W_4F4OYfrXujY,2450
brainerd,Tall shelf unit,00X0X_kvFnA1OUVQI,150
brainerd,End Tables,00707_jeCDnKnDct6,15
brainerd,Cloth Sofa/Sleeper,,15
brainerd,Cabinet,00S0S_1xcDe7UYtjW,15
brainerd,Loveseat,01313_aavT52tUljl,100
brainerd,Computer Desk/Chair,00s0s_3POimfIIwZy,75
brainerd,Hall tree,01212_2APUMpHj5BB,150
brainerd,For Sale:  Cherry Dining Room Set,00X0X_4QWnTyrF5OG,1500
brainerd,chair,00l0l_5L9iUB4n0XL,99
brainerd,Quarter Sawn Oak Desk,00202_HgwAma7oiV,65
brainerd,Set of reclining loveseats,00O0O_evjYozA4VEK,450
brainerd,Cabinet storage cubby,01717_89oVTT9MCr4,25
brainerd,stunning new 4pc pottery barn style leather sofa set cost $7k sell,00W0W_4F4OYfrXujY,2450
brainerd,Office Desk Chair,00S0S_gsVZqQ0pLgL,100
brainerd,Desk - two tier,,25
brainerd,Futton,00a0a_3WJPBlPO4AT,100
brainerd,"Dining table, six chairs, and two leaves",,200
brainerd,Dining Hutch,00a0a_3u5gaxcPPhm,100
brainerd,Dining buffet,00g0g_3t81zQV5M9a,75
brainerd,Cherry cabinets,00U0U_2RIFkVFqdMs,1700
brainerd,"NICE 33"" X 19"" Pine TV/Entertainment Stand",00j0j_2lygp229P3e,35
brainerd,"NICE Oak Corner TV /Entertainment Center 48"" Width",01616_5MVJUpGh54k,45
brainerd,Couch and matching love seat,00Z0Z_iGMitlHPcPu,350
brainerd,Mahogany Dining Room Set,00h0h_2Lm9RW6nwZD,400
brainerd,Lift chair,00Q0Q_94IAiHWhsnX,100
brainerd,3 peice set  for sale,00000_5SKTDMDjQ5P,900
brainerd,Entertainment Center,00J0J_9ZOEQ1outDF,125
brainerd,Wash Stand in Great Vintage Condition,00o0o_chLvN2f2Mvb,100
brainerd,pottery barn style four pc  leather sofa set very stunning  never used,00W0W_4F4OYfrXujY,2450
brainerd,Antique Barn Stool,00Y0Y_8MLBH2dJTTU,25
brainerd,Office Desk Chair,00z0z_fA1bHfuR7Kc,25
brainerd,Gun Cabinet,01515_arGqIg2x02P,400
brainerd,Table/4 Chairs,00h0h_dMufhxOiX2q,350
brainerd,Leather Italia 7 Piece Living Room Set,00y0y_f21sn3e48ho,2300
brainerd,Oak Chairs,,50
brainerd,1 mile from SCSU   JUST Off  Hwy 10,00a0a_D1OxWoPkIe,
brainerd,Bernhardt Side Tables,00z0z_6rTFCBQFIkx,150
brainerd,Wicker chairs,00d0d_1Cu3QVGW9ml,60
brainerd,Vintage Furniture & Project Furniture,00z0z_1YfUc9hLlJ6,1
brainerd,**FREE BEDROOM SETS**,01616_4Q8CPv0uPTp,
brainerd,Bedroom Furniture,00d0d_gBDyBlhLTU4,349
brainerd,satin nickel sconces,01515_duwrwYL9nN4,35
brainerd,Farmhouse Rustic Table Wood Top White Legs,00m0m_750QrZiHoNP,120
brainerd,End tables,,10
brainerd,HUGE selection of furniture,00t0t_bDRndqCkHQT,
brainerd,Vintage Wood Box Chippy White Farmhouse,00R0R_3tMVnNS98px,120
brainerd,Wood and Metal Coffee Table Industrial Steampunk Vintage,00B0B_89JEr0xGEvx,225
brainerd,Farmhouse Sofa Table Entry Table Server Bar,00000_dmKcGi1IIdx,169
brainerd,"Farmhouse Tall Pine Wardrobe, Cabinet TV, Storage, Dresser, Pantry",01313_jZmFB3mxKDA,425
brainerd,Rustic Sofa Table Entry Table Server Bar Metal Wood,00E0E_kfKQJ84mopa,169
brainerd,"4 brand new 19""x19"" decorative pillows",00b0b_9U8sFfFx8YN,40
brainerd,4 piece Pottery Barn style leather sofa set was 7k 4staging home take,00W0W_4F4OYfrXujY,2450
brainerd,Table,00A0A_gFKqqCXmuWP,100
brainerd,Wicker Shelf,00R0R_bPSDwJrDagc,10
brainerd,Unique Bear Lamp,01515_gfwbymqpTS8,100
brainerd,Carpet Remnant,00E0E_dxHmyiW6ouo,25
brainerd,Cochrane Hutch,00G0G_aoPP0nlk3BF,75
brainerd,Pottery Barn Dining Room Table,00P0P_foHcXGqN6BW,250
brainerd,Oak Futon,00r0r_98GQBboTThz,250
brainerd,China Hutch,00m0m_fkXCFvhhY70,125
brainerd,Custom Entertainment Center,00P0P_3DosSNkbjOH,150
brainerd,TV Hutch,00F0F_7EeVTmkrhA7,75
brainerd,Pine End Table,01414_41v6NJtJZcy,30
brainerd,Oak Mission Style Side Table,00z0z_3dEoIAU2vHP,40
brainerd,Glass tabel,00q0q_g64iHEXRlad,75
brainerd,Computer desk,00S0S_33RvrhgAjLS,20
brainerd,Solid Oak Custom Made Cabinet with Lights,00L0L_jBP07DnnPvj,150
brainerd,Coffee table and two end tables,00U0U_3Bd5v2QmwUh,150
brainerd,Beautiful China Hutch Oak Cabinet,00G0G_39LOXeHFPRU,150
brainerd,"Dining table, 4 chairs and bench seat",00N0N_jD9R0vc3m2A,190
brainerd,Table and 2 chairs,00505_4hq8sLwKLn2,10
brainerd,Hall tree,00404_hxCpaIUTexz,80
brainerd,L Shaped Computer Desk,00G0G_iYHaYeuaYsx,40
brainerd,Antique Desk,00G0G_fN4dwiNwkJv,40
brainerd,Ashley Furniture  reclining couch and loveseat set,00303_8kDVlSDoY48,300
brainerd,Must see Pottery barn style 100% leather 4pc sofa set was7K never used,00W0W_4F4OYfrXujY,2450
brainerd,Twin/Double Bunk Bed,01111_kIpzuNpzJ2p,300
brainerd,Unique custom built Oak desk,00s0s_fA7tzGSrZZD,150
brainerd,Custom made kitchen table,00i0i_fit5sHuwGao,75
brainerd,Oak Entertainment center,00C0C_EffO6D769q,
brainerd,Love seat,,10
brainerd,Commecial corner shelf,01111_4vr9CZualhb,50
brainerd,Rustic Log Table,00S0S_66YJMEMLKXE,45
brainerd,King bedroom set,01616_2mrEuehFPwa,900
brainerd,2 metal filing file cabinets,00606_92gj7XvDw3u,40
brainerd,Small moveable granite kitchen island,00909_gR1b7UFfyF6,95
brainerd,Rolling granite kitchen island,01010_jm8j3fpfCFh,95
brainerd,Ethan Allen Chest of Drawers GREAT CONDITION,00J0J_cS8J13NH57L,45
brainerd,Dining Room Table with Lighted Hutch,00H0H_g0j7GigYdDJ,1750
brainerd,Computer Desk & Metal File Drawers,00f0f_1ubsfrtd8O6,
brainerd,2 Free Queen sized mattresses,00909_kXroji7z9YE,
brainerd,Black TV stand,,75
brainerd,Solid Maple High End Coffee Table,00o0o_aGciFYMbPiQ,95
brainerd,Loft Bed - Twin XL,00d0d_8TpUNapyrnK,250
brainerd,Schweiger sofa,01616_1eSpiAHl92,60
brainerd,Sleep Number,00F0F_hRpjFrNMVU1,1500
brainerd,Leather armchair,00q0q_dvOkPCQqOJZ,150
brainerd,Round pedestal table and 2 chairs,00T0T_lVkfLu5AwrT,300
brainerd,Antique Wooden Rocking Chair,00808_i6s8UIbVFLw,60
brainerd,King sized bed Sealy (used),00d0d_bDshSvctw6K,600
brainerd,DVD / Book shelf,00I0I_Vq9mrPxht,5
brainerd,"Table, chairs, corner bench set",00N0N_8ctlaMGJE9N,225
brainerd,TV stand,00q0q_9DMh9zWd9oc,25
brainerd,Loveseat,00B0B_hsnFTXqDRWT,35
brainerd,Make America Great again!!! FLAG THE FLEA!!!!,,999
brainerd,office chair,00B0B_2Sumuf4VHmH,100
brainerd,mirror,00D0D_2u4mOS9ZaZ4,12
brainerd,Sleeper Sofa(s) for free--just pick up,00K0K_6QAj0Ilh0Qr,
brainerd,Microwave Stand,00D0D_eWp5ddDxlDI,10
brainerd,Dining Table and Upholstered Slipper Chairs,00z0z_hkShcTuLooc,125
brainerd,table 6 chairs,,100
brainerd,Hand-Carved Wood Bench,00A0A_gJLWFA9aPKO,1400
brainerd,OLD 2 LEVEL END TABLE,,50
brainerd,Dark brown couch,00G0G_5clI28oLnZA,50
brainerd,Free Flat screen tv stand refurbish project?,00L0L_6J5mel4snf1,
brainerd,Loveseat,00t0t_Pv9tBdCvKz,150
brainerd,Steelcase Office Chair!,00s0s_gFInDocBoM4,65
brainerd,Twin bed and mattress,01717_f4dLW8t9Ssh,35
brainerd,KING BED FRAME,00r0r_hiytMqpeO1o,40
brainerd,Dining room table and 4 chairs,00k0k_2SVruz7OixN,125
brainerd,Sofa w/Ottoman,00E0E_2SGXvJjpfTS,125
brainerd,Mid Century Dresser set beautiful condition,01414_1KIgtMF0nHz,600
brainerd,Alder Distressed King Size Bed,00606_gN5olEichUW,375
brainerd,Bar with stools,00E0E_70atzZKxpnc,125
brainerd,Couch that folds out into a bed,00606_gQaab9A4WRk,175
brainerd,1920's table,00u0u_kpCTlR1aghy,40
brainerd,Wooden desk,00r0r_gN2eB1w4xrc,60
brainerd,Ashley Furniture set,00Q0Q_Ug1wTQT7SE,900
brainerd,Corner entertainment center,01616_fllOZqVppwp,100
brainerd,Queen/Full size complete Viking bedroom set,00H0H_bkm7XD9bgcW,275
brainerd,Log bed and dresser,00000_Td7L45Hvoz,1500
brainerd,Distressed chairs,00t0t_frImcBnnlRw,109
brainerd,Antique wood dresser,00n0n_3sFnmeAAWg1,75
brainerd,"Rocking Chair- Vintage, Hand Caned",00B0B_ePlLYEABRzk,50
brainerd,Headboard with beautiful fractal art work,00G0G_aJj3vC4xxw,
brainerd,Desk & File Cabinet,00606_3mdngurSWrF,15
brainerd,Bar /Counter stools,01717_jnu80K02dSw,50
brainerd,Bar /Counter stools,00T0T_5a0Je6l1Vgy,65
brainerd,desk and chair,01717_3PqeFL26SxW,35
brainerd,bench,00n0n_dCP0rnw8Euh,30
brainerd,POTTERY BARN STYLE FOUR PC  LEATHER SOFA SET VERY STUNNING  NEVER USED,00W0W_4F4OYfrXujY,2450
brainerd,Coffee table,01010_7WolOcRoRIG,20
brainerd,Comfy Lazy Boy,01212_gy8AC6Xp4ma,35
brainerd,Electric Hospital Bed,,150
brainerd,Pallet Wood Bench. Multi color,00808_1JmF0CnvSZm,
brainerd,King size bed frame,00N0N_9uyUKR7B941,400
brainerd,Pop up Trundle frame,00404_dvqjOElZ2VY,75
brainerd,"Large wall mirror 48"" x 30""",00j0j_5wPZeCICWQI,40
brainerd,TABLE - DROP LEAF,00M0M_keYvxMl4i59,30
brainerd,Couch/sofa,00G0G_jK5QcuovTxO,100
brainerd,CHAIRS - ladder back,00E0E_en2fVdF4Bip,15
brainerd,Desk,00V0V_xubEy7Mbe9,150
brainerd,"High-end Oak Entertainment Center, $1800 OBO",00q0q_gdvhKqZK3we,1800
brainerd,3 piece living room set,,50
brainerd,Cabniet,00X0X_1Ye2yCIM9Sd,40
brainerd,Wooden Night Stand,00B0B_cUCWo1ThGPd,60
brainerd,Ballard Designs Original Home Office File Cabinets and Desk,00H0H_lpzgXvYQkhW,175
brainerd,"Storage entry Bench, Leather seat, card table, 1 shelf cab., Table(s)",00V0V_8rnw0IC0ld5,
brainerd,NEW RV MATTRESS FOR YOUR RV OR HOME,00o0o_4gcYAHVmpxO,100
brainerd,"Bed, full size complete",00v0v_aM3N5JpgPQq,
brainerd,Great condition fire pit table!,00k0k_3sGFPwHPaqu,175
brainerd,Handcrafted Pine Kitchen Table/chairs,00303_cPUpJp0F9Kx,600
brainerd,"Coffee Table, Sofa Table & End Table",00101_9u1kf7Pku2K,200
brainerd,"Sofa, Sofa Sleeper & Chair",00a0a_7gj2LHdAAwJ,450
brainerd,Drexel Vintage Tall Mirror,00000_2XnVvHRh6uA,25
brainerd,Vintage Black Frame Mirror,00t0t_29jOQAx6dsU,25
brainerd,British Hand Built Custom Furniture.,00E0E_2tedsmeIDb,
brainerd,Very nice queen bed set,00n0n_d1aeaCF038N,300
brainerd,Dining Room Table and Chairs,01010_fBIuBGrl7gJ,275
brainerd,Solid Oak Entertainment Center,01111_9CHsK3FQgT,600
brainerd,full size mattress,01313_asEVFoCPT4l,20
brainerd,Oak changing table / dresser,,150
brainerd,Oak Entertainment center,00k0k_gWRicFOLjaq,250
brainerd,Sauder Palladia corner tv stand,00202_aVSPjrr8Tfh,200
brainerd,Twin mattress,00404_9tYSFzPKWE9,89
brainerd,King size bed frame,00w0w_fHi1CWCHwWs,500
brainerd,Antique mirror,01111_9tDAb2Y7o55,150
brainerd,Desk - two tier,00F0F_c2badw9lWEl,25
brainerd,Munchkin Protect 33-56 inch Extending Metal Tall and Wide Safety Gate,,10
brainerd,Heavy Duty Wood with Iron Casters Coffee Table,00I0I_fRFLrVdey9q,175
brainerd,Nightstand,00q0q_bQIb7MDo8Zg,60
brainerd,round oak table and 4 chairs,00F0F_4hnSasUSbKx,400
brainerd,Beautiful Couch,00E0E_lVDYiKfwDCn,50
brainerd,Pub Table,00M0M_gFmmvueJdey,425
brainerd,Vintage end table,,10
brainerd,Pallet Benches,,25
brainerd,China Hutch,01616_5obnt1oU5RT,225
brainerd,Fireplace,00909_bHa9iA8A8zC,125
brainerd,Hutch,00d0d_fdqWmY01Y54,150
brainerd,Beautiful Handmade Solid Wood Pine Headboard with Fractal Artwork,00t0t_5D4XFBK1bEs,
brainerd,"New Furniture in Warehouse  Overstocks, one of a kinds",00R0R_94YBl1fyZpx,
brainerd,Table and chairs,00909_23xrncvmBSU,150
brainerd,Kitchen Table & Four Chairs,00r0r_iairV0rFaJW,50
brainerd,Oak Book Shelves,00j0j_4bj1T7ipUIK,25
brainerd,Small Computer desk/Side table,00V0V_gnv4L9b9NlU,50
brainerd,Dining Table (antique),01717_4iFTzShESXW,25
brainerd,Dining room table and 6 chairs,,700
brainerd,Dining set,00707_cHBjicVbKW4,450
brainerd,Twin size wicker bedroom set,00Q0Q_7mNqxKHLhqX,100
brainerd,Leather Chair (Soft gold/biege),00r0r_lrJsf1RhCnZ,50
brainerd,Large couch,00C0C_9RElRbgNKIS,100
brainerd,Oak Double Pedestal Table,00X0X_2o1vmahHutu,45
brainerd,4 Bentwood Chairs,00O0O_cUQOgD3c7Fk,80
brainerd,4 Beautiful Counter Height Stools,00d0d_7YNTqnrYRLS,300
brainerd,recliner Couch great shape 7ft Ashley brand,00i0i_gRTTXPedOoS,350
brainerd,Floor Lamp,00Y0Y_c3B8lG6j609,20
brainerd,Dinning Table and Chairs,00W0W_g8dmJEpMK8Z,450
brainerd,Counter/ bar stools,00707_8uvpabeWuul,300
brainerd,Sturdy Wood/Formica top Desk,01515_ePdMKAoSy2h,25
brainerd,Sturdy Pine Bunkbeds,00I0I_5KIT3SfIo1q,200
brainerd,5 Piece Homecrest Patio Furniture Set,00Z0Z_3hkdusKDLys,200
brainerd,Swivel Chair - Price Drop,00s0s_eTQr5TTHRbB,25
brainerd,Queen sized log bed and nightstands,00y0y_lJqeJ7afOUn,990
brainerd,New log furniture-4 chairs and end table,00r0r_67HlrTnGxhi,750
brainerd,Log swing,00Z0Z_azD6EXKe9hG,499
brainerd,Full size Bed (frame),,65
brainerd,"Love seat, couch, table",00C0C_9ZSqbUNm68k,100
brainerd,USED CHEST OF DRAWERS,01717_8uDf1UvyMOS,30
brainerd,Dining room oak table and 4 padded chairs,,400
brainerd,reclining couch and chair,,675
brainerd,Couch and loveseat,00f0f_hYzU1OiXx1j,150
brainerd,Headboard and dresser,00Z0Z_jrUcLW1iJeH,500
brainerd,Table,00W0W_9zh2NhKuaQR,400
brainerd,Old Fashioned Telephone,00303_f3M1rTaXUzr,95
brainerd,Room Dividers,00Z0Z_aUzFWuMUZuq,50
brainerd,Pride Mobility Three Position Lift Chair,01010_bZpooVJGjSH,550
brainerd,Log bed- queen size. Just made,00Z0Z_6v9tgxK7cYT,500
brainerd,"Antique round claw foot, split pedistle kitchen table and chairs",00U0U_aGwEEohtJXj,150
brainerd,Futon Bed,00W0W_116XCAdIdoR,200
brainerd,UNIQUE MAIL?FILING DESK,00a0a_2EQ9IVWISHf,60
brainerd,GLIDER/ROCKER with OTTOMAN,00f0f_kfPAyc7bxYc,35
brainerd,WOOD DINING TABLE w/ 4 CHAIRS,00000_1Od628SuMdO,45
brainerd,COFFEE TABLE-NICE,00v0v_hAOM68Mt6UQ,45
brainerd,Black Desk,00m0m_4lofzjAaRZr,25
brainerd,Curio/Display Cabinet,00I0I_cNyZOYw2kpa,100
brainerd,Display Cabinet or Entertainment Center,00e0e_1RbrtmOMR9q,300
brainerd,Mid century chair,01515_cQCaZSk32gQ,40
brainerd,Vintage ikea chairs,,275
brainerd,CORNER METAL ETAGERE,00O0O_ayQx4oD0XT9,15
brainerd,Beautiful entertainment center,00W0W_MQhql5sH6G,475
brainerd,Grandfather clock,,700
brainerd,Table and 6 chairs,00m0m_1fopkV1KuUw,100
brainerd,DUAL RECLINER LOVESEAT/ WITH CUPHOILDERS,01414_2p0LYBkecTk,
brainerd,Antique loveseat and Cedar Log Bed,00C0C_bc2VBrL1DcP,125
brainerd,Love seat,00d0d_fUf4228ZZ3a,100
brainerd,"Bed, Log Bunkbeds & Queen & King",00e0e_iUHM5K62Xlo,350
brainerd,"Kincaid large, rectangular mirror in Antique White",,50
brainerd,Convertible crib/toddler bed,00P0P_9qzCHawGk8I,150
brainerd,Queen Bedroom set,00303_7OJEhpJLIc,975
brainerd,Dining room table set,00X0X_2v541t4y9DM,950
brainerd,Corner chair $50,00t0t_hOs7TrQoLQP,
brainerd,Furniture,,100
brainerd,Vintage oak dresser with mirror,00W0W_f74tQIUjrWn,275
brainerd,cat house/pole,00202_itwkfVkjLtI,45
brainerd,Bunk beds Oak includes lots of extras,00505_fGUj31S4j8n,749
brainerd,Twin bed set up,00L0L_lmsZVabjBxy,600
brainerd,Queen Size Poster Bed Cherry,00b0b_eTsec8pH78P,500
brainerd,Reupholstered recliner,00909_4446BYQp5Zb,15
brainerd,Blue and white love seat,00C0C_9cFeAduK1D8,15
brainerd,Corner table with tuck under twin beds,00w0w_7U8Kdesy1Yv,15
brainerd,Task Chair for Computer Desk,00w0w_Q8QHVgUmKp,10
brainerd,Sofa,00o0o_f5BAGlOvru5,500
brainerd,Intex high rise Queen Air Bed Almost New plus Topper,00R0R_6a3BHnmcBJ0,75
brainerd,Church pews,00c0c_1IuUm6zq9D9,250
brainerd,4' Glass Round Table w/ 4 Chairs,00808_jr7O5j5JP3B,175
brainerd,Granite tops,00a0a_gatNgNzvejW,2500
brainerd,Kitchen cabinets w/ganete tops,00909_3h8WrXoHjg8,2500
brainerd,Queen Headboard,00g0g_7nQhEzvbLyp,25
brainerd,Antique 3 drawer dresser w/mirror,00j0j_1D3RjKG6d2P,125
brainerd,Wardrobe,00p0p_ctCZ8PhcN5l,600
brainerd,Graco baby swing,00B0B_1DAJfjAXFva,50
brainerd,Locker Style Furniture,00T0T_a4nEI5UIP71,
brainerd,Cedar log beds- handmade,00X0X_e5ilDpi1ujr,
brainerd,LIFT CHAIR SMALL,,
brainerd,Broyhill chairs,00p0p_apPgoaCgQZJ,250
brainerd,Office Desks,00909_4BB6ejs9fYv,30
brainerd,Craft - Boardgame - Hobby - TV Cabinet,01717_dTaZKMNour7,75
brainerd,Metal table with 3 chairs black,00l0l_kPsShCk2fr6,125
brainerd,Sofa and Chair,00R0R_bunQqtljM3t,250
brainerd,Pier 1 Import Armoire and end table/nightstand,00S0S_3DyCr5U5I9Y,350
brainerd,Fun Pier 1 Import Chair,00X0X_gFmb6LfTZMQ,100
brainerd,Custom Made Hickory Cabinet,00v0v_4Wi0cGXt6QR,400
brainerd,HD large table,00M0M_1C1XPPKygh0,
brainerd,desk and gift wrap desk with hutch,00w0w_ljOAn94qmSW,550
brainerd,Black night stands and decorative mirrow,,30
brainerd,Microwave Stand,,30
brainerd,Kitchen table and chairs,00J0J_96ySo5RwuCz,500
brainerd,Sofa / Couch,00909_6bTtf3gnobn,70
brainerd,kitchen table,00Z0Z_dvnvU5z4BwU,30
brainerd,Furniture,00K0K_bNEJIblbZhZ,100
brainerd,Antique Dresser,00C0C_kAIqhdZ8jDT,50
brainerd,Solid Oak desk with overhead book shelf,00I0I_60heO93cFck,500
brainerd,Ethan Allen China Hutch,00808_3xY8LgHPWKw,265
brainerd,Gorgeous Beauty Shop Styling Set,00V0V_jK4oh5FQc9y,2700
brainerd,Pub table with 4 chairs like new,00O0O_fvgMnwCEkjE,285
brainerd,Lane Vintage Cedarchest,00k0k_80bBjq7pyC2,175
brainerd,Large cabinet,00E0E_2QPuNbUucfP,65
brainerd,Pottery Barn Distressed Coffee Table,00R0R_2WsGcYT5E9e,50
brainerd,Curio cabinet,00303_8s48LQqyo7L,150
brainerd,Glider with foot stool,00K0K_kUO8jyI5zBi,30
brainerd,Wrought Iron Bed,01717_1ORaXn8RV1Y,100
brainerd,"credenza , solid wood mahogany , like new",00j0j_ljDQXlH1fjV,150
brainerd,Home made cedar bench,00z0z_gf6nx1DBZMw,100
brainerd,Antique Drop Leaf Table & Chairs,00x0x_6U9VWkfstdp,95
brainerd,Full size bed,,50
brainerd,Bedroom Dresser Set,00000_dEQS0GCMQIu,300
brainerd,Hanging light fixture,00f0f_jqcCPN7alfZ,15
brainerd,Rocking Chair,00E0E_tbnauy6bhy,60
brainerd,Charming sturdy wicker love seat,01111_5ZMR0lw5HUL,50
brainerd,New - Hampton Bay Patio Furniture Cushions - Qty. 6 sets,00w0w_9BZgb50ANCV,60
brainerd,King sized log bed frame,00U0U_9IyXzOnrxVQ,550
brainerd,"Three beautiful 41"" bar stools",00t0t_5zbvsAmPYyq,95
brainerd,Coffee table,01010_amVAhRhq8td,30
brainerd,New Stainless Steel Outdoor Kitchen Cabinetry Danver-Brown Jordan,00s0s_fQKBITqO99O,4500
brainerd,Chrome Table and Chair Set,00C0C_jnXYW6ZBtTu,700
brainerd,Curio -- Marble top,00000_4IldMoKBpUf,225
brainerd,ANTIQUE CHAIR,00M0M_6bdbNMS5rqC,15
brainerd,misc for sale,00T0T_lx3n8w2fg5u,
brainerd,Entertainment Center,00C0C_77sr2qq8Eqb,100
brainerd,Sofa and Matching chair for sale,00A0A_gXYbkz6CJdc,150
brainerd,Variety of high quality furniture and rig,01111_74vUM6Af8MC,150200
brainerd,log bed with metal and night stand,00d0d_9RR5pi5UW9J,450
brainerd,willow birch love seat,00v0v_5UnWFlykoIt,500
brainerd,Log armoir,00D0D_86rfLHdTiAM,175
brainerd,Child's Vanity or Desk,00101_3OgoZMUrmSB,199
brainerd,Coffee Table/ Cedar Chest,00U0U_1xvtwk3EVab,169
brainerd,Entry table/ Sofa Table,00808_d4Rjaan7t6F,189
brainerd,TV/ Entertainment center,00e0e_aNBytjixQRs,75
brainerd,Tan Dual Reclining Chair,00404_cCzEEjNwBLN,200
brainerd,Beautiful New Leather Chairs,00808_9Zx6Qp6zB39,1000
brainerd,Rustic Log Chair-High Quality/Oversized,01616_geA85LUHrrG,249
brainerd,Unique vintage boat coffee table,00V0V_cM06DbeygSP,375
brainerd,Unique large mirror,00V0V_6BrliR417rt,150
