corpuschristi,Home decor,00606_c6nGLYllrbM,
corpuschristi,Drexel Heritage Tan Vintage Leather Tufted Chesterfield Sofa Couch,00u0u_5klBiQiHpP2,100
corpuschristi,Black Wood Media console,01111_b6OT84LAABA,225
corpuschristi,Throw Pillows,00E0E_6hUMdVqWedQ,25
corpuschristi,Sleigh full size bed,01313_iy0eI09uWs5,
corpuschristi,Drawer carts,00S0S_eLn5LX13pnt,20
corpuschristi,Drawer carts,00R0R_k2tvAidNCZh,20
corpuschristi,Dark queen Headboard and bed frame,01717_4BFh2uOmNdf,
corpuschristi,Recliner,00m0m_kpLpdG6YJyq,15
corpuschristi,"Desk with drawers, reversible.",01111_9hO3QzJfO2G,75
corpuschristi,Floral couch,00o0o_mALettgOS6,100
corpuschristi,Floral love seat,00e0e_Z8kRfalPaZ,100
corpuschristi,Maple end table,00M0M_lrVdF7evVAs,50
corpuschristi,Maple coffee table,00J0J_kTs4aPf1dHu,50
corpuschristi,Tv/dvd player stand w/storage-hand made,00L0L_2a3TFelowVk,85
corpuschristi,Vintage Maple China Hutch,00Q0Q_8VpIkAKSWpw,450
corpuschristi,60x36 Glass Tabletop,00v0v_a7PbjExYfZ0,85
corpuschristi,Couch,00p0p_4D0ZW3ML2M4,50
corpuschristi,SOFA 3 CUSHION EXCELLENT QUALITY,00z0z_9H7LdJ5MCiC,300
corpuschristi,Handcrafted Oak Hall Tree,00W0W_4FrBST0glwh,150
corpuschristi,Glass Tabletop,00p0p_6PR4yOTmKPg,50
corpuschristi,Power speaker,00X0X_9ETFB8s92DC,175
corpuschristi,Teal mirror,00u0u_8dE67nasESy,20
corpuschristi,Shelves,00g0g_iJy53Ai2Fc5,20
corpuschristi,Solid wood table,00Y0Y_ckjKKppBdBP,25
corpuschristi,Drexel table with drawer,00404_bxqax2fIc1Q,50
corpuschristi,Patio table and chairs,00J0J_dWUvpfcqQDc,50
corpuschristi,Tv stand,00V0V_fmnpViscNK7,50
corpuschristi,Table and chairs,00y0y_30zSl5ERqdc,250
corpuschristi,Side table,00P0P_hjQN1AbFUZx,65
corpuschristi,Bar stools and day bed,00a0a_fNXkANS2Fxw,
corpuschristi,Dog bench,00O0O_bSnohOrhrPL,10
corpuschristi,Dresser,00u0u_33DYKGelbyK,30
corpuschristi,Full size mirror,00B0B_jDeU1iTheK8,5
corpuschristi,"Modern and sleek TV stand, Antique solid wood folding chair",00P0P_4KwF7kceRoI,
corpuschristi,Queen size bed frames and  center support,00D0D_1oV0DzJsxET,
corpuschristi,Misc furnishings,00Q0Q_fHUw7tpDQ03,55
corpuschristi,8 in Queen Gel memory foam Mattress and highrise bed frame brand new,,645
corpuschristi,Misc. Furniture,00I0I_flnkMFxGWgN,55
corpuschristi,King Size Voila Mattress,00o0o_ec4ahHgjvu,350
corpuschristi,Beautiful sofa,00l0l_li0CdnSL93k,150
corpuschristi,FURNITURE DELIVERED >>>,,1
corpuschristi,Leather chair and ottoman for sale,00000_bPgo5O3YXqy,150
corpuschristi,Kids Bedroom Set,00h0h_k73sWcPrrX5,325
corpuschristi,Cast iron patio set,00G0G_2unHioqCTmT,100
corpuschristi,Artificial Plant,01717_4py6bxhsHct,
corpuschristi,Sofa & Love Seat,00404_lVvXasaKbeq,
corpuschristi,Furniture feet,00I0I_kpGsLRC81Ks,20
corpuschristi,Sectional with Storage Ottoman / $ 0 Down Financing,00z0z_l0zz09MfC1U,749
corpuschristi,2 glass showcases w lights,00404_hGhu2RgjRxW,
corpuschristi,soda set,,275
corpuschristi,5 dining chairs,00J0J_kwuWMX7TntM,60
corpuschristi,"Mirror, table and frames",00303_4LIllbTpMt7,150
corpuschristi,8 in Queen Gel memory foam Mattress and highrise bed frame brand new,,645
corpuschristi,Queen mattress only year old!w/ headboard!,00808_alzWvtXpU73,250
corpuschristi,Wood Desk and Lazy-Boy Office Chair,01010_bPPcraBsH5Y,50
corpuschristi,Full size Dark cherry Headboard and frame,00Q0Q_1hauiSzqa4J,
corpuschristi,Futon,00L0L_lXOhw5SUQM8,30
corpuschristi,Cubicles,00T0T_ktDs2rAPNF8,350
corpuschristi,"Like new TV Stand, Solid wood antique folding chair",00P0P_4KwF7kceRoI,
corpuschristi,3 Piece Sectional,00D0D_hlZIViSwSbh,75
corpuschristi,Dining Table with 6 Chairs,00000_k9OoJYrxlHP,150
corpuschristi,Desk Chair,00o0o_jRnO5a66gJd,20
corpuschristi,Desk,00D0D_6AgGZQSqLxm,30
corpuschristi,8 in Queen Gel memory foam Mattress and highrise bed frame brand new,00B0B_1NQWWZaVW5J,645
corpuschristi,Two chairs by Falcon Product,00O0O_4NEv49PFCgv,40
corpuschristi,Cindy Crawford Home Bellingham Cardinal Sleeper,00p0p_32QXJSWVcwC,150
corpuschristi,Table,00b0b_4OMRNtRbYYB,20
corpuschristi,Wood Dining Table,00y0y_8EXR41dogmb,50
corpuschristi,CINDY CRAWFORD HOME BELLINGHAM SOFA,01010_10pqBC1joqM,100
corpuschristi,Office chair,00x0x_4hLrcbATlRG,40
corpuschristi,Coffee table,00W0W_9v6dl6hqr7d,10
corpuschristi,Chair,00f0f_4iM1Qj8Bydo,450
corpuschristi,Office furniture Lot of 10 Storage File Cabinets wardrobes,00b0b_hj3nVyYZD8N,1000
corpuschristi,Accent chair,01313_6axj92futK9,50
corpuschristi,Set of 4 modern chairs,00b0b_ddtJrmmYRFM,100
corpuschristi,Glass table,00f0f_lP9pJThJXtd,300
corpuschristi,"76""wide king bed frame and center surpport",00j0j_dxbiB50vY9U,
corpuschristi,Metal king headboard and bed frame,00c0c_jUxFVY5Wj4u,
corpuschristi,Sofa table  /flat screen tv stand cherry wood,00z0z_hj69WSoTSpV,
corpuschristi,Small Desk 48 x 24 x 28,01616_2UD8gfMrOLC,40
corpuschristi,Steel Mesh Outdoor Porch Bench,01111_eNnkIf5q2fS,60
corpuschristi,MAKE OFFER 4 Very Good All WOOD Rolling Office Den Chairs,00Z0Z_cRoEPGImYXC,125
corpuschristi,Cubicles with glass tops,00R0R_kEYiz7zMAdR,
corpuschristi,Coffee table or TV stand on wheels,00404_hZNTk9TxqJD,55
corpuschristi,solid wood dining table,00V0V_8DZQ0vNpEpd,200
corpuschristi,Buffet,00V0V_fxPUVp3Ipun,225
corpuschristi,Showcase/ display case,,
corpuschristi,Hammond XK-1 with hard shell case,00G0G_3fyMGbINITD,850
corpuschristi,Seven Seas accent,00000_5xEVvJ60syw,175
corpuschristi,Full Italian leather sofa,01616_hHuTQG9KGzT,750
corpuschristi,Italian leather sofa & Seven seas accent table,00000_5xEVvJ60syw,925
corpuschristi,Full size loft bed with desk,00D0D_lnpRPRyFQxR,300
corpuschristi,RECORD SHELVES,00u0u_fqcqkjA008b,100
corpuschristi,End table wood,00d0d_icJmJCuqTYi,50
corpuschristi,Accent Chair.,00A0A_20SLcc6jD7P,149
corpuschristi,High Quality Rattan Entertainment Large Piece,00w0w_kNFerYnCbGi,650
corpuschristi,Swivel Bar Stool,00P0P_btfzUsd55IK,125
corpuschristi,Bakers rack,00H0H_5RJpaIq0v0p,50
corpuschristi,VINTAGE DREXEL DISPLAY/CHINA CABINET,00u0u_g2UfeZqBDa2,650
corpuschristi,bed frame and headboard,00K0K_jiU2qcoFha2,150
corpuschristi,No box spring require twin bed,00K0K_eWm9iA50mod,
corpuschristi,Solid dark cherry  wood sofa table,00z0z_hj69WSoTSpV,
corpuschristi,Platform Queen Bed Frame .,00y0y_dclbFiW21e3,125
corpuschristi,90 gallon salt water tank,,800
corpuschristi,Left over garage sale items,00s0s_8Izbvt4Z7M0,50
corpuschristi,(2) Rocker Recliner $250 Each - OR Both $425 - LIKE NEW!,00x0x_480HIei6A4P,425
corpuschristi,Cherry wood color queen Headboard and frame,00L0L_a0ApmOzPKmm,
corpuschristi,Cherry wood Full size Headboard  and frame,00Q0Q_1hauiSzqa4J,
corpuschristi,Queen  size bed frame,00w0w_jiWUrvReGLl,
corpuschristi,All wood twin bed and metal bed frame,00J0J_3lCc0wJbtYn,
corpuschristi,2 matching Cot's for camping,00R0R_5ZDpqJG0JhQ,
corpuschristi,8 in Queen Gel memory foam Mattress and highrise bed frame brand new,00B0B_1NQWWZaVW5J,645
corpuschristi,Leather sleeper sofa and loveseat,00T0T_1TY43oAsy22,200
corpuschristi,Beautiful Blue and White Storage Chest Bench,00f0f_5z0bh7d1sW5,150
corpuschristi,Wooden desk,00C0C_bF49bRVMprG,75
corpuschristi,Desk with file cabinets 4 full size file drawers,00h0h_8hVJG2S5W8f,200
corpuschristi,Carpet remnant rug,00X0X_1gHG3Hc7zDM,17
corpuschristi,58x82 french carriage interior insulated door (sound barrier),,200
corpuschristi,Area Rug,00t0t_2INzAfTzBqj,10
corpuschristi,Area Rug cut from Carpet remnant,00909_2t095BFBtF4,17
corpuschristi,LIVING ROOM DECOR 6 pieces,00p0p_K9RqD26BhF,55
corpuschristi,Rustic Wood Plant Stand,00n0n_kSxnrdkSJDf,11
corpuschristi,Black Standing  Jewelry Armoire with Mirrors,00f0f_48xPHO1OHVV,33
corpuschristi,Tall Kitchen Table & 4 chairs - Solid Wood w/ table leaf,00g0g_7UQ15xt9Lr7,175
corpuschristi,LEATHER OFFICE DESK CHAIR,00o0o_ikkNqorzyod,100
corpuschristi,2 Lamps,00V0V_aDRxIVAj2oV,120
corpuschristi,China cabinet,01616_flsCJQbkgbU,200
corpuschristi,shabby chic all wood 5 drawer Chest,00C0C_kY0neXJqjXq,130
corpuschristi,Mirror,00z0z_hM0s9vZItBA,20
corpuschristi,FrigidaiRe & G.E.Ac unit,00o0o_1iYtArwVuuy,75
corpuschristi,"Modern TV Stand, Antique solid wood folding chair",00P0P_4KwF7kceRoI,
corpuschristi,King size headboard and night stands,00m0m_kAjkkURfoju,350
corpuschristi,Wood dresser and armoire,,
corpuschristi,RUSTIC ESPRESSO AND VINTAGE TEAL SIDE TABLE,01717_13CHSza70vk,50
corpuschristi,Rectangular wood table,01717_4a6M5559edh,45
corpuschristi,Antique twin size headboard/footboard,00R0R_8BoY8I4BHoP,65
corpuschristi,Kids multipurpose shelf,00404_55Xr7jOTM6h,20
corpuschristi,Bear claw round table,00U0U_kqcUG7USlHY,65
corpuschristi,2 drawer filing cabinet,00a0a_yMrAAgTmJH,40
corpuschristi,8 in Queen Gel memory foam Mattress and highrise bed frame brand new,00B0B_1NQWWZaVW5J,645
corpuschristi,Mirage Magnum Inverter Mini Splits,00o0o_d3fJhK1Y9Wb,650
corpuschristi,Round marble top side table,00f0f_7b4y3TDb1t5,30
corpuschristi,Flat screen tv stand with 2 drawer,00h0h_fJ9z9T8t4FG,
corpuschristi,King  size  headboard and frame,00909_b19soOcIbAx,
corpuschristi,Twin size bed no box spring require,00J0J_3lCc0wJbtYn,
corpuschristi,Gorgeous Antique sewing machine,01313_dBr3007WxUn,200
corpuschristi,Beautiful Antique vanity/desk,00O0O_aBrUOy9DwXA,200
corpuschristi,Biege Wash Dresser,01515_lXX75MSmlWI,140
corpuschristi,King Sz Headboard,00i0i_9ZzxVPAy7Jr,75
corpuschristi,dining room table,00D0D_kRjp66CtJLF,200
corpuschristi,Wood Barstools (3),00Z0Z_9VSsUMYI8UF,130
corpuschristi,"Sleek TV Stand,Antique solid wood folding chair",00P0P_4KwF7kceRoI,10
corpuschristi,Bombay Company Jewelry chest,00f0f_3Bk9HNG14KK,200
corpuschristi,Bombay Company Lingerie Chest,00P0P_6J8jutORNdS,250
corpuschristi,"COUCH, RECLINER, CHAISE LOUNGE,BED",00q0q_5rex2GmsCgH,350
corpuschristi,Reclining sofa and love seat & tv stand,00g0g_kWuryUx0KKw,600
corpuschristi,Entertainment Center,,450
corpuschristi,Fire place with stereo & record player,00n0n_1c4mjnqJkQc,300
corpuschristi,Moving sale!,00101_dSII2A4rLfE,30
corpuschristi,TV stand like new / nice,00808_7e09A10ir7k,150
corpuschristi,Table with 4 chairs like new/ with table sleeve/ 2 extra chairs,00Y0Y_8gf8eznp7tM,400
corpuschristi,Grey Sectional with Storage Ottoman,00z0z_l0zz09MfC1U,749
corpuschristi,Sofa and Loveseat On Sale.,00r0r_8R8XWIZMXxI,749
corpuschristi,spring futon mattress an frame,00B0B_68N5Bvg3dgu,140
corpuschristi,Dresser 6 Drawer,00J0J_5peaiUq1MIl,100
corpuschristi,Bookcase,00Z0Z_1RXTaBuUHnN,20
corpuschristi,Six piece table set.,00w0w_52PaiD4J1sB,115
corpuschristi,Bunk beds with desk,00F0F_bI3NuxNdTgi,50
corpuschristi,Twin Headboard & Nightstand-PIER 1,00m0m_8VhQqoWhxX7,125
corpuschristi,Queen Headboard and metal frame,00L0L_a0ApmOzPKmm,
corpuschristi,Sidebaord/Console/Buffet,01212_P8W6n65Nyq,750
corpuschristi,Chest of Drawers,00q0q_eFQBLDiBoPZ,550
corpuschristi,Buffet,00d0d_374knWJNztE,250
corpuschristi,French Provincial Dresser,00o0o_2IUk5foRnxE,625
corpuschristi,French Provincial Nightstands,00O0O_cBADHbMAyfm,350
corpuschristi,Dresser,00G0G_59qHZkYWLse,625
corpuschristi,Nightstands,01515_h23BsBokvSp,350
corpuschristi,Chest of Drawers,00s0s_aHXdWcAe9B8,550
corpuschristi,8 in Queen Gel memory foam Mattress and highrise bed frame brand new,00B0B_1NQWWZaVW5J,645
corpuschristi,vanity,00t0t_f1cYMx1m5ym,250
corpuschristi,Biege sectional,00Z0Z_lroCcINnqSd,200
corpuschristi,Biege sectional,00G0G_50uzdxhKjNk,200
corpuschristi,Good condition Computer desk,00606_gdKuI6P18QA,60
corpuschristi,Couch,00f0f_1pDQ4tKchMx,125
corpuschristi,8 in Queen Gel memory foam Mattress and highrise bed frame brand new,00B0B_1NQWWZaVW5J,645
corpuschristi,Vanity wash sink,00n0n_b7iv0jJnAs5,346
corpuschristi,Vintage secretary desk,00404_baajziHDImg,269
corpuschristi,Couches,01414_9aYFfSqnrg,200
corpuschristi,Bakers rack,00L0L_9N2bfBrfvPl,30
corpuschristi,Wine cabinet,00q0q_46IYPi7CBlS,50
corpuschristi,King mattress,00P0P_dw0zDutAcru,100
corpuschristi,Professional Desk,01616_8Mz4JrpFtVa,120
corpuschristi,childs chairs-plastic,00000_5wn92yYEeOQ,10
corpuschristi,In good  condition solid wood Daybed and Trundle,00y0y_dIMoqO5agGS,
corpuschristi,Plush ottoman,00X0X_aNm6k69Y88k,125
corpuschristi,"Dining Table 6 chairs - Oak, Red Oak, Walnut",00A0A_9IDD9t3JTl3,300
corpuschristi,Ethan Allen Twin Bedroom Set,01212_lVdMUudINKM,300
corpuschristi,Tv stand with swivel mount,00g0g_713Uclnzj8T,90
corpuschristi,Relocating to Michigan House full of furniture six months old all for,00n0n_kvn7gqoVnzN,4000
corpuschristi,"""Lone Star"" King Size Bed for Sale",00D0D_3QTkwxu43mK,600
corpuschristi,Dining Table and Chairs for Sale,00l0l_fmknrDgWULb,300
corpuschristi,Suede Sofa for Sale,00C0C_dJTFscax35Y,400
corpuschristi,Entertainment center,00W0W_L5uuHxIi3Z,100
corpuschristi,Coffee Table,00606_dIFUlMGJie6,50
corpuschristi,Curio cabinet,00m0m_3l5stxdPR4v,125
corpuschristi,8 in Queen Gel memory foam Mattress and highrise bed frame brand new,,645
corpuschristi,Furniture,00O0O_hkjWhttJtSh,50
corpuschristi,AREA RUGS,00X0X_1IXa6Q04KII,
corpuschristi,Levolor Blinds,00i0i_47Go0vCyuq0,20
corpuschristi,Bedroom dresser,00606_7XSXXEBv4af,100
corpuschristi,HARMON KARDEN SPEAKERS,00E0E_6OMAfGtzQ5b,35
corpuschristi,Sofa Recliner by Stratolounger,00k0k_79Jjuz2XnPO,160
corpuschristi,Entertainment Center,00T0T_g0bF3JkIqat,35
corpuschristi,"!!!! EXECUTIVE WOOD DESK, LARGE, with Keys !!!",00N0N_7NvcIxfazIg,200
corpuschristi,8 in Queen Gel memory foam Mattress and highrise bed frame brand new,00B0B_1NQWWZaVW5J,645
corpuschristi,POLYWOOD,01111_58Ia9oqWcfK,
corpuschristi,Rocker Recliner,00L0L_4trw9Nbwzc2,100
corpuschristi,Standard size king bed frame,00B0B_84nJCjj9heJ,
corpuschristi,Trundle and solid wood Daybed,01717_8t40WgrCOrN,
corpuschristi,TABLE AND 4 STOOLS,00C0C_9fkbHsFkxTD,175
corpuschristi,Barstools SET of 4   REDUCED !!,00f0f_ipeUDxqtiul,45
corpuschristi,Armoire,00i0i_5FCGTvdtcHM,350
corpuschristi,Buffett,00505_iuM4SZOvK4Q,250
corpuschristi,Jewelry Armoire - WOOD,00l0l_d0Rs4BjjZwx,55
corpuschristi,Solid wood entertainment center,01313_2DXJfpyfoFh,60
corpuschristi,Wood chair,01111_jK6E2JpQJ0l,15
corpuschristi,Wooden twin bed,00y0y_lFbXxkRIBVO,90
corpuschristi,Small tv entermeint,00I0I_aCDuh4QWGtV,30
corpuschristi,Table lamps,,40
corpuschristi,Queen Metal frame,,30
corpuschristi,Rustic Entertaiment,00505_a49xSvaRVJW,100
corpuschristi,Antique liquor Bar Cabinet,01717_hEEZCYd0Bc,475
corpuschristi,Small table  and Chairs,00X0X_gwL0cWAV9um,50
corpuschristi,Chest 2 Drawer  2 Shelves,01616_mzNuxMu8li,100
corpuschristi,Vanity table and mirror frame,00r0r_kpPYK2pZabG,20
corpuschristi,Sofa,00d0d_gvoWYVebDxN,200
corpuschristi,"Tempur Pedic Contour Elite Mattress and Foundation For Sale, $1000 OBO",00U0U_izQCbkryBs7,1000
corpuschristi,Full Box Spring - Low Profile.  Bed too high????,,40
corpuschristi,Large dining room table,01111_6q5PzRTZmAz,440
corpuschristi,Chaise Lounge,00w0w_eV803GDyBuT,80
corpuschristi,Large White Sofa,00v0v_jHcsqOOQtg0,150
corpuschristi,1of a Kind Wood furniture.,00C0C_aKu2bxFD8qB,100
corpuschristi,Human Touch Massaging Recliner with Preset & Manual Programs,00N0N_dnqbcZah8XO,375
corpuschristi,King size bed,00E0E_jHMbTEQEH6X,100
corpuschristi,Heavy duty queen bed frame,,
corpuschristi,"50% Off Sale, Saturday",00L0L_kpfhX7ct0Vh,
corpuschristi,Black Bamboo Side Chair,00g0g_h6gmEk1f95X,45
corpuschristi,Granite table/chairs,00404_8plG5tuw9S3,150
corpuschristi,Armoire,00C0C_8WEVTfyOjq4,875
corpuschristi,Dresser chest,00F0F_9WL51gFQrMR,250
corpuschristi,Dresser Chest. SOLD.....,00j0j_hhz1oHETU7o,180
corpuschristi,Buffet,00303_cyzzAEhLaoC,380
corpuschristi,Antique liquor Bar Cabinet,01717_hEEZCYd0Bc,475
corpuschristi,faux leather sofa,00W0W_edNB54LgnoN,200
corpuschristi,Antigue dressing table,00Z0Z_4YbzMSn1jJY,285
corpuschristi,Dinning Table,00202_5GJIc69QGOJ,500
corpuschristi,Coffee Table/Lift,00T0T_7Q4bXbwdDc,250
corpuschristi,Super Comfy Chair,00B0B_kksdvO7PNbF,300
corpuschristi,Pair of Recliners,00v0v_gZ9xAxtWpcu,300
corpuschristi,Bakers Rack,00J0J_gUUpZYeGWAl,75
corpuschristi,Standard Size Model Herman Miller Eames Lounge Chair & Ottoman,00y0y_16xp59vuHkp,1004
corpuschristi,L Shaped Office Desk w/Hutch,00000_2YmfDOavFiW,800
corpuschristi,Couch and Loveseat,00V0V_g8Iv3LdEEV4,200
corpuschristi,Korean Embroidered Screen Divider,00f0f_7vzhjMAo83F,150
corpuschristi,Rocker/glider and ottoman,00F0F_gM7SCxyUwJj,400
corpuschristi,China cabinet,00f0f_iLfxk8xyqeW,150
corpuschristi,Couch,00Y0Y_xxvah9oeyn,300
corpuschristi,Bunk beds,00k0k_38R6IHDmyYw,100
corpuschristi,Chest of drawers,00r0r_7VmofAxzQei,100
corpuschristi,Dinning table Duncan Phyfe,00o0o_f6eb4zL00Q3,115
corpuschristi,Dresser mirror,00V0V_hEfPB5mWSTi,75
corpuschristi,wood and wicker chairs,00X0X_50qwCDQpjrt,30
corpuschristi,Miscellaneous items,00404_fdTeQVjVX8u,
corpuschristi,queen size bed,00G0G_lXACIEdePGt,80
corpuschristi,Small sofa and small table,00o0o_1TRphfCFAFl,50
corpuschristi,FURNITURE DELIVERED >>>,,1
corpuschristi,Angel Picture,00M0M_33nj3uqqXGz,20
corpuschristi,Michael Parkes Framed Art Wall Pictures,00303_hnW8WHm2yQQ,20
corpuschristi,"New Lazyboy Rocker, Recliner, Swivel Chair",01111_fasVQUvtHmk,450
corpuschristi,Antique Dining Table,00B0B_gmlOqqx3g8,500
corpuschristi,Furniture ðŸ¡ sale,,1
corpuschristi,Comfortable Chairs and Ottoman,00d0d_eGMGsWZGsfC,140
corpuschristi,Coffee Table with 2 Matching End tables,00W0W_foF4nO3gm9Z,200
corpuschristi,Furniture for Sale,00V0V_2R9I7dCwxHS,
corpuschristi,DRESSER & CHEST OF DRAWERS,,125
corpuschristi,QUEEN MATTRESS & BOX,,100
corpuschristi,Bookcase for sale,00m0m_1BlkQBJAg5s,75
corpuschristi,Rocking/Reclining Loveseat,00g0g_74bRgDg9wd3,125
corpuschristi,Futon!,00K0K_gCce2Hc5YG8,75
corpuschristi,Lane mid-century modern side table,00d0d_hmscoP04Sc0,50
corpuschristi,Handcrafted Mesquite Furniture/Accessories,00000_hGMwa80aT65,25
corpuschristi,Day bed frame twin,00Y0Y_lsFozWd6OWR,60
corpuschristi,"Plastic shelf, stool, Dog crates",00L0L_8P6DRk9bwsl,20
corpuschristi,VINTAGE 4 Post DarkCherry Bed Set,00g0g_h0FA4sd9eVt,550
corpuschristi,INDUSTRIAL LOTS NEXT TO NAS,,87000
corpuschristi,Ikea arm chair,00L0L_crvzkgah7dQ,75
corpuschristi,"50% Off Sale, Saturday",00w0w_bfmvlYVEJJw,
corpuschristi,Shower,00u0u_8kW7VkJxSiD,1
corpuschristi,Outdoor furniture,00h0h_1eUSdLw0snm,150
corpuschristi,Stuffed animal zoo,00x0x_8aEEyAPp5gg,40
corpuschristi,Couch and loveseat sleepers,00u0u_jjteVD6QqRi,900
corpuschristi,Ethan Allen dining room table,01010_aqcmwRwcHk0,225
corpuschristi,Chairs,00b0b_1QV1dixHhrb,50
corpuschristi,Furniture Delivery available,01414_jm6fhJ7DnCn,1
corpuschristi,Leather recliner,00C0C_fNjvIiFC0XU,75
corpuschristi,Fire proof File Cabinet,00d0d_asqWRIrkAek,
corpuschristi,Display Stand,00E0E_jFoIUX68onO,30
corpuschristi,Xtra long twin box spring,00m0m_dhEgYIH903G,40
corpuschristi,CHINA CABINET & MATCHING SHELF,00S0S_lYm2cIT0ZMS,125
corpuschristi,King Size Mattress & Boxspring,,150
corpuschristi,Day Bed,00808_6UhofXcNM2x,10
corpuschristi,Side Table,00n0n_eQVeWW449nW,15
corpuschristi,Rolling Chairs,01616_iM92nA8KAwV,15
corpuschristi,Shelf,00K0K_6b2a3scEh2o,20
corpuschristi,File Cabinet,00h0h_5dX8OAAWXz8,15
corpuschristi,3-Shelf Cart,00j0j_2SSAuWIkig2,15
corpuschristi,Rodea 9 Drawer Chest,00J0J_1bvJxo68vUm,600
corpuschristi,Hurricane Special on Murphy Beds..,00n0n_4x4e8JX8HfY,1699
corpuschristi,Hurricane Special on Murphy Beds... Only at $1699,00000_fO9u5IT2VmX,
corpuschristi,Night stand needs to be gone today!,00u0u_gJ1a3jcxTxH,10
corpuschristi,SET OF COUCHES!,01111_i1GbA6EK94t,250
corpuschristi,2 Rocker Recliners,00D0D_jpC1WefYoEp,200
corpuschristi,Rustic dining table,00S0S_ja8dS01gZCv,599
corpuschristi,Full size bed needs to be gone by today,00707_kt0lAulDtDx,30
corpuschristi,Hand painted house Lamps,00Q0Q_cJYNCHUFCA1,25
corpuschristi,Hooker Furniture Coffee and End Tables,00d0d_2EizCO6s5ut,2000
corpuschristi,Solid wood desk,00M0M_44S0tdnEFxp,150
corpuschristi,Cherrywood bedroom furniture,00O0O_zk4PUDPmPX,300
corpuschristi,Sofa,00R0R_gHlmnaTZCP2,125
corpuschristi,Red Sea Max 250,00P0P_iXtI7zSbRfb,375
corpuschristi,Queen bedroom set black,00M0M_5Owd0j981LW,750
corpuschristi,Chest of Drawers,00W0W_7WEdFtQAy78,75
corpuschristi,Swivel chair,00303_HDr4tagYxw,45
corpuschristi,Swivel rocker,00V0V_aqRLsUWHUc0,45
corpuschristi,Computer desk,01717_4N0UtHn8vzG,75
corpuschristi,Coffee table (2 ea),00Z0Z_7coWkeCQuGB,250
corpuschristi,Sofa,00K0K_bGnne7GRXbo,175
corpuschristi,Hide-a-bed sofa,00M0M_jNKSMlukYkn,200
corpuschristi,Couch and Loveseat,00d0d_jIJUTSxPgkD,175
corpuschristi,4J'S Delivery Services,00000_6rWb6yjj555,1
corpuschristi,Vintage White Fine Furniture,00p0p_3ueoSQYZOJ6,
corpuschristi,2--Pretty--Chairs,00c0c_lgcsGJJQdqv,30
corpuschristi,Vintage Metal Shelf,00y0y_heFFvonNdRj,8
corpuschristi,Furniture Delivery available,01414_jm6fhJ7DnCn,1
corpuschristi,Loveaseat & chair,01010_lOosotZalwr,450
corpuschristi,Furniture Moving help available,00F0F_5DbBR0gViDY,1
corpuschristi,Leather recliner sofa,,600
corpuschristi,*Bar light*,00707_nN83KNmQ5I,125
corpuschristi,Curio cabinet,00d0d_7AKc98MUED0,400
corpuschristi,Farmstyle wooden coffee table,00C0C_cMBoiqRtv99,75
corpuschristi,Farmstyle wooden corner desk,00i0i_59f54RGxy2c,65
corpuschristi,Farmstyle turquoise kitchen table,00U0U_1n5n0sRwba2,65
corpuschristi,"50"" wide TV stand",00w0w_70e4MMv5N1P,100
corpuschristi,Moving sale kitchen stuffs,00404_1isLZaZj1GZ,5
corpuschristi,Moving sale,00Y0Y_4Fg5OHp9wEQ,5
corpuschristi,Furniture Delivery available,01414_jm6fhJ7DnCn,1
corpuschristi,QUEEN AND TWIN BUNK BEDS PURE WOOD FRAME ONLY,00Z0Z_an4uSc6nizf,250
corpuschristi,Bedroom cabinet with large storage,00y0y_lNrNskIwRNE,225
corpuschristi,2 WOOD DRAWER WITH MIRROR,01414_9VlwqvV20ez,500
corpuschristi,2 FILING CABINETS MADE OUT OF LUXURY NOTHING BUT WOOD,00c0c_hwmv6dDqdTL,300
corpuschristi,THE CIRCUIT STEP,00m0m_gLm3D2zVCMK,40
corpuschristi,"Beautiful 13' long curtain valance incl curtains, rails and mounting",00B0B_39ZGCbA9Vgg,75
corpuschristi,Entertainment center,00909_cASIR84s4o7,80
corpuschristi,King size bed frame- Ethan Allen solid wood,00O0O_k8moYgfvv3A,225
corpuschristi,New Queen Size Air mattress and Twin,00r0r_5kuLVrqauUo,25
corpuschristi,Entertainment Center,00808_eaqQlWTDw0J,120
corpuschristi,Round to oval expanding dining table and 4 Chairs,00L0L_ffcXAT9hLxT,600
corpuschristi,"""FREE"" 2 Leather Couches - ""FREE"" - PAY YOU!",00R0R_1UraAZgbH4u,
corpuschristi,Broyhill Brand Solid Wood 5 Piece Bedroom Set,00o0o_1OnmEYxXrjQ,2500
corpuschristi,Chaise Longue Chair,00q0q_6ikEUH2au9H,85
corpuschristi,^^^DVD RACK^^^,00000_ki0YHBZxxYc,20
corpuschristi,Beautiful Swivel/Glider - REDUCED,01616_agQn0A9g6US,1
corpuschristi,Antique bed - REDUCED,00Z0Z_5YVAAbkpTBQ,1
corpuschristi,Queen Size Pillow Top Mattress Set,01313_bDC7RBxtxbP,650
corpuschristi,Brand new Extra Firm Queen mattress set,00a0a_klfNWrMYLbt,1000
corpuschristi,Beauty Queen Pillow top set! - Brand new,01010_6RqGXpnUOmt,500
corpuschristi,Memory foam at a bargain!,01111_kxwBQCLgIcI,700
corpuschristi,Luxury Pillow Top for sale!,01515_bcBFttuQ39M,1000
corpuschristi,Majestic EXTRA firm queen mattress set,00e0e_js7XsAyxHvt,1000
corpuschristi,"Brand new 8"" memory foam set",01111_kxwBQCLgIcI,700
corpuschristi,Brand new Euro top queen set,00z0z_iLkoeCxRK5H,500
corpuschristi,Brand new Euro top queen set,00n0n_fO1MKArQV6I,485
corpuschristi,Hybrid Queen Mattress and Box spring set. Discounted 50% off,00W0W_bzELCFP1Xq9,800
corpuschristi,**New** Queen size super pillow top,01515_bcBFttuQ39M,1000
corpuschristi,Still in Plastic! Mattress Set,,150
corpuschristi,CQ Queen Foam Mattress for sale!!!,00y0y_lrnhIGk88El,300
corpuschristi,Still in Plastic! Mattress Set,00U0U_iEO4OcSgX60,150
corpuschristi,Queen Foam Mattress for sale!!!,00y0y_lrnhIGk88El,325
corpuschristi,Queen euro top mattress set for 150 Brand new,00E0E_ajPKMTjZn0C,150
corpuschristi,Queen Pillow top! New! In the plastic! W/ warranty!,01010_6RqGXpnUOmt,550
corpuschristi,CQ Queen Foam Mattress for sale!!!,01111_bbuzf0D0lof,325
corpuschristi,Majestic EXTRA firm full mattress set,00e0e_js7XsAyxHvt,900
corpuschristi,Memory foam at a bargain!,01111_kxwBQCLgIcI,700
corpuschristi,Still in Plastic! Mattress Set,00e0e_js7XsAyxHvt,150
corpuschristi,Beautiful cherry wood electric fireplace media/console/tv table,00J0J_5HKKO6ppEV,250
corpuschristi,Pier 1 Imports wicker chairs,00505_VN5bivIuLo,150
corpuschristi,Hutch,00a0a_i4ZEVpnATJk,50
corpuschristi,Stunning Large Solid Wood Dresser with Mirror,00E0E_i6LGPbHFeXs,
corpuschristi,Mid-Century Modern Dresser (must see),00U0U_1TUgcronji2,
corpuschristi,Entertainment center,00o0o_fhrXjuWFJgS,90
corpuschristi,"Dog crate, plant stand, bookshelf",00k0k_f8t2z3EtTE4,60
corpuschristi,Marble Dining Room Table $650obo,00X0X_23obHCGwGYZ,650
corpuschristi,Dark brown sectional couch and chair $700 obo,01111_iYiT5BRGi6G,700
corpuschristi,Two dark brown leather swivel bar stools,00404_18dhnaHhRa4,75
corpuschristi,Dining from table 4 chairs,00Q0Q_gAtasqYu8d,250
corpuschristi,Dining Table w/Leaf and 6 Chairs,00Q0Q_6Ab4XuaebQ9,350
corpuschristi,"File cabinets for sale $45-$250 ea, multiple sizes including fireproof",00o0o_3xs6L8MLzvl,
corpuschristi,Octagonal side til solid wood,00s0s_b9CW7qPLl7U,25
corpuschristi,Chest of draws,00i0i_fn6WP4ITKWr,35
corpuschristi,Nightstand for bedroom--all wood!,00c0c_ecrQHmjD5WA,65
corpuschristi,File cabinets,00a0a_ebuY871Z5Yc,50
corpuschristi,Red Leather Couches,01010_fCLyTqyXZHk,600
corpuschristi,Phoebe Sofa Ethan Allen Luxurious living room sofa's,00l0l_6DknA9XtUzX,800
corpuschristi,Long dresser,00303_hHk8qjydoBt,100
corpuschristi,Living room sectional,00202_3suY9WkbPSi,159
corpuschristi,Twin bed desk combo,00U0U_6uP1eFUvpwA,125
corpuschristi,Computer desk cute,00Q0Q_hWDaBgYB9ec,30
corpuschristi,American Drew Armoire $100,00t0t_dNTdWwbPrYD,100
corpuschristi,Solid Wood Mirror with Unique Corners,00W0W_k16XyDWUdNX,65
corpuschristi,TV Stand- Glass and Metal,00V0V_iEmPa3nRxk5,25
corpuschristi,Tech Craft TV Stand  $70,00303_bJoVT6916FT,70
corpuschristi,Loveseat,00x0x_iSmutrRFnq9,90
corpuschristi,New Queen Size Air Mattress and Twin,00r0r_5kuLVrqauUo,25
corpuschristi,Entertainment Center,00C0C_dfZyOSQbl1p,300
corpuschristi,Entertainment Cart on Wheels,00q0q_8IoHSnsmZS2,15
corpuschristi,Solid Oak Fire Place,00R0R_3hl9wOTKwwl,300
corpuschristi,Solid Oak Desk,00d0d_a9Yq8SUP4gZ,300
corpuschristi,Ottoman blue and white pin stripes,00P0P_2jYj52bis0D,35
corpuschristi,6 drawer dresser with mirror,00K0K_nPpjCRedqV,50
corpuschristi,Gray and White Vintage 2 Tier Turned Leg Table,00B0B_hsHG3MtIgDT,65
corpuschristi,Wine rack,00I0I_dRle6hGKebW,425
corpuschristi,Oak Computer desk,00606_lHe042Ll2xk,50
corpuschristi,King Size Modern Bedroom Set,00L0L_1qlEnB1Y0Qn,799
corpuschristi,Looking for Large Brown Leather Couch?,00j0j_htUgt3ThL1D,200
corpuschristi,Chair and ottoman,00p0p_5GIY81IZ3WI,150
corpuschristi,Burgandy Leather Couch & Love seat w/marble tables,00000_htFKB6jM8L6,899
corpuschristi,EVERYTHING MUST GO!!!!,00I0I_9iOuQy7g5B6,1
corpuschristi,Faux wood blinds,00J0J_4YpuoIXlDj7,15
corpuschristi,Electric Full Body Zero Gravity Shiatsu Massage Chair Recliner,00606_kqwoQzAGWbV,100
corpuschristi,Couch and loveseat,00D0D_hIHRzmzH5tm,350
corpuschristi,Leather Ottoman with storage,00w0w_krD2b7fVRL,100
corpuschristi,Two end tables,00U0U_gwOuKan6Bm9,75
corpuschristi,FINE RUSTIC FURNISHINGS,00b0b_aNbBK57S4OA,1
corpuschristi,Black desk,00F0F_j46EPJvDulK,50
corpuschristi,Entertainment center/ wall unit,00101_la4BrphCpKh,125
corpuschristi,Girl bed with trundle,00p0p_2qQtTEB9ddd,300
corpuschristi,Great pair of paintings,00W0W_bwng030lW0S,20
corpuschristi,Gorgeous one of a kind wicker basket,00K0K_cuz2bGZnae6,45
corpuschristi,"Everything Has To Go By Tuesday Oct, 31 2017",00J0J_aWXxlBH10Hs,300
corpuschristi,Beautiful Ethan Allen Sofa!,00H0H_i0skata5k0w,750
corpuschristi,mid century 1940s all wood 6 drawer buffet or dresser,01212_bigJzPvlHve,225
corpuschristi,"Wine Cellar, Tables, Mirrors for Sale",01313_bhqIpFq0LDk,
corpuschristi,Queen Size Mattress & Box TEMPUR-Pedic,01414_lVqZi3OXdek,600
corpuschristi,folding massage bed with headrest and bag,00C0C_7GSTwwCdQMW,50
corpuschristi,Kids wrought iron bench,00m0m_b4PsjrYKEtB,35
corpuschristi,nightstands,00F0F_4UcjFV8VRWN,125
corpuschristi,dresser,00z0z_e4ipFdv005S,125
corpuschristi,table,01212_1QhUaYXA6RC,100
corpuschristi,Chair,00v0v_Er8U2FkghR,50
corpuschristi,2 desks,01212_k9FbbH8mQ0B,
corpuschristi,Teak Wooden Dining Room Table,00505_7XAajyCi9KH,500
corpuschristi,Antique China Cabinet,00b0b_aRxQZ890itS,200
corpuschristi,Full Size Mattress set with frame,00x0x_2J2Otu99UH1,200
corpuschristi,Queen mattress set,00y0y_2x96Vc5ZG4h,275
corpuschristi,Formal livingroom,00O0O_5p0akcg8dgn,800
corpuschristi,Folding tables,00H0H_cL3yHt5lSbU,200
corpuschristi,Sofa and love seat,00B0B_afl9hVW9BwS,250
corpuschristi,LG Garage Sale with tables,,
corpuschristi,Furniture,00u0u_38DSYNpzwfp,
corpuschristi,Couch/ futon,00A0A_5taqcd5uy6n,65
corpuschristi,Couch,00L0L_fW77lsjjMmm,225
corpuschristi,Top grain leather couch and love seat,00p0p_I0P2kChIcu,1200
corpuschristi,Cozzia Zero Gravity Shiatsu Massage Chair,00q0q_kBgWrhYNrRG,250
corpuschristi,Queen Sleigh bed & nightstands,00h0h_9ya21esO1lW,250
corpuschristi,Brown sectional couch,01515_9VwP05XglVP,
corpuschristi,Coffee table,00A0A_guiVMKyYGb4,50
corpuschristi,Bookshelf,00l0l_dscrnKE8sUm,120
corpuschristi,"3 feet high black freg. ,,very nice /OBO",00505_7UYkENzuZn8,75
corpuschristi,TV Stand,00404_hCF4tPb0Bt6,45
corpuschristi,REDUCED PRICE! QUEEN SLEEPER SOFA - BED USED 1 TIME,00P0P_1dV17xUL54J,50
corpuschristi,Metal chairs,00f0f_gjelEsCeoeD,40
corpuschristi,King Size Bed Mattress by IntelliBED,00p0p_gRgvoyc9Xer,1500
corpuschristi,Oak Chairs really Beautiful (8),00w0w_a4g0d6UyBlM,99
corpuschristi,"Chairs, Ottoman, matching Pillows",00A0A_6V9SnpRKJMG,295
corpuschristi,Solid Wood Table,00h0h_7DbMXaDUrNf,76
corpuschristi,Lamps,00303_cpsiGdWkRbl,20
corpuschristi,Brass Kettle with reeds,00X0X_5EO0QkS87F6,25
corpuschristi,Nice Vintage Armoire **SALE**,00y0y_8XGw1RJ8VXo,150
corpuschristi,Restaurant tables & benches,00U0U_dN4521FGjIy,350
corpuschristi,"Furniture & Much, Much More",00x0x_eUGaG6b35Wu,
corpuschristi,small stand,00m0m_9MKiiAEhVLO,13
corpuschristi,Full size head board,00x0x_yq1GRrAdhf,80
corpuschristi,Beautiful Tropical White Bedroom Sleigh set / Queen,00m0m_a96dNw1artk,999
corpuschristi,queen size casper mattress like new,00b0b_8alRutQMjUC,400
corpuschristi,antique desk,01111_kzO9dbJ5fXg,130
corpuschristi,wicker childrens chair,00F0F_aZbKVlXeHLT,15
corpuschristi,antique childs chair,00k0k_iK4p1YtrhOn,15
corpuschristi,small coffee table,00g0g_7aA2AbEQWrH,8
corpuschristi,Beautiful hand crafted sideboard,00k0k_eFMqlP5NmTR,500
corpuschristi,Kitchenette table with chairs,00L0L_iQ40ILOq3mx,300
corpuschristi,Linen sofa with nail heads,00C0C_2vHXH0TbMjU,400
corpuschristi,"""L"" Shaped Office Desk",00O0O_5DZDCybWMWI,175
corpuschristi,Large White Board       (SOLD),00W0W_5KXgythyt1C,
corpuschristi,Granite Double Sink Countertop - Make Offer,00L0L_6J02zBYYhjK,75
corpuschristi,Coffee table,01616_iIS4v92Pgvz,450
corpuschristi,Small couch,00o0o_1TRphfCFAFl,35
corpuschristi,FURNITURE DELIVERED >>>,,1
corpuschristi,Tv Armoire,00j0j_8FiCW2j4X1P,225
corpuschristi,Boys futon/bunk bed & dresser,00000_8TXJjsMul1S,500
corpuschristi,"Home Theater Seating, Screen & Projector",00i0i_ijsLg1w1G6p,7000
corpuschristi,Boys futon/bunk bed & dresser,00o0o_7ljWReoPwwW,500
corpuschristi,Girls twin bed,00b0b_is54wVSGfVK,350
corpuschristi,Vintage Broyhill Emphasis dresser set,,1500
corpuschristi,Vintage 1960s Broyhill Emphasis dresser set,,
corpuschristi,Spanish style desk,,1200
corpuschristi,Vintage Broyhill Emphasis dresser set,,1000
corpuschristi,Lamps for sale-25$ each,00Y0Y_45EEi73hcpR,20
corpuschristi,New area rug,00c0c_9xowURX50JM,125
corpuschristi,Complete 7pc. Harrison Outdoor Dining Set,00Z0Z_6MTorJojwvc,500
corpuschristi,China Cabinet/ Buffet and Hutch,00p0p_8d7cnT5mE4M,350
corpuschristi,King size bed,00Y0Y_3YrCLtx1cz0,125
corpuschristi,White Wicker Bedroom Furniture w/ Desk,00s0s_b7XmLxg3VAU,600
corpuschristi,Gray sofa and loveseat,00j0j_hig2F6rrsDX,500
corpuschristi,Full mattress,,20
corpuschristi,Living room set,00e0e_31YQlQJthgS,250
corpuschristi,Late 80's beer signs and lights,00f0f_52cbwnAeYET,370
corpuschristi,60-70's Sligh Emperor Grandfather clock with moon dial,00404_byEysa4vOg1,2500
corpuschristi,2 matching glass cabinets,,15
corpuschristi,Dining set- Corpus Christi South.,00T0T_6B2h4jEpF7X,199
corpuschristi,Wood kitchen table & chairs OBO,00F0F_8XlnbU8YUOA,195
corpuschristi,Mattresses,00m0m_awPr9ZSH0NQ,100
corpuschristi,Pallet wood bed,00E0E_aUJsIhoPRMn,100
corpuschristi,Full Sized Bed,00000_fuf1eSK0Ohh,75
corpuschristi,6ft table,00n0n_3v2j377u0Rj,55
corpuschristi,Reception Desk,00c0c_2LxfeVReOnN,200
corpuschristi,HEADBOARD/FOOTBOARD,,100
corpuschristi,HEADBOARD/FOOTBOARD,,100
corpuschristi,Queen size bed and Tall boy!,00q0q_jlUld54sn6Y,250
corpuschristi,Country Accent Hutch-styled Cabinet,00000_gROUaLMGjtv,125
corpuschristi,Entertainment Center/Wall Unit-OAK,00y0y_iOGuoN05cQY,175
corpuschristi,Haunted Filing Cabinet,,400
corpuschristi,Brand new espresso bed with mattress and box spring,,499
corpuschristi,Love seat recliner,01414_hWiV3TExLkz,150
corpuschristi,Desk with drawer,00o0o_cA5zBet2thi,120
corpuschristi,"Full size bed, mattress not included",00D0D_2QcYTNR9OXZ,200
corpuschristi,Restaurant Tables,00Q0Q_dx83NmnFf26,15
corpuschristi,Electrolux Epic 6500 SR  w attachments,00g0g_5FdiAYOFRGQ,250
corpuschristi,Rocking chair,00O0O_daQXCG7wrhh,85
corpuschristi,Dinning table,00x0x_fXv59Q11Vzz,500
corpuschristi,Custom Built All Wood Adirondak Double Chair,00c0c_jPYBaX07pzb,249
corpuschristi,Serta/Coleman/Embark Air mattresses - Twin/Queen,00A0A_jJx0sOX1Vt2,1
corpuschristi,2 shelfs for sale cheap,01313_kZVlpj0Fta9,20
corpuschristi,Dinning set 5 chairs all oak wood,00G0G_iXltNKbOUMD,125
corpuschristi,"Glove Chair, Ottoman & Dresser",00e0e_i66jWlPNuds,200
corpuschristi,Dinner Table,00X0X_ha05Un5dMB2,40
corpuschristi,IKEA Desk/ Table,00m0m_k3lRmbv2PI7,150
corpuschristi,Electric Stove,00202_iYg6xeaOEIf,100
corpuschristi,Table with 4 chairs,00Z0Z_4h3SCbZlJ6G,160
corpuschristi,Table and Bar Stools,00707_byYi7ViV6vG,275
corpuschristi,Floral Queen Anne Sofa,00Q0Q_j8D0f9U6lQZ,70
corpuschristi,King size bed with mattress set,00000_fyrecpFI8ua,499
corpuschristi,Queen size wood sleigh bed with mattress set,00P0P_416M04vfd75,399
corpuschristi,King size bed with mattress,00B0B_gbNFCZLz5kK,425
corpuschristi,Couches,01111_92XntBOGx8I,500
corpuschristi,Table and chairs,00c0c_k6nSNfprBZR,155
corpuschristi,HON 2 drawer file cabinet,01515_1dNcjIQjNFI,35
corpuschristi,Massage Table,00U0U_kwv9yHPjse9,400
corpuschristi,Bathroom sink,00H0H_eo2gb0F5QKz,30
corpuschristi,Queen headboard,00d0d_8ygaDLyGM9E,75
corpuschristi,Side tables,00L0L_iJMTjSj8wYv,95
corpuschristi,Sectional Sofa and Ottoman,00v0v_buThJGJ39dE,450
corpuschristi,Couch&Chair $675 or Just Couch $400,00c0c_iKjGQ6DLdBA,
corpuschristi,Cafe chairs,00k0k_c3zvB9mqrIs,60
corpuschristi,Cafe chairs,00909_aQQRpM4aDx7,60
corpuschristi,Wedding Chandeliers,00z0z_52dBvjI6wCc,1
corpuschristi,Bar stools,00l0l_aNBp5YqPh3z,30
corpuschristi,Wooden Coffee Table,00U0U_7fdw2Z8ny5H,15
corpuschristi,Roll top desk,00a0a_duKNZxMxNLe,300
corpuschristi,Mid Century Industrial bookcase with glass doors,00707_7jGPcybPzkH,350
corpuschristi,bedroom set,00E0E_VAwyIobOm1,600
corpuschristi,**JACUZZI GARDEN BATHTUB**,00000_k4k9Sl4LUC2,500
corpuschristi,2 pc sofa & love seat,00R0R_5rmIqlG5HiU,1
corpuschristi,Love Seat,00u0u_c4kkfBuAmWi,50
corpuschristi,"Queen size bed, frame, mattress",00J0J_etdtnoLduY9,400
corpuschristi,Daybed,01313_g03yJAYylnT,125
corpuschristi,NEW - home office desk (L-Shaped),01414_4tvAnbA7AoY,200
corpuschristi,Samsung stainless steal 5 burner electric,00m0m_k3nTs17qxJG,
corpuschristi,Water dispenser,00O0O_6jk9q0VVBpv,40
corpuschristi,Table,00s0s_ceWocRlb0Nr,150
corpuschristi,Lazy Boy recliner,,170
corpuschristi,Dresser ( Dixie furniture),00h0h_grlfKooe8yB,230
corpuschristi,Refurbished furniture,00v0v_fqKd1kMGbjx,230
corpuschristi,Desk student,00C0C_jAebLS1nLCt,40
corpuschristi,Berkline massage chair,00H0H_gr5ZQMSeSoC,2000
corpuschristi,Couch / love seat / sofa,01616_dEb3mh97DGj,300
corpuschristi,tiki bar,00w0w_e6PcgwG4I1y,400
corpuschristi,Love Seats,00T0T_ieVSHFaeeu2,75
corpuschristi,Bedroom set,00404_9LG5YGv6X0p,850
corpuschristi,Sturdy hutch,00m0m_8sqQYayXsEa,200
corpuschristi,TV Stand with built in fireplace and refrigerator,00m0m_ga2kEPIgV5U,300
corpuschristi,Cindy Crawford couch ottoman and chair,00w0w_cZvX7y6GaCE,600
corpuschristi,Solid wood dresser,00P0P_hbTipR9f6xl,270
corpuschristi,Dillards Dinning Room Table,01414_d83J7u4LqfL,500
corpuschristi,Solid oak armoire,00u0u_2SlTTWK1iVy,200
corpuschristi,Entertainment center for television and stereo,00T0T_eCAsgA9JKNd,750
corpuschristi,"Couch, table w/ chairs, retro chairs",00f0f_6tE63tGk6vC,350
corpuschristi,Tempurpedic Queen (Mattress Only),00b0b_5jEihTr6tO2,500
corpuschristi,Couch set,01414_1I6IeJfbu1w,80
corpuschristi,Moving,01111_fktSWZaXZtU,1
corpuschristi,chairs $10.00 each,00E0E_iJEfHDcGjqo,10
corpuschristi,TV/bookcase unit,00J0J_h2LyOjSECTO,575
corpuschristi,Couch,00G0G_hNd3P0PCfpp,200
corpuschristi,large storage cabinet,00e0e_lfbFwlOaxCg,50
corpuschristi,POTTERY BARN METAL LANTERN STYLE FLOOR LAMP,00J0J_iB4g10otdOn,150
corpuschristi,HT-3010 HUMAN TOUCH ROBOTIC MASSAGE CHAIR,00Y0Y_82Vuwzxn4in,350
corpuschristi,Human Touch Massaging Recliner with Preset & Manual Programs,00Y0Y_82Vuwzxn4in,350
corpuschristi,"Loft bed - Solid Wood, very good condition",01515_bfeyZYknxJS,125
corpuschristi,Cothic style table and chairs,00f0f_3wayaAlog0Q,150
corpuschristi,Bamboo desk,00p0p_brtGWMCWBX6,50
corpuschristi,Buffet/wine Rack hutch,00V0V_4opMN9hfhU6,145
corpuschristi,Buffet/wine Rack hutch,00V0V_4opMN9hfhU6,145
corpuschristi,NEW Custom Built Porch Swing,00A0A_cwmA2gdqQ8d,125
corpuschristi,Dining Table set,00K0K_6uGTqaLGKgQ,140
corpuschristi,Tv stand,00V0V_gJAP0bGPC35,35
corpuschristi,Stand,01212_iaL1zKeUyR1,25
corpuschristi,Chaise lounger,00000_a2370emRh9v,75
corpuschristi,Couch,00v0v_6IYdgYR49p8,150
corpuschristi,Chair,00404_ewTm2tHUbrv,15
corpuschristi,Queen Bed Frame,00q0q_mvISZI8ERZ,75
corpuschristi,entertainment center,00L0L_c4FoKH8571l,900
corpuschristi,3 large mirrors,00B0B_eo1ObKkNaim,25
corpuschristi,Bench,00t0t_bnmMowaI4yf,200
corpuschristi,antique armoire,00q0q_57QdtzVC7xi,300
corpuschristi,LOOKING  FOR  A  BACKERS  RACK,,1
corpuschristi,ANTIQUE CHAIR and other furniture,00Y0Y_9Tqip9ibsjI,300
corpuschristi,Ivory Suede Sofa,00b0b_2NP7XBdgihu,250
corpuschristi,Entertainment Center,00F0F_1MOaMZxYEjH,1400
corpuschristi,Solid Round Oak Table,00K0K_dom7ppIJxds,50
corpuschristi,Misc. furniture,00t0t_5ehVIU3oBam,75
corpuschristi,dining table,00n0n_aEOxVkXQRfj,120
corpuschristi,Laminate cabinet storage shelves,00p0p_hYBbkuGJqYU,55
corpuschristi,Daybed,00K0K_e2P1o1vabBh,125
corpuschristi,Area rug,00f0f_2QhffKTdhBm,65
corpuschristi,Chocolate ottoman,00a0a_9RJebOuBUIA,115
corpuschristi,Study desk,01717_iQsaNy7ZGwr,30
corpuschristi,Wine/ book holder,01313_acrPTFwVGBr,
corpuschristi,"Two lamps, $75. & $150.",00Y0Y_3b6roLLUieu,75
corpuschristi,Coffee Table & End Table Set,00V0V_iUZegNUp3Oh,100
corpuschristi,TV Shelf / Book Shelf,00u0u_aFQM5KnPYxL,45
corpuschristi,Twin Cherry Wood Bed and Mattress,00E0E_in1izVjm8Eo,185
corpuschristi,Swing patio chairs,00z0z_6MlUGGOCIbE,20
corpuschristi,Antique Table/Chairs,00q0q_kjIQkAh2rBz,200
corpuschristi,Coffee/End Tables Both,00L0L_ae6h5t2CjYr,175
corpuschristi,Dining room table and 6 chairs,00202_5xNhqF3iz0g,550
corpuschristi,King Size Luxury Bedroom Set - Thomasville Kent Park,00H0H_hirKDEO3q00,3900
corpuschristi,IKEA EKTORP Loveseat (2-person sofa),00g0g_i9t0wWC1IIr,250
corpuschristi,Toddler bed &  twin bed frame,01010_o1h61zWrmO,
corpuschristi,OFFICE FURNITURE - All Must Go!,00I0I_kSwSY8Q5XUR,
corpuschristi,chest of drawers,00r0r_gT1CVZGgs9K,40
corpuschristi,Beauty Shop equipment,00v0v_tsauKjc0M4,150
corpuschristi,Sofa/recliner and love seat set,00I0I_94Wwhfr68RC,600
corpuschristi,tv entertainment,00n0n_ckd5L37bLfF,50
corpuschristi,french doors accent table n chairs,00I0I_cRB1imoCM5h,
corpuschristi,INTERIOR DOORS 36 X 80,01515_cIaNv3IQfl2,50
corpuschristi,Stained Glass Billiards Lamp,,300
corpuschristi,FOOTBALL TIME!! Sectional Sofa Brown Relax Good Condition,00K0K_hjp869XzItT,200
corpuschristi,Entertainment center,01010_jm1ebkRIlji,150
corpuschristi,Howard Miller grandfather click,00i0i_5DMR1SWe4e3,1900
corpuschristi,"office chairs, entertainment center, tommy lift ,misc",00707_dYukmBzyaIH,1
corpuschristi,***Like New***Beige Sofa,00n0n_d4L5s9MUazW,250
corpuschristi,Sofa set,01111_6V3pikmMwoe,150
corpuschristi,Satin nickel hanging light,,25
corpuschristi,Marble entry table with mirror,00V0V_cjQuUTlWGHi,250
corpuschristi,Ambella Bathroom Vanity,00909_7NDCqFMZQf0,800
corpuschristi,Bar stools,01616_lBBwCdvjxO4,30
corpuschristi,Office Chairs,00U0U_x4Dx4eAvyU,25
corpuschristi,Dining table for up to 8,01616_7rFK8lOIryS,25
corpuschristi,Dining room set,01616_jF3f3DxYBd9,200
corpuschristi,Twin Bed with Desk in Excellent Condition,00T0T_9oP9aP5s29l,300
corpuschristi,Small antique table set,00R0R_dtDJfFpC9mh,100
corpuschristi,Fast & Safe DELIVERY!!,,1
corpuschristi,Fast & Safe DELIVERY!!,,1
corpuschristi,Fast & Safe DELIVERY!!,,1
corpuschristi,5pc ent.,00C0C_iX1JXGh56u,1498
corpuschristi,Furniture great prices,00n0n_2G6sqLTDp03,1298
corpuschristi,Dinning table,,498
corpuschristi,Sectional,00q0q_loM06zOBvAv,1198
corpuschristi,Chair,01616_lGDhjAx1xz1,279
corpuschristi,Sofa sleeper and chair...1 week old,00202_a4ypBn3U572,1175
corpuschristi,Sofa & Love Seat,00A0A_3JCQOqbmWJt,350
corpuschristi,Dining table & 4 chairs,00p0p_euzS3D5VKsF,280
corpuschristi,Queen euro top mattress set for 150 Brand new,00E0E_ajPKMTjZn0C,150
corpuschristi,Brand new cool gel memory foam queen set,00404_dCSeyYrPVGQ,1050
corpuschristi,Entertainment center,00r0r_5WfAH0ig3D,125
corpuschristi,Mahogany Wall Unit,00606_eIV5cmep70v,600
corpuschristi,Kitchen Table,00M0M_icpxB2Zkfg3,250
corpuschristi,Large TV Cabinet,00505_7xZeRnBMgDP,100
corpuschristi,Wood Table,00s0s_l0u8iiDNqa1,40
corpuschristi,"Church Pews, Blue Padded, Imperial Woodworks,",01010_lttV4irAG6B,
corpuschristi,Memory foam mattress box spring,00Q0Q_2tb5XtOqN7V,300
corpuschristi,Twin box springs,,75
corpuschristi,Big Recliner Chair,00a0a_2zavUOxL5UB,50
corpuschristi,Living Room Set can be 2 pieces or 3,00n0n_iGtPyxljKlP,750
corpuschristi,Custom Farmhouse Furniture,00p0p_13F7OEpC4im,1
corpuschristi,solid oak armoire,00L0L_a0pu2gkqO9T,200
corpuschristi,Sleeper sofa for sale,00f0f_dvciUTizPwb,450
corpuschristi,5 piece dining set,00707_92GXtefAneM,225
corpuschristi,solid oak armoire,00e0e_afdDt9Ilpf,200
corpuschristi,Free Bookshelves,,
corpuschristi,Kids bedroom set,00H0H_aKmu6vbHMlS,350
corpuschristi,Bedroom full size,00R0R_hXb4a6gQoOt,500
corpuschristi,Tan leather La-Z-boy recliner,00p0p_4PuFuR26mw0,50
corpuschristi,China Cabinet Wall Unit (Make Reasonable Offer),00101_c6y1VRMqlD5,
corpuschristi,Solid wooden coffee table,00202_SVdqsROdxg,50
corpuschristi,Vintage hotel dresser/desk,01111_cRI3YMOqIim,75
corpuschristi,Sleeper Sofa (queen size),00X0X_8j6c7xyPsWz,750
corpuschristi,Brown Deer Hide Rug w/ Backing,00G0G_fIJYzWyfqwW,125
corpuschristi,Brown Leather Swivel Barrel Chair w/ Pillows,00W0W_9JgPrf3H35q,375
corpuschristi,"Luxury Bedroom Set - King Bed, 2 Night Stands w/ Lamps, Armchair, & More!",00R0R_kLmm7R4tp78,3800
corpuschristi,Patterned Armchair Tan Fabric Living Office Wood Legs *2 Available*,00r0r_bfXnqG1ARpq,175
corpuschristi,Brown wood table with 4 chairs,00g0g_a651dCxcdb8,160
corpuschristi,Leather two cushion couch,00Q0Q_bEVnHzLBdZC,
corpuschristi,METAL KITCHEN WALL DECOR,00s0s_jlVppOhbGLw,50
corpuschristi,Dining Table,01313_6gV7dc7BUOJ,275
corpuschristi,Glass Coffee Table for sale,00Z0Z_3lTylN2g81b,190
corpuschristi,Dining Table and Matching Hutch,00k0k_3V6Ip9bHoef,1950
corpuschristi,COW HIDE OTTOMAN -RUSTIC!,01414_aVFJ4idxuT7,550
corpuschristi,Two striped ottomans,00202_7utdgjm69fM,50
corpuschristi,File Cabinet,00q0q_eKYNtcxDX7y,75
corpuschristi,Two brown computer chairs,00b0b_bGubm9XxukD,60
corpuschristi,Four chairs,00K0K_5KssAzPfwTy,125
corpuschristi,Chairs,00V0V_gF3k0X7JHZc,60
corpuschristi,L shaped office desk,00L0L_5jZ2kR7h6Ho,250
corpuschristi,Office desk,00p0p_7ZQvBN3qY3q,140
corpuschristi,Couch pillows,,25
corpuschristi,Homemade pallet benches,,50
corpuschristi,4 PINE CHAIRS,,40
corpuschristi,Pool Table,00Y0Y_l9nTisXC37b,1000
corpuschristi,Vanity chair,00s0s_9zUGEUu8xHn,50
corpuschristi,Four Coaster Bar stools,00f0f_1yWk3Jw9Wp4,300
corpuschristi,Four Coastal Bar Stools,00E0E_9KFrkKZhZuy,200
corpuschristi,Marble End Table,00A0A_fYrab7hBOGi,175
corpuschristi,RARE GREEN MARBLE FIREPLACE,00e0e_59cYF1QkTrf,2500
corpuschristi,Marble End Tables,00606_4zQyFuef9uu,350
corpuschristi,TV Lift Cabinet,00B0B_9NRLoKOxwQ5,500
corpuschristi,Kitchen table for sale,00202_i0sdxYp8GtZ,80
corpuschristi,Custom Made Furniture,00e0e_6eVd5iyTv5m,1
corpuschristi,Table and Chairs,00w0w_4jH5taOZmgz,250
corpuschristi,Fresh Look Color Contacts,00q0q_IYKg8VWyGq,15
corpuschristi,Night stands,00N0N_hpU6fZImuIh,150
corpuschristi,Bed,00r0r_7KmtceF1Osy,250
corpuschristi,HT-3010 HUMAN TOUCH ROBOTIC MASSAGE CHAIR,00R0R_b5PdEXArm8,350
corpuschristi,White Wicker bedroom set,00p0p_aPtniQKB2Dr,700
corpuschristi,Beautiful TWIN BED SET,01010_fnel2j3f4bY,750
corpuschristi,Like New Queen Boxspring,00N0N_dRCvWX4Dd4w,50
corpuschristi,6 Drawer Captain's Bed (Twin),00u0u_ffOprTmDLyk,25
corpuschristi,Table and chairs,,75
corpuschristi,Queen Bed and dresser,01717_dB4KeAgwI7g,100
corpuschristi,Basketball Chair,00v0v_pQ0ED51TFM,60
corpuschristi,wicker chest,00G0G_9K2Qzrio513,50
corpuschristi,Modern living room,00v0v_aScTQH1kkdN,550
corpuschristi,Marble table very nice,00202_e8LIlJJnXSL,40
corpuschristi,plastic table top,01111_jKYNDwCc9vZ,30
corpuschristi,Glass Table,00303_ce4bM5lqzBh,250
corpuschristi,Carpet,00h0h_kb2RdaHeA3Z,80
corpuschristi,Dining Table,00t0t_dAY1UOgZnI6,250
corpuschristi,gun rack cabinet wth storage,00b0b_7LVu69nFvCs,500
corpuschristi,End Table/Console table with Marble Top,00C0C_cvLo22Ulgss,200
corpuschristi,Sectional Sofa,00e0e_97iSnvI5S1U,380
corpuschristi,Elegant Armoire,00U0U_fzvSFCfucEL,550
corpuschristi,Recliner,01212_j6yDAopFwCv,170
corpuschristi,dragon ball z lamp,00v0v_11kxHwVO4yl,30
corpuschristi,Table and 4 chairs,00N0N_axM7ITMwejy,150
corpuschristi,Chair 2 pc,01717_kl3Fat38s25,50
corpuschristi,Bedroom set wood,00505_jBJpLOwe8AZ,800
corpuschristi,Full size bed Night stand,00i0i_5hjqpyGQLx1,40
corpuschristi,Bunk bed,00d0d_7t9mXVddjbi,350
corpuschristi,SOLD,00U0U_4zEBcGoBGoh,
corpuschristi,Antique vanity/dresser,00909_jOEdng0hWOd,400
corpuschristi,CABINET WITH DOORS,00C0C_4M3JdloJ2tF,40
corpuschristi,Beautiful Couch for Sale,00l0l_5NQyBKfawyx,200
corpuschristi,MOVING SALE LEFTOVERS,00V0V_cJpYgYemWRY,1234
corpuschristi,Queen Bedroom Set,00707_dtgj5p5uI2i,800
corpuschristi,AMAZING POOL TABLE LIKE NEW,00M0M_flm5ZIT5tFi,1800
corpuschristi,Wooden futon bed,00H0H_3OnJsw0sLZJ,120
corpuschristi,Wooden bench,00A0A_bJAZyerbMs,75
corpuschristi,Storage Ottoman,00B0B_lEAVZRs5yq2,100
corpuschristi,Modern stand mirror,00X0X_ai9P8SK9kjr,125
corpuschristi,Modern blue chairs,00w0w_dVZTfWJPgt4,125
corpuschristi,Lazyboy Rocker / Recliner,00z0z_4Kukx7rCGDd,50
corpuschristi,Granite counterheight table,00L0L_dJPzejfVQrW,400
corpuschristi,Television (TV) Stand (Make Reasonable Offer),00707_3ZXG2GT8BCa,
corpuschristi,Sunflower mosaic mirror,00j0j_34FcY3QdLKy,15
corpuschristi,Starfish mosaic mirror,01414_aXZiWlw8iG7,15
corpuschristi,Armoire,00L0L_lCcnsPJB2jl,150
corpuschristi,Black sofa,00G0G_le2v0MEVb0q,20
corpuschristi,Dresser,00b0b_jcGdPeIFSxc,35
corpuschristi,End table,00o0o_iRf9pfFBJgo,15
corpuschristi,Nighstand,01414_fAhkw6Jxyst,75
corpuschristi,Queen size bed,00101_4WZuxcoAQMP,200
corpuschristi,Chairs,00o0o_2w2FJY1hgbU,50
corpuschristi,Brand new queen bed with mattress,00j0j_5rgorYosREi,399
corpuschristi,Tv entertainment center,00x0x_cbsu10gCxh1,
corpuschristi,Oak Dining Set,00c0c_eoGN8Rkho9s,150
corpuschristi,DINING ROOM TABLE W/CHAIRS,00O0O_9K4t1818Bdi,199
corpuschristi,Coaches,00s0s_6R6EraGHN3F,200
corpuschristi,Mission style living room set,00J0J_gsKGwa9BxAJ,1800
corpuschristi,Entertainment center- sound bar and fire place built in.,00M0M_2RvSqovPver,650
corpuschristi,Canopy king bed,00a0a_bYLNrn3bukd,1000
corpuschristi,Living room set,00R0R_eEEcDZ5FaCA,425
corpuschristi,Dining room set,00z0z_419uyMabEjy,400
corpuschristi,2 piece sofa couch set,00j0j_gHgYfjBXBVa,125
corpuschristi,Brand new queen bed with mattress,00j0j_5rgorYosREi,399
corpuschristi,Brand new cherry or black sleigh bed with mattress and box spring,00P0P_416M04vfd75,485
corpuschristi,Brand new espresso bed with mattress and box spring,00000_fyrecpFI8ua,499
corpuschristi,Brand new queen bed with mattress and box spring,00a0a_badaLxpQN7E,375
corpuschristi,locking file cabinet,00303_6Rihy3w1HgT,25
corpuschristi,Heavy Duty Cream Dresser,01616_g3spFkCVOtq,50
corpuschristi,Brown/tan sectional with ottoman,00202_40tndHH0Kl1,600
corpuschristi,Brand new white leather platform bed with mattress,00H0H_8V8mmiDWC2B,399
corpuschristi,Illuminated Curio/Display Cabinet,00G0G_gh9mDmv8rqK,135
corpuschristi,Fast & Safe DELIVERY!!,,1
corpuschristi,+ Furniture Delivered +,,1
corpuschristi,Tall Laminate Double Door Cabinet,00F0F_7PJUnnjNofJ,85
corpuschristi,Brand new queen bed with mattress,00j0j_5rgorYosREi,499
corpuschristi,TWO HIGH CHAIRS,00J0J_d7cwO24DPX7,50
corpuschristi,shelf in laminated wood,00404_bEOc33yMRKC,25
corpuschristi,kitchen chairs,00I0I_9pszlOSNKA8,150
corpuschristi,Pub Table with Four Stools,00b0b_gG3nCXksg4Z,100
corpuschristi,Rustic furniture set- must go,00f0f_hPhW39Bp8UZ,800
corpuschristi,Fish dinning  table,00404_3yZNSVjx1Um,100
corpuschristi,Living room set 2 loveseats 1 chair,00202_jsAM2w7snBv,1600
corpuschristi,Entertainment Center,00T0T_6F1jZP3Wf3P,500
corpuschristi,Office Desk,00Z0Z_lL9BX8JkXGY,500
corpuschristi,Couch,00b0b_gfqVsvO2zgf,100
corpuschristi,King size mattress & box springs,01616_yoIbgiuaUh,450
corpuschristi,Twin sleigh bed,00i0i_7xVEvBEohl1,300
corpuschristi,Small Futon,00a0a_hL85fnzIrYZ,150
corpuschristi,Re-purposed Dresser with Pull Out Storage,00A0A_d5ISccUQhBs,175
corpuschristi,Black futon,00W0W_iKMo3VBsTtH,20
corpuschristi,"Chair:: Ottoman"" For___ Herman Miller",00T0T_KWB2TYBx8b,1015
corpuschristi,Lawn equipment doesn't work and air compressors,00303_iFSjvQyu56Q,125
corpuschristi,"Chairs, Desk, Coffee Tablw",00u0u_4SH9grlDo4i,
corpuschristi,TV Stand and drawers,00y0y_6eM8hFo2KFP,50
corpuschristi,Black leather recliner,00q0q_f1unDMnYPxI,180
corpuschristi,King size bed,01414_lum61mApBxz,800
corpuschristi,Solid oak 3x5 dining table,00Z0Z_6TCHd5IbALK,75
corpuschristi,Sofa for sale,00E0E_arCJjbG6wTB,
corpuschristi,"Folding divider, apx 7"" tall by 7"" wide, very nice",00j0j_1493XkLyoWw,150
corpuschristi,"Clayton Marcus Sofa, New Price",00707_iPEDaapN1Jr,200
corpuschristi,Faux Leather Couch,00a0a_j2P65yDtDp3,400
corpuschristi,solid oak armoire,,550
corpuschristi,Swivel Rocker,,35
corpuschristi,curtain Rods,00303_jl0FPbzz2Yp,30
corpuschristi,Accent chairs,00x0x_XuEeSqJugP,45
corpuschristi,Rustic wood dog bowls,00o0o_2S6EMnzzmht,20
corpuschristi,Hidden Desk Armoire Cabinet,,400
corpuschristi,Table and 4 chairs,,80
corpuschristi,SECTIONAL WITH CHAISE AND OTTOMAN,00606_9EGPgTCHBvw,650
corpuschristi,Pet habitat,00t0t_4erkQdJnS4q,40
corpuschristi,Modern black sofa couch with storage and liftable headrests,00f0f_dGU3mssgg8D,900
corpuschristi,Brand new espresso bed with mattress and box spring,00000_fyrecpFI8ua,499
corpuschristi,Queen size bed,00S0S_axz6DtJV3mC,200
corpuschristi,Heavy Duty Commercial Grade Patio Set,00Y0Y_jb5ElmyXooD,200
corpuschristi,Queen Bedroom Complete set,00e0e_dJGwDj5TlIB,600
corpuschristi,Office Furniture,,1
corpuschristi,NATURAL MAPLE CRIB w/ mattress & Owl Theme Accessories,00P0P_33y9Kx57kpQ,150
corpuschristi,Bed room set,00L0L_eORgt4mt1Nl,450
corpuschristi,OFFICE DESK (solid wood w/leather top),01010_buxDdibv4TY,
corpuschristi,SOLID WOOD CHINA CABINET,01414_dXsQ63ewdyA,375
corpuschristi,Coffee table,00v0v_hQIqi6wTgsD,45
corpuschristi,Shelves metal,00i0i_2ZpbrVsJoai,100
corpuschristi,File cabinet,00m0m_hMnWyBMtuEN,450
corpuschristi,For sale beautiful mahogony Armoire,00o0o_lwIyRqvtgDI,400
corpuschristi,Hon L-shaped desk,00E0E_10an3aZRbQa,550
corpuschristi,Office furniture,,500
corpuschristi,TV entertainment center,00m0m_c6n92sxL6Ah,135
corpuschristi,Nice White Solid Table for Sale,00707_jyTXCbgOSlo,135
corpuschristi,BACKYARD SWING,00n0n_8gxXMGCZkT1,275
corpuschristi,Top of the line sofa from Dillards,00t0t_k7vwI59G1sm,200
corpuschristi,1900's Twin cast iron/brass bed frame,00Q0Q_9CyAEFZVLvf,200
corpuschristi,Twin bed,,30
corpuschristi,Rug,00303_ksYHydos2MH,45
corpuschristi,Vanity,00O0O_6vYzt8ZJn0y,45
corpuschristi,NFL bunk bed from Rooms to go,00101_3jBoghkyNSb,300
corpuschristi,Need gone asap,00j0j_36q459BkHng,
corpuschristi,"QUEEN MATTRESS SET, GORGEOUS HEADBOARD, BEDFRAME, & 1 RALPH LAUREN SHE",00I0I_kVIQdLSc4fH,350
corpuschristi,SECTIONAL ON SPECIAL SALE!!!,00j0j_g0qIpbXMfUe,329
corpuschristi,sectional couch with chair/ottoman,00h0h_eEBtucuRqvU,150
corpuschristi,Matching Rustic Western Sofa & Loveseat - Great Quality,01010_kxzTTaCnUmP,350
corpuschristi,Antique Vintage Wood & Wicker Desk or Vanity,00101_ierZWT3rUXd,150
corpuschristi,Desk and Chair For Sale,01515_i2GsHluOrAa,120
corpuschristi,VINTAGE CHINA CABINET,00I0I_15zwvJpCK4K,299
corpuschristi,BAR - Texas Sized Dry Bar,00Y0Y_gRpADlj763p,199
corpuschristi,Large Fancy Mirror,01212_eeCovs8e6Mr,50
corpuschristi,Sofa Set for Sale,01717_edBnJ5Oegwb,1000
corpuschristi,3-Tier Corner Desk,01010_doHN1M18WjK,40
corpuschristi,Sectional leather couch,00000_49uQAPSb0bR,400
corpuschristi,Queen/Full Size Headboard,00M0M_9sWoaRA9Mlu,65
corpuschristi,Steelcase 9000 Double Ped. Desks,00c0c_j9Kx84M1vKY,
corpuschristi,SLEEPER SOFAS,00J0J_kbNeWqcZVNE,
corpuschristi,Red leather sofa,00606_9QZVMtyGIgc,30
corpuschristi,"Mirror, window style wood framed",00j0j_9vUN0pMUW29,35
corpuschristi,taller black table. collapsable sides.,01212_Zo8PL7sh1r,10
corpuschristi,5 full piece bedroom set,00s0s_k65WiyJSBdL,800
corpuschristi,End Tables and Sofa Table,01616_4djfZPIPaLm,150
corpuschristi,Beautiful Solid Wood Coffee Table,00w0w_cWVymTa29WM,40
corpuschristi,Girls Dollhouse Bedroom Set,00M0M_7bGwzIol6Y3,350
corpuschristi,Couch / pull out,00c0c_iKtRPpb47t1,300
corpuschristi,Beautiful Antique German Shrunk. Make Offer,00X0X_aWijvtDLNeW,
corpuschristi,Study desk,,25
corpuschristi,Red barstools,00k0k_kfBUaInwvr5,80
corpuschristi,Wooden futon bed,00H0H_3OnJsw0sLZJ,200
corpuschristi,Modern mirror stand,00X0X_ai9P8SK9kjr,175
corpuschristi,Mocha brown ottoman,00B0B_lEAVZRs5yq2,200
corpuschristi,Blue suede chairs,00w0w_dVZTfWJPgt4,175
corpuschristi,Black potable fire place,00z0z_lhcGRtYpLKt,150
corpuschristi,DINNING TABLE AND 6 CHAIRS / BUFFET AND LEAF,00l0l_5yBnlXnKB2w,1500
corpuschristi,bunkbed,00D0D_b41YyTVk7MI,775
corpuschristi,***** REDUCED ***** Couch for sale - Good Condition,,75
corpuschristi,Leather Couch and Loveseat,00g0g_9CQxbHATOUC,275
corpuschristi,FURNITURE/APPLIANCES FOR SALE,00z0z_8p2JvGYf7Jl,50
corpuschristi,Armoire and two side tables,00m0m_6Ozi6fEtS6l,1500
corpuschristi,6 foot couch,00M0M_hJm9xhQAmVR,125
corpuschristi,couch and rug,00M0M_hJm9xhQAmVR,150
corpuschristi,Queen Bedroom Suit,00F0F_keJBqoAoLII,750
corpuschristi,TV stand,00000_hdnSzU2xbXS,50
corpuschristi,Living Room Furniture Set,01212_7wfI4q9zrPh,2500
corpuschristi,White Metal Bunk Bed with Slide,01010_5rChhmNTTj2,175
corpuschristi,Filing Cabinet,00Y0Y_kgvuLB9OeM8,60
corpuschristi,IComfort - Insight Memory foam Mattress,01212_eSEzB0jTPmA,400
corpuschristi,Queen size bed black finish bed $500,00O0O_icsJzINSoLH,500
corpuschristi,Polished Brown Wood Computer Desk & File Cabinet - Leather Top Elegant,00b0b_1KOHEY44vBq,750
corpuschristi,Danish Inspiration round glass top side table,00q0q_kDn8d80ECwX,60
corpuschristi,Entertainment center,00e0e_b53O7NPqgPN,300
corpuschristi,Two reclining couches,00L0L_aTVg0CyrStM,1200
corpuschristi,Sectional vintage,00v0v_3ri7Qa9YWmW,375
corpuschristi,"2 ""LARGE"" Rocker Recliners - LIKE NEW! $250 Each or Both $425",00x0x_480HIei6A4P,425
corpuschristi,Brown Bench for Sale,00r0r_9c1FEljaNsW,20
corpuschristi,Bedroom set,00K0K_ktSePikY6hW,1200
corpuschristi,TV stand,01414_8S808B6j0ET,150
corpuschristi,Sofa and Love seat!,00r0r_5lK1jw9Z4ox,325
corpuschristi,Corsicana full mattress and bunkie board (brand new),00O0O_grfxyWsueMe,220
corpuschristi,Oak Entertainment Center-Moving Sale,00Y0Y_cxunfaVuOQS,75
corpuschristi,Lamp Table,00505_5koPbkvbkJ2,75
corpuschristi,New Camping chairs and umbrella,00404_4W8Y31XBImh,65
corpuschristi,garage sale,00R0R_kODZVJY7WcN,1
corpuschristi,Display Cases,00606_eyQzq8vYpJc,600
corpuschristi,Leather Sofa and Loveseat set,01515_cWLnHsZK8Ox,700
corpuschristi,TWIN HEADBOARDS,00g0g_gxlRgzW33Ko,15
corpuschristi,Furniture for sale,00m0m_gVaFOLP0cER,
corpuschristi,Q BOX SPRING,,20
corpuschristi,Grey Wooden bench,00U0U_3NlLyJt1vzZ,80
corpuschristi,Wooden futon bed,00S0S_2k2Ztdgpjpk,250
corpuschristi,Two Patio Table Complete Sets,,5
corpuschristi,Breakfast/Dinner Table,01717_gZdD0MqDLwx,250
corpuschristi,**room divider**reduced**,00p0p_aObIPnvqoRK,350
corpuschristi,Beautiful cowhide king bed,01010_c7iPBhEPOOm,3000
corpuschristi,Oak Entertainment Center,00T0T_dQGeJsMM8dp,100
corpuschristi,HALLOWEEN  Skulls-  Wall art  Key Hangers,00s0s_jk0nYV4fbB1,10
corpuschristi,Dining Room Table With Hutch,,2800
corpuschristi,Forest Green Sofa Set,00N0N_3vXhXx91TjA,250
corpuschristi,Brown wooden roll up desk,00T0T_7G1MvxAWBVI,250
corpuschristi,$400 OBO Barn Door Bar  Cabinet Bar  Wet Bar  Alcohol Bar,00h0h_2hlScXaAQ7L,400
corpuschristi,Side Table Night Stand,00M0M_l7JZdniraBK,65
corpuschristi,5ladderback chairs   Need repair,00F0F_1AI8gta17j,30
corpuschristi,600+ BANQUET CHAIRS - LOBBY CHAIRS - CHURCH CHAIRS - CELEBRATION HALL,00f0f_cQaGlXjbbbT,25
corpuschristi,Brand new black leather  platform bed with mattress,00k0k_g4c3dawo9PV,399
corpuschristi,2 piece set bedroom furniture and chest of drawers,00y0y_bBuhpKftb3F,280
corpuschristi,Armoire / dresser / wardrobe,00A0A_jFyIcX7q4cD,600
corpuschristi,1940's antique enamel kitchen table,00j0j_5xHQIq0ykYc,225
corpuschristi,Sectional couch w/chaise,00B0B_imDJPJMCN3a,650
corpuschristi,Armoire,00o0o_bCMF6b6stq8,250
corpuschristi,Living room set,,200
corpuschristi,Barstools,00808_fO2a272QkWi,200
corpuschristi,Daybed w/ Trundle and mattresses,00f0f_knefz5dyy8c,200
corpuschristi,Home Decor frame,00W0W_9ukd0cAH3M4,50
corpuschristi,Austinsuite Armoire/Wardrobe,00d0d_k4P4sRWVk7C,200
corpuschristi,Brand new queen bed with mattress,00j0j_5rgorYosREi,499
corpuschristi,Brand new black leather platform bed with mattress,00k0k_g4c3dawo9PV,399
corpuschristi,Beautiful Wood Cabinet w/ Glass Doors for SALE,,150
corpuschristi,New 4 piece patio set,00i0i_hiylQxpnprZ,250
corpuschristi,New four piece patio set,00q0q_aoNmzfXzA9A,200
corpuschristi,Rustic Coffee Table,00Z0Z_l4H8VWS1oJT,125
corpuschristi,Bedroom Furniture White Wicker  and Mattress Rockport TX,00d0d_33pb4RoZqOE,650
corpuschristi,Queen sized Antiqued black finish bed $200 flour bluff area,00J0J_8oryCLM2MSU,200
corpuschristi,SOLID wood drawers and cabinet,00f0f_hHYr9eRSjdG,275
corpuschristi,SOLID OAK Entertainment Center,00r0r_dzLP6poOlCW,350
corpuschristi,Turquoise Office chair,00D0D_3UjOZowkdyj,125
corpuschristi,Leather office chair - great condition,00W0W_i0E4X4xA16j,100
corpuschristi,Ladder shelf,00y0y_kB3puH41zGM,75
corpuschristi,Office Chair,01313_13V1v3s68d0,80
corpuschristi,game table,00Y0Y_6ixahrHjFqe,100
corpuschristi,Lots of Furniture From Estate Sale,00808_jIOHyNVwOFi,
corpuschristi,Storage Unit LOT!! ALL MUST GO. WONT LAST LONG!!!,00B0B_imDJPJMCN3a,1600
corpuschristi,5 piece Bonded Leather Sectional Sofa,00505_7CXxEKda70i,200
corpuschristi,GORGEOUS SHABBY CHIC DINING TABLE,01616_lOMYo9OpbrV,475
corpuschristi,Solid oak armour,00808_ijahK3XXWjY,700
corpuschristi,Marble side tables,00Q0Q_9buGSC8Rcvh,45
corpuschristi,Staircase and railing,,400
corpuschristi,bedroom & dining set,,
corpuschristi,Storage Unit LOT!! ALL MUST GO. WONT LAST LONG!!!,,1650
corpuschristi,Queen Size antiqued Black Finish Bed,00J0J_8oryCLM2MSU,200
corpuschristi,Solid Wood furniture,,200
corpuschristi,New couch,01515_6T6JvW1rp0F,725
corpuschristi,Cherry wood king size sleigh bed,00N0N_3jgqDRHs44q,800
corpuschristi,Furniture feet,00I0I_kpGsLRC81Ks,20
corpuschristi,2 Patio swivel chairs and small table,00j0j_kEJsNST53VL,45
corpuschristi,Beautiful Mesquite Table/Bar Tops,01515_2WAVTLmsrbq,750
corpuschristi,Live Edge Black Walnut 10 Person Table Top,00505_7awxbvAQnMT,1750
corpuschristi,Wall art,01717_4xMV9aomwb4,12345
corpuschristi,Coffee Table $100,00a0a_8WqvFJWqJwr,100
corpuschristi,Tv Stand-Like New $120,00R0R_aNbM0qjIs4X,120
corpuschristi,Corner Shelving Solid Wood,01515_ejThqtOxAb2,150
corpuschristi,Brown Leather Sectional Couch/Recliner/Sofa-Cheap,00o0o_1DNUFSsjCzs,450
corpuschristi,End Tables,00L0L_eI6QkGSNXnR,60
corpuschristi,Brown micro suede Sectional w/ chaise lounger,00B0B_imDJPJMCN3a,700
corpuschristi,electric recliners  for sale,00K0K_2MOJnFDwrQc,300
corpuschristi,Shoe Storage Bench,00r0r_6NECpVRjfdP,60
corpuschristi,Table,00202_evN9hC3GMR8,250
corpuschristi,Dining table,00H0H_luN14nUESG7,200
corpuschristi,Quality Area Rug,00V0V_1W58Uoc6XSE,50
corpuschristi,$20 CHERRY WOOD BENCH,00Q0Q_lr0ixlyofCw,20
corpuschristi,Dining Room Table - Antique,00B0B_cFNHdKkXrSc,100
corpuschristi,Rocking Chairs and rocking loveseat for sale,00707_eIgT1RZlREt,900
corpuschristi,World Market breakfast / dining table,00d0d_8tj2EvQodaY,300
corpuschristi,Ethan Allen King Canopy Bed,01414_9tc3qQmVnYI,1500
corpuschristi,World market dining table,00z0z_llLi6PTbvTO,150
corpuschristi,Blinds and area rug,00l0l_5jpUknk33zX,60
corpuschristi,"STURDY BEDS, ALL BEDS SUPPORT 900 POUNDS",00d0d_5i14V4Na90f,
corpuschristi,Leather couches,00000_iVFqZ6ONarZ,300
corpuschristi,Solid Wood Bedroom Nightstand,01212_5vZYJJrlkKQ,50
corpuschristi,Cabinet for sale,00c0c_63Gbr5lhueJ,20
corpuschristi,NEW TWIN MATTRESS,00707_bvYEzf0Uwwp,250
corpuschristi,For Sale,00f0f_hLCLuHTHmyH,100
corpuschristi,Vintage Chest of drawers,00F0F_2Q7DY6PmCBl,95
corpuschristi,Iron Bakers Rack,00O0O_i0tCMihjjz0,95
corpuschristi,Butcher block table,00e0e_gL6miQygqSX,75
corpuschristi,Furniture,00w0w_OaE8ONGTXn,
corpuschristi,Amish solid oak dinng set,01212_amCs3SEX9wv,1200
corpuschristi,bamboo chair,00P0P_krZBEcYuTEo,30
corpuschristi,SOFA ~ FILE CABINET,00h0h_gNKSOkej6BH,1
corpuschristi,Glass coffee table,00l0l_dBow95gSGL7,75
corpuschristi,Rustic ent .center,01515_lhGIck1oz1f,250
corpuschristi,Baby changer for project,00t0t_1yHYAY1yhJe,35
corpuschristi,Corner dining room chairs,01010_9qJRUwWFK8,95
corpuschristi,"Nursery Set (crib, dresser, bookcase)",00a0a_5C5j0X3uhGi,350
corpuschristi,Sofa. Like new!,00X0X_djdOFRyyoM9,250
corpuschristi,"Adult twin mattress, box springs, and frame for only 80 dollars",00c0c_iReC4N69JQF,80
corpuschristi,Tall glass topped bar table with 2 bar stools,00n0n_1xCYFTcCZx,600
corpuschristi,Bedroom set for sale - Vaughan-Bassett brand!,00H0H_3FAMY7X2tS6,1200
corpuschristi,Super Comfy tan sectional couch w/chaise,00t0t_dAfJHW5H9wZ,625
corpuschristi,Moving Sale - Furiture,00404_dWVynluLlBW,
corpuschristi,Medical chair,00V0V_iMnYbm6gSDR,600
corpuschristi,New patio dining set,00R0R_7Dz1URYcvov,250
corpuschristi,New Dorrel Futon,00d0d_3El36chAcHB,75
corpuschristi,New ACME adjustable sofa,00q0q_gCtVrdPfiXI,75
corpuschristi,Dorm room style desk,00202_3ecdV2LYOVP,175
corpuschristi,$20 CHERRY WOOD BENCH,00Q0Q_lr0ixlyofCw,20
corpuschristi,Office Chair,00000_7drEV53OUNM,50
corpuschristi,Dual Recliner Bonded Leather Sectional,00505_7CXxEKda70i,300
corpuschristi,3PC Sofa Set (Flour Bluff),00h0h_1wBalhpfjLB,250
corpuschristi,Iron & cherry wood daybed w/ trundle bed with mattresses,,350
corpuschristi,Large microfiber Sectional Couch,,750
corpuschristi,Sofa - Gold Floral,,39
corpuschristi,Table - Solid Oak,,39
corpuschristi,China Hutch,00x0x_fyZgdPaO3DW,100
corpuschristi,Dune Buggy Kid's bed-twin size,00T0T_7MRsgDMXMnR,350
