eastidaho,Oak mirror,00l0l_iLvn9RkqQ09,40
eastidaho,large dark brown corner table,00202_h1kXdY5M8zi,70
eastidaho,Hand Made Tables,00R0R_jptO4n0cIvj,850
eastidaho,Leather Couch and Sectional,00V0V_eZHI1ap3rv3,400
eastidaho,"Solid wood, decorative shelf set",00q0q_g4NZLfv7usG,30
eastidaho,Beautiful Oak Armoire,00101_6f6smgkjqXy,300
eastidaho,Shelf Unit,00e0e_c3mrybu6CiY,50
eastidaho,Lamp,00Y0Y_3ZUEJTbe1tP,20
eastidaho,Solid Maple Table and Chairs (4),01313_6A0nbsk7cza,900
eastidaho,Coffee Table,00y0y_5bSZ7N8RXJH,100
eastidaho,Solid Wood KIDS bed w/ bookcase headboard very nice with,00o0o_9gdw7HkGyPA,
eastidaho,China Hutch,00202_9XB0rHlRlz3,500
eastidaho,Dining Table,00000_91C1d8dPPhc,400
eastidaho,BEAUTIFULLY RESTORED VINTAGE FLAT FILE CABINET,00505_26SwM0UCuBj,325
eastidaho,Reclining/Rocking Chair,00R0R_4c0BW58Me89,600
eastidaho,Eight Dining Room Chairs,00000_ibV0Qx8anH9,1000
eastidaho,desk,00r0r_3IwF9cWxhha,75
eastidaho,Behind Sofa Console Table Used as Entertainment Center,00c0c_f4GW9h3ubvB,50
eastidaho,Solid oak entertainment center,00808_kWjuCdfM0RU,300
eastidaho,Brown microfiber loveseat,01111_8KarHEp2BdZ,200
eastidaho,Dresser's,00g0g_1ytUO9nawL6,
eastidaho,End tables,00101_89SPXSbGFu4,50
eastidaho,Nice couch,00F0F_8qjSIToQnjw,125
eastidaho,Moose Newspaper Rack Metal Art Decor,00C0C_5kmupEIU0qw,15
eastidaho,Two-piece sectional,00Z0Z_bu96WkuXWCN,450
eastidaho,Cast Iron Rooster Hooks,00n0n_7TMptuD75Oo,10
eastidaho,Wood Cabinet,00U0U_8bNBaWn9T9z,20
eastidaho,Writing/Art Desk,00b0b_2LY5Hynl6I4,15
eastidaho,Soild Oak Chest/cabinet,00b0b_gbT5swnUTY9,10
eastidaho,Small Decor Mirror,00000_6kEjiMRImig,5
eastidaho,Counter Height Dining Table with 6 Chairs,00B0B_1Gyjr7wkKxo,400
eastidaho,Table,00l0l_8N4OTTajhqR,35
eastidaho,Full Boxpring,,75
eastidaho,Antique Sleight Bed,,150
eastidaho,Double Pillowtop Mattress & Boxspring,,150
eastidaho,Black Wood Entertainment Center,00W0W_fZyBdxuph3b,100
eastidaho,Beautiful Brass Lamp,00w0w_d8RugLops26,25
eastidaho,Perdue Dresser + Mirror,00w0w_ihcjXB8xqt6,176
eastidaho,Large Framed Caf√© Art. Beautiful Quality,01717_dJEInx38WDY,20
eastidaho,Sturdy Wooden Shelves,00o0o_DPphSHJ230,15
eastidaho,Vintage Drexel Kensington Fuax Bamboo 3 in 1 dresser,00G0G_bs938FujS8W,399
eastidaho,counter height table and 6 chairs,00303_ihfmscsAtOj,500
eastidaho,Vintage Drexel Kensington Fuax Bamboo Tallboy,00505_OfRWXwKZxE,399
eastidaho,full size Bed frame,00E0E_f6zCFcUZGqD,100
eastidaho,Seating set - modern,00M0M_fduSpPgHhFB,500
eastidaho,Kid's Spiderman Web Chair,00G0G_a6czWHc5cXj,10
eastidaho,Side Accent Tables,00707_aoj97d3ZcIl,125
eastidaho,Red Accent Chair,00L0L_bMdTtvBhccQ,30
eastidaho,Rustic Antique Accent Chair,00H0H_dP5M9MfjkDl,30
eastidaho,Two Side Tables,00N0N_aqdLEP3X6Yy,50
eastidaho,Entertainment center,01111_1y5ynMNYqDe,550
eastidaho,Coffee Table (white and Gray) solid wood,00I0I_4vlQlT6O5Oc,150
eastidaho,Dresser (black) solid wood,00X0X_1zVC1WXWQe8,195
eastidaho,Couch and chairs,00H0H_b7WnJZ15amf,225
eastidaho,Desk (black) solid wood with stool,00E0E_dM4J62ydKgw,225
eastidaho,Boardroom Leather Conference Chairs High End retail $5k+,00g0g_3uaIF7XfXfc,975
eastidaho,Rustic Framed Mirrors,00z0z_cxM2oslRHiL,100
eastidaho,Picnic Table/Kitchen Table and Benches,00404_a24CLrHk0xb,50
eastidaho,Framed Mirror,00O0O_a1ZKUM724iU,50
eastidaho,Pictures paintings,00J0J_jexQEaSKR87,5
eastidaho,Desk used as sewing table,00s0s_eNXP65JS5tO,15
eastidaho,Full Size Mattress/Box Springs,00606_g5G9peLfRLz,55
eastidaho,DINING ROOM TABLE SET WITH STORAGE BENCHES $60,00q0q_akVWFHtB5fa,60
eastidaho,Sectional Leather Couch,00R0R_agmid5LQw7N,450
eastidaho,Vintage lamp,00v0v_ivFXUkyiYPC,30
eastidaho,Floor lamp,00d0d_d4a5pKfIvA3,10
eastidaho,Nice Rocker Recliner,00C0C_7MjBaheWKBm,40
eastidaho,Couch and love seat,00d0d_iwlbLMsK3oA,500
eastidaho,Rocking Chair,00V0V_bTY7P5AbusO,50
eastidaho,Desks,00L0L_fGqUhIcAUI6,100
eastidaho,Wine  Rack Table Island Convertible,00808_d26nPyxGO3B,120
eastidaho,Brass coat rack,00o0o_jNZ4nWfvl12,20
eastidaho,Shabby Chic Green Bench End Table Stool,00Y0Y_a1CEKIcqhb2,20
eastidaho,glass top end table,00p0p_h5V8X4ibAAI,25
eastidaho,Southwestern couch,01010_6GdiAGwHjBZ,50
eastidaho,Antique Railroad Roll Top Stock Broker Desk,,3000
eastidaho,entertainment center/buffet,00C0C_j2g704Bnp5q,110
eastidaho,Dining Table w/ 4 Chairs,00v0v_aMjfXCtE3RV,250
eastidaho,Brown Queen Mattress,00C0C_5xrNyJHEmUy,50
eastidaho,Pillowtop King Mattress Set,00W0W_hbPNEcT7vkI,200
eastidaho,Human Touch Massage Chair with Matching Ottoman,00G0G_1YHOc2FbamQ,500
eastidaho,Bissell ProHeat 2X Complete Upright Carpet Cleaner,00J0J_3as1YovMZ1h,45
eastidaho,Table,01414_hkJMkn7qNML,200
eastidaho,Comfortable Suede Couch,01616_1p57RPk0bcD,160
eastidaho,Comfortable Suede Love Seat,00r0r_2Us1gswUlmk,60
eastidaho,Industrial Dining Table,00k0k_1ujJGVc3WiD,1200
eastidaho,Oak Side Chairs,00i0i_kcEQwkHaXXy,175
eastidaho,Sofa and Loveseat,00000_b5RIZmTHTyD,40
eastidaho,TV Console,00C0C_2NeWgy7yfI8,40
eastidaho,Table Set With 5 chairs,00S0S_3cJohKHdQ9n,400
eastidaho,Glass-Top Desk,00c0c_ecwiVjzHhzv,75
eastidaho,Large Full Length Mirror,,40
eastidaho,Large Modern Glasstop Desk,00r0r_gqU9Uo6bwUd,75
eastidaho,Tall Brass Base Floor Lamp,00M0M_4FF8wMVGVUX,40
eastidaho,Desk Chair,00B0B_8sysCb01aKD,20
eastidaho,"Couch, loveseat and ottoman",00909_4ns3HpB3jSh,600
eastidaho,Drop leaf table and 2 chairs,00s0s_92dkiuhk9bE,150
eastidaho,"queen pillowtop mattress, single bed/mattress",,50
eastidaho,Entry Table,00j0j_lhXrmpZohVY,80
eastidaho,Walnut headboard,00x0x_gEhDUpmqcKY,125
eastidaho,Tall table the chairs (3),00B0B_4hbJcGOorfX,50
eastidaho,Sofa Couch - Super comfortable and clean,00T0T_fS9mFW1p7IQ,100
eastidaho,"Great 65"" tv",00606_9yD6euJXAyf,100
eastidaho,Couch and Love Seat,00000_7DpZbTearSp,300
eastidaho,Beautiful 5 ft. Solid Walnut Pillars / Columns,00606_76MF1F57hE2,200
eastidaho,King bed frame,00K0K_3sIzAOjamGE,700
eastidaho,Bunk beds,00D0D_fOElCGWjC,90
eastidaho,Futon w/ Pad,00R0R_29ARspMRYdZ,75
eastidaho,Red Couch and Chair,00M0M_7XxoItAD970,125
eastidaho,Small Black Dining Table with 4 Chairs,00C0C_8kTcHVhRwT8,100
eastidaho,Recliner - Dual Leather Power,00O0O_8kqPA3dGCof,400
eastidaho,Entertainment Centers - Custom Oak,00R0R_7HRS1S4wqgt,300
eastidaho,China Cabinet Ashley,00H0H_jmEuwSsvaX5,350
eastidaho,Brand New Oak Bedroom Set,00m0m_5RtNuPGNu2h,825
eastidaho,Land of nod teepee,00N0N_dNZSfYE7wdV,60
eastidaho,Shoe shelf,01313_7rUUSJ3WbfQ,8
eastidaho,Computer  desk,00202_bNvqmOtCBcL,30
eastidaho,Cute white desk,00U0U_810aWYpwF4b,50
eastidaho,cute white dresser,00J0J_eltIAiwzzI5,90
eastidaho,dresser,00y0y_2ws0HHJnhlI,120
eastidaho,Table exercise bikes and a thing,00e0e_gMArfRqcnTQ,
eastidaho,Bed matress (s),01111_eFrIl71gEom,
eastidaho,Brand new couch,00G0G_lAXcojKL1H5,200
eastidaho,Beautiful Custom Bunk Bed! Converts to two twins,01212_2TCu6L9bXER,400
eastidaho,End tables with storage,00Z0Z_lmBaIExUxVo,10
eastidaho,2 Kitchen Tables for sale,00C0C_5LbwAOn785X,120
eastidaho,Fireplace insert,00x0x_3PdNTRokSud,200
eastidaho,Sofa and Loveseat,00U0U_1TXifFeRBl8,400
eastidaho,Fine Cherry Coffee Table,00c0c_azk6FCK7UKf,120
eastidaho,Twin mattress and box spring,00Y0Y_n0X10VQepb,200
eastidaho,Double bed mattress box spring and frame,00H0H_4Y1LGlJlhTO,200
eastidaho,Closets,00Z0Z_c8smLo6tfBj,40
eastidaho,desks,00f0f_hZw1O3lFVTO,25
eastidaho,LoveSeat,,55
eastidaho,Toddler race car beds,01010_5U37tUAAPQN,100
eastidaho,Rubbermaid White Plastic Step Stools,00404_93gGVnKijV7,5
eastidaho,Box Spring,01212_botzi7rIzAe,50
eastidaho,Vanity dresser,00R0R_lciNVdviGUO,300
eastidaho,1 Queen bed frame 1 King log bed frame,00k0k_5I25QJqZitU,350
eastidaho,TV cabinet old pine,00p0p_fwkZEX8uQTD,150
eastidaho,Pine Armoire,00C0C_ckxMJtATo7c,150
eastidaho,Gas Dryer,00o0o_asQEwaa29UA,75
eastidaho,Round chair,01717_kRJXI8Qpzf4,10
eastidaho,Bar Stool and Table,00e0e_jlhIR8bgHxS,150
eastidaho,Dog house,00F0F_fberGeOrbYn,15
eastidaho,South Bay Adjustable Massage Split KING Bed,00M0M_aqki4Jkp01j,1500
eastidaho,California King Bedroom set,01515_arpfFxr5VpX,850
eastidaho,Blonde Hardwood Sewing End Table with Seat Fits Vintage Singer,01313_cyJh3cnKJEn,40
eastidaho,Loveseat w/center console,00Z0Z_2WaojoQnjRh,450
eastidaho,Uttermost Armchairs,00808_25GqLL0TIdo,225
eastidaho,Occasional Cair,,140
eastidaho,Occasional Chair,01717_7yUL7kwm9a,140
eastidaho,Kitchen Table,00u0u_XjeIAfCS1O,30
eastidaho,"Couch, chair, queen bed",01414_it3uVx2WL3A,150
eastidaho,Dresser,00W0W_8myXAL1gxBb,100
eastidaho,Cabinet,00d0d_24gAM1JINKB,50
eastidaho,Buffet Hutch,,800
eastidaho,Armoire,00K0K_8vFFQJYlNDO,250
eastidaho,Bar Stools,00l0l_4ygJcusrOv4,125
eastidaho,fore sale need to be gone asap,01313_fuFWQKYvTN,
eastidaho,Wall Mirror,00s0s_6EhiE9DEU3u,200
eastidaho,Nice Couch,00U0U_1PKFXcWy2qu,125
eastidaho,couch for FREE!,00p0p_jK0MR9TNWwE,
eastidaho,Couch & love seat,00H0H_iG0akfYwar,250
eastidaho,Like New Electric Fireplace with Mantle - Electric Heat,00Q0Q_6T8i7GDK0DM,600
eastidaho,Nib accent table,00u0u_eqZnDrgBL0b,55
eastidaho,2 WING BACK CHAIRS WITH CURVED LEGS NEED RE-UPHOLSTERED $15 each,00v0v_1EW7AnVEjJ5,15
eastidaho,Charming lamp-Like new,00z0z_67aZ8mSI8Fh,3
eastidaho,Cupboards,01313_2bGbcTjfANN,60
eastidaho,Oak T.V/ Stereo Comb. Cab,00F0F_6uRUmBcduft,125
eastidaho,Love seat...excellent,00i0i_jESqOOHGqMB,145
eastidaho,7 piece Dinette set..solid Oak!,01616_gIK2jhGSald,365
eastidaho,Sofa,00A0A_i2L98Qy0Rqe,225
eastidaho,Recliner Couch and Love seat,00u0u_dhtB7ba1u5H,350
eastidaho,Small Pool Table,00I0I_6YnGToKaLLa,250
eastidaho,Executive Desk,00Q0Q_4jCGXfapfXQ,75
eastidaho,Antique bed for sale,00C0C_9hGms1RwPCe,325
eastidaho,Coffee Tables for sale! $120 or OBO,00s0s_g5lR3bnZm2M,120
eastidaho,3pcs Table set,00z0z_1YEaOdXhXd3,95
eastidaho,Wood Table,00t0t_9sbcQOsaQKb,50
eastidaho,Set of Oak Side tables,00K0K_4PkYKOwkZNU,40
eastidaho,Furniture - Various Items,00Q0Q_dnQrkJRppl7,
eastidaho,Make Up Vanity,00y0y_g7cSQMqkiKB,125
eastidaho,for sale great price great condition,01313_fuFWQKYvTN,
eastidaho,Hall Table and Mirror,00J0J_2X7k3giQZ6f,50
eastidaho,Ottoman (black leather),00c0c_8ya1yKta3vP,60
eastidaho,Dinette Set,00303_acVuUiIOMMC,50
eastidaho,Dining Table,00101_4Rw6x3T7IK3,25
eastidaho,"Brown, Wood Cabinets",01717_e9zVKtisYjD,395
eastidaho,Day bed,00D0D_9VkrB4r3wxD,35
eastidaho,MASONIC CAPT. CHAIRS,,75
eastidaho,Dining set,00g0g_bolRdSRJCvY,225
eastidaho,Flower box benches,00g0g_BvcCkXXDlx,40
eastidaho,Outdoor patio furniture table and chairs,00H0H_4abgahlNrq2,130
eastidaho,"Couch, love seat and a coffetable",00e0e_euV56bFpPcq,600
eastidaho,Microfiber couch,01414_9z7Je9HKJpz,200
eastidaho,Matching Endtables,00n0n_ku180qH0oX7,20
eastidaho,Furniture,00y0y_ivnGPAt34yP,100
eastidaho,"King size bed, dresser & nightstand",01414_aDMnZg8EnEL,400
eastidaho,8 Foot Conference Table - Excellent Condition,00k0k_lc36YTVl7T2,400
eastidaho,Salon Chairs Heavy Duty (3),00S0S_6nSSWG68s2O,60
eastidaho,Desk for sale,00x0x_lOYLErTxD8w,25
eastidaho,Display cases,00t0t_cRLDrxzkcNh,250
eastidaho,Display cases,00t0t_cRLDrxzkcNh,250
eastidaho,Folding Top Sewing End Table For Vintage Kenmore Machines,00000_g1rw6tI0Bd4,20
eastidaho,Black Futon,00I0I_lREYp5u5MVJ,75
eastidaho,Queen bed and frame,,50
eastidaho,Love seat/air bed,00n0n_7IoB2lqupmS,400
eastidaho,Large Decorative Copper Pots,00r0r_akq3DbZDK5S,100
eastidaho,Dish Hutch,00Z0Z_2sFvDGVVbvg,75
eastidaho,Green cloth sofa,01313_99U6K8P6DJg,40
eastidaho,Cabinet,00T0T_6O4h1PX68pK,290
eastidaho,Lift chair,,299
eastidaho,Recliner,00V0V_9INSG3OMHPT,90
eastidaho,Wooden End Table,01111_ljYWNcZ2aSO,40
eastidaho,Headboard,00T0T_3QtRe0CuWrC,40
eastidaho,Beautiful Executive Desk,00p0p_1WJsWgZfb0o,250
eastidaho,Gorgeous Mirror,00M0M_8qTelWEvmk7,65
eastidaho,Olive green couch set,00f0f_9SlmaC6xxbn,275
eastidaho,Table & 4 Rolling Chairs,00k0k_bigdk1H0D5k,100
eastidaho,Oak End Table w/Removable Cushion,01111_4iuitcy9Oas,20
eastidaho,Vintage Dining Chair,00404_4rqfZDac2Sc,25
eastidaho,"Queen Box Spring, Mattress, and Wood Bed Frame",00r0r_4MPO0BgQ0Qp,150
eastidaho,Tuscany Pictures,01111_2px3TUzKSgx,50
eastidaho,BLUE SOFA WOOD ACCENTS,,100
eastidaho,"Nice Area Rug (8 feet by 5 feet, 3 inches)",00Q0Q_iEfV1leJ6uG,30
eastidaho,Desk,00C0C_dYFv2S5RNd0,40
eastidaho,Sofa with Matching Chairs,00V0V_kSoQCxqh74S,1200
eastidaho,BAKER'S RACK,01717_jEoztrOzFvj,60
eastidaho,GREEN BAKER'S RACK,00s0s_g0a8f7ngsWb,60
eastidaho,Vintage restored wicker rocker,00505_iihuPXabw5z,150
eastidaho,Vintage formica table,00t0t_dVfv6pKnpEn,100
eastidaho,Antique Brass Bed Frame,00T0T_2RJcf7lW9Ul,450
eastidaho,Bunkbeds - Both Double bed size,,800
eastidaho,Leather couches,00707_aVV41p7hwPy,275
eastidaho,Futon,00A0A_dgbsEhxlGls,215
eastidaho,"Quality, Brown Leather Couch!",,450
eastidaho,Shelf brackets,00j0j_92Dhch3GaUE,75
eastidaho,End Table,00s0s_jr8CIMiIWWD,30
eastidaho,Office chair,00Q0Q_hWaTqMepXNy,30
eastidaho,eight cube,00Y0Y_drUxFiQOJcB,50
eastidaho,end tables,00T0T_uu9xfUvQlB,100
eastidaho,Love Sac,00J0J_22eWQwFwvhf,150
eastidaho,Tv stand,00k0k_fm6nXQyIMeI,75
eastidaho,Brown and leather chair (2),00c0c_kRG06a69ndk,60
eastidaho,KING size bed frame!!!,01313_6AtUVURWBeq,50
eastidaho,Oak Bar Stools,00101_6XpMVfNp715,75
eastidaho,Cabinet,00K0K_hcVRxfDd6Hv,95
eastidaho,ENTERTAINMENT CENTER WITH TV AND DVD/VCR PLAYER,01212_4XCNNNNfd2H,110
eastidaho,Sofa love seat and lazy boy,00N0N_axnE5MX0q2B,600
eastidaho,Reduced price: Stone and wood tv stand with two towers,00t0t_5y6upjIQRes,250
eastidaho,Reduced price: Large furniture row sofa/couch - excellent condition,00i0i_boRNtt7oegd,300
eastidaho,TV Armoire / Entertainment / Computer desk.,00d0d_l9n81umUnDc,140
eastidaho,28 inch Sterling & Noble Wall Clock,00t0t_izrbWjfmeas,50
eastidaho,Couch Sofa,00303_s8xqF7lTjm,100
eastidaho,Kitchen table,00p0p_kb96TJVDZas,400
eastidaho,Stereo Cabinet,00b0b_cAO1YJ4sPHN,20
eastidaho,2 maroon wing chairs,00808_3FBV9Vcnyfh,50
eastidaho,Bookshelf,01010_dmo9xzbmWPX,15
eastidaho,5 Drawer Dresser,00g0g_5vE8B44JxUw,100
eastidaho,power wheelchair,00Z0Z_d1zSFEBkaFn,1700
eastidaho,Microfiber couch and recliner,00p0p_6PVCSXec7w5,50
eastidaho,Vintage Oak Magazine Rack / Display,00X0X_d3VqTSXwzBd,500
eastidaho,Vintage sofa,00j0j_6nmuC9wP4pp,80
eastidaho,Mirror Pilar's and small table,00909_jEkpeu7wRdN,50
eastidaho,Chair and 1/2 like new,00202_1S2ICO55oLe,135
eastidaho,Set of 3 Light oak swivel bar chair,00000_iOyUqZlSO5W,25
eastidaho,Set of lamps,00D0D_bPZCFGuGZ0S,30
eastidaho,Wicker ottoman/stool,00b0b_9B6SqwEsINk,25
eastidaho,Table and chairs,00808_4jnPCqNQVK6,500
eastidaho,Massage Chair,,6000
eastidaho,Couch and Loveseat set,00b0b_2zocGGMoBM6,900
eastidaho,Bunk beds,00000_cMaVKfGVSTN,250
eastidaho,Medium Size Entertainment Center,01212_aR5xTuz5j2V,25
eastidaho,Lamps,00n0n_dLhKKxUbJzy,15
eastidaho,King size mattress,00C0C_3mMEYuNaM6E,100
eastidaho,Oak bar stools,00101_f8nvaQJyfsO,20
eastidaho,Oak computer Rolltop desk,00000_aeLPRb3Xxlq,160
eastidaho,Coffee Table,00s0s_1qnCYmiq10Y,75
eastidaho,Entertainment Center 3 Piece,00l0l_ge4zQzrIMvT,200
eastidaho,Dining Set,00Y0Y_3nlUdWxKbtv,400
eastidaho,Large Mirror,00x0x_1Mv6UQRK2RG,45
eastidaho,Antique Mirror,00909_bwnTeg8CZ0i,45
eastidaho,4 red chairs,,20
eastidaho,Chair,01212_f7gHOLOwWuQ,50
eastidaho,Lane tall formal chair,00I0I_37onvHkw2yY,75
eastidaho,Solid oak hutch,00B0B_kQ1y97u28Co,600
eastidaho,Solid maple table and chairs,00L0L_gk18aeMnJ2S,200
eastidaho,Chase chair,01313_fC4Jh2K9kAS,175
eastidaho,Love seat and two chase chairs,00S0S_dt6n8Hb3El9,550
eastidaho,Power Lift Recliner Chair,00h0h_bGGuFvOkdAY,300
eastidaho,Gallon Can Food Shelf,00w0w_4Uo5tyxBVXF,250
eastidaho,Quality Desk,00q0q_cD6HUy6j0wC,150
eastidaho,Coat rack,00606_lsNJ8xsGtiV,10
eastidaho,Papasan Chair Couch,00Z0Z_gQgpZmaXtC7,20
eastidaho,End table stand,00w0w_3NcHVvENwEO,20
eastidaho,Rocking chairs,00202_cxxyMpKXBOn,40
eastidaho,entertainment center,00Y0Y_jsw0eVgWn2l,50
eastidaho,Entertainment Center,01717_kTDjCvgUH5j,500
eastidaho,Bramble Table,00707_hOPYF046sh1,700
eastidaho,Tv stand,01414_j4FAmIIYzoO,300
eastidaho,velvet sofa,00505_auqFsNc9xYi,1000
eastidaho,Hide-a-bed and mattress topper,00X0X_k0eDVjRiq6h,100
eastidaho,Queen size wood bed fram,00U0U_5ZoNhz2S7aq,100
eastidaho,Bed Footboard Sunset Iron Bed by Wesley Allen,00808_8WsyoTnzDy5,125
eastidaho,Vintage Glass Table and Chairs,00S0S_eShrv1jw5Yl,100
eastidaho,Table and chairs,00s0s_6ycmVuOvc4y,35
eastidaho,Lamps,00z0z_ccQFZDqDQXs,40
eastidaho,Tables,00B0B_i0BpFZbgAEM,50
eastidaho,Round kitchen table,00g0g_3yiBe9Varmb,20
eastidaho,Red Microfiber Couch & Love Seat,,50
eastidaho,Headboard/frame,00303_g2UbSzpnqdr,190
eastidaho,4 piece living room group,,350
eastidaho,Sell your furniture!!!,00202_irQeJ6QoeMj,20
eastidaho,Chair,00V0V_gT5J3uQIeDm,25
eastidaho,"Matching Couch, Chair, Ottomon",01515_7E3BrXRe9Li,1200
eastidaho,Light Brown Micro fiber Hide a Bed Couch,00m0m_l0ujslFEisZ,50
eastidaho,Black Love Seat Sofa,00202_fjaYwWOS2PL,100
eastidaho,recliner,01212_gTmw2CPJsB2,50
eastidaho,couch and loveseat,00y0y_enCefQhXQve,200
eastidaho,Sofa or Entry Table,00n0n_6Thcqix3Ghg,125
eastidaho,Couch and chair set,00808_kdoGszh74rN,
eastidaho,2 chairs,00u0u_9UIS82GKZA7,
eastidaho,Green couch!,00V0V_h5e9a3vXEun,
eastidaho,Beautiful black Hutch,00E0E_3KpfajWzBMS,145
eastidaho,All kinds of furniture and then some,00e0e_jTtahu7vZAY,
eastidaho,Craft Works Massage Chair,00r0r_cgFx1aGam5g,200
eastidaho,Queen Bed Platform With Storage -No Headboard or Footboard,00o0o_e0v3slReh8L,125
eastidaho,4X8 Table,00G0G_k5hIXeThUQK,100
eastidaho,Multiple drawer cabinet,00T0T_kEl7jF0yAQO,50
eastidaho,Hutch Corner hutch white,00J0J_6BR1PVMH172,300
eastidaho,Hutch curio,00s0s_9CuWA1KBoXw,250
eastidaho,Boomchair gaming chair rocker,01313_1tNYVZg3pCz,75
eastidaho,Wing back chairs,00o0o_7dJL98YpYsl,25
eastidaho,Black tressel table,01111_gbR8RdBozLT,100
eastidaho,Queen platform bed,00d0d_xRkZB9Bo1d,900
eastidaho,SELLING KIDS CORNER DESK,01515_9HOitdkihVF,100
eastidaho,Couch and recliner,00W0W_4Gpv2bvBxK9,100
eastidaho,Used sofa,00Q0Q_8la6PPgUqUY,75
eastidaho,Ikea Klippan,00p0p_55dZuaWHySW,75
eastidaho,Pottery Barn kitchen table,00000_euyYWZzV8MY,250
eastidaho,Rod Iron Wall Mirror,,85
eastidaho,Beds for sale,,20
eastidaho,Heritage Gun Safe,,2000
eastidaho,Side table/ bookcase,00C0C_Zxpy8BLSPP,15
eastidaho,CHURCH PEWS,00w0w_3GAAEfOO9Fw,100
eastidaho,Side/End Table,00j0j_iyWqFiWv3n6,15
eastidaho,Desk,00O0O_dClKwOmFXWO,259
eastidaho,White leather couch and love seat,00707_jLpUJyyX9Mv,300
eastidaho,TV stand base...glass - nice!,00L0L_1YKeevn7yVd,50
eastidaho,Old Kitchen Table,01515_lpvkURnhhDG,25
eastidaho,Evanti Glass L Deck,01616_kFT4BnjRCik,100
eastidaho,Love seat &Couch,00M0M_95hknhi6Brr,75
eastidaho,Queen headboard concealed compartment,00b0b_dAbsLm3grXo,600
eastidaho,Recliner,00z0z_gNiLsuswkBa,75
eastidaho,Shelf,00e0e_OTWkXcCyuH,120
eastidaho,2 sleep-comfort power adjustable twin size beds,,750
eastidaho,Old oak church pew,00202_3AYdxzVIaRy,300
eastidaho,Nice black distressed 4 drawer dresser,00000_htHBVCLUNEY,
eastidaho,Waiting Room Chairs,00B0B_6fwTeYDGlQM,20
eastidaho,"Camp Chairs, quantity 11",00w0w_jNL9guoVIn1,4
eastidaho,Love Seat Couch Cover,00r0r_fhgeoDjxTMb,20
eastidaho,power lift & reclining chair,,650
eastidaho,Bathroom Mirror,00I0I_8H3H3r860Jl,250
eastidaho,Desk with Granite Top,00M0M_joVKy1lu44H,100
eastidaho,Dresser,00I0I_34VBeuO9qgU,250
eastidaho,for sale furniture for great price,01313_fuFWQKYvTN,
eastidaho,Full size bed.,00202_d9cIMImup6G,250
eastidaho,"$117 Store Credit at Idaho Mattress Outlet in Rexburg, IF or Poky",,90
eastidaho,3 Tables,00w0w_10NaV2xfOcY,150
eastidaho,New Dark Cherry Bedroom Set,00l0l_ddFJrAXl73I,825
eastidaho,New Bedroom Set,00F0F_8ZZYnC4FUXI,825
eastidaho,2 Dresser Deal!!! Brand New!,01515_9tQ97Up4lZX,599
eastidaho,New Hickory Bedroom Set,00u0u_jdjqmmp2qB3,1025
eastidaho,Matching Couches,00D0D_fci8ycS4CG7,400
eastidaho,EUC La-Z-Boy Super Comfy!,00K0K_gAjLGktGFZ5,400
eastidaho,Gardinier 52 in. LED Brushed Nickel Indoor Ceiling Fan,00t0t_9dgA5GqASRa,125
eastidaho,Coffee Tables,01010_QkLK81FJEW,25
eastidaho,Bunk Bed with Desk Underneath,00000_fq8hT9QN0Ja,30
eastidaho,Western Store lighted Display Cases (2) and reclaimed lumber table,00o0o_hs58UuddjJp,450
eastidaho,Day bed,00V0V_3We11r0qyAR,100
eastidaho,Dresser vanity,00R0R_lciNVdviGUO,500
eastidaho,daybed frame,,25
eastidaho,1930's Era Duncan Phyfe by Drexel Mahogany Dining Set,00p0p_dQ6okNqsCIR,1000
eastidaho,4 poster full size vintage wood bed frame,00O0O_g7Js4CdDEBJ,40
eastidaho,2 couches and chair + ottoman,00U0U_aVCrhPqZVZB,1325
eastidaho,small cabinet,00202_aVsll5B3pdB,125
eastidaho,Recliner,00n0n_4kt4jP0ggsu,100
eastidaho,Beautiful Italian made table,00e0e_lfYawEBluT4,250
eastidaho,Entertainment stand,00L0L_a7VYZzPpDNw,20
eastidaho,Sofa,,250
eastidaho,Pedicure chair with massage and jet,01717_a92EuxDMAhp,300
eastidaho,Western bench,01212_eXCJCPjeP4y,350
eastidaho,Gaming table and chairs,00202_hwiXvfirYX4,500
eastidaho,Gaming table and chairs,00I0I_aGa7dhvuV1r,500
eastidaho,Twin bed,00U0U_gcDgc8eDEhZ,100
eastidaho,"Two seat, recliner couch",00R0R_10biuDLvKj0,95
eastidaho,Dinning table,00707_3NHw9yI3wxO,
eastidaho,Sofa..beautiful,00202_iotaUO2cTDM,235
eastidaho,$ Reduced...Large office chair with oak,00N0N_h9Lm3ZwqfXV,25
eastidaho,Race car bed,00u0u_bg0EVPKEyDl,340
eastidaho,Vintage Brass Twin Headboard,00R0R_g9JPPsHAQi4,39
eastidaho,"Very nice, nearly new, recliner for sale",00P0P_4gqa0CAnpuc,350
eastidaho,Blue Reclining Chairs,00i0i_dvsXqoUtyrZ,425
eastidaho,Student Desk with printer stand,00Q0Q_3Wupau9VWMR,25
eastidaho,Table and 4 Chairs,00T0T_64hoTfqr3eX,300
eastidaho,China hutch $70,00q0q_8p6NnFLER6K,70
eastidaho,Couches,00t0t_ar5RJK8sfER,600
eastidaho,Good condition leather Lazyboy rocker recliner (dark green),01414_bXkTdVfyiYB,175
eastidaho,Mirror,,25
eastidaho,Storage Cabinet on wheels,00000_ox18EGnns0,25
eastidaho,Dining table w/2 leafs and 10 chairs,00r0r_biMCP0cUCv,300
eastidaho,Dresser,00D0D_30x1Ze30svd,140
eastidaho,Sofa Couch,00k0k_iYZfT2Zxdjh,10
eastidaho,Beautiful end table or lamp table,00m0m_1GAtoZQxNZ6,40
eastidaho,Beautiful end table or lamp table,00U0U_cXhzTfYdXLn,40
eastidaho,Great White couch,01313_6rGqtuy4Lwq,140
eastidaho,Leather chair,00k0k_kTLgTTm23BF,50
eastidaho,Hickory bunkbed,00t0t_4Hup3lc1wnC,1250
eastidaho,Black leather futon,00h0h_3EjUfRQFIU9,200
eastidaho,fancy durable headboard,00505_c1Zyf5QZy40,180
eastidaho,Queen size water bed with a storage 6 drawer storage,00u0u_6FiCsFipDcG,250
eastidaho,Brand New Sectional,00000_lJcb6fF0Bkn,800
eastidaho,Mini estate sale - October 28,,
eastidaho,custom bench,00i0i_s18vZX3ymm,100
eastidaho,Buffet/tv console,00Q0Q_h3optju3kTj,224
eastidaho,End Table,00L0L_eG0nNS9bTdA,80
eastidaho,Hand made entertainment center,00C0C_lMBxXY4x47E,650
eastidaho,Chairs Striped,00000_3nS4XSbPXgu,40
eastidaho,Dining table sets,00Y0Y_gRGhdekE4Jl,
eastidaho,Pink Velvet Couch,00y0y_hjr2tLlH3R,300
eastidaho,Adjustable Office Chair,00Q0Q_fwWjCsmHkYA,80
eastidaho,Filing Cabinet,00M0M_bBW9wKxxrdO,40
eastidaho,Old Wooden Picnic Table,00P0P_J5LGr1cVrl,300
eastidaho,Old Wooden Bench,00303_etH0LXqNk1y,100
eastidaho,Bookshelf,00404_1np2o5ZBLXP,65
eastidaho,Wilderness Painting,00s0s_fUWy87rbNXd,300
eastidaho,Sectional Couch,00j0j_8K3PPV09cDu,100
eastidaho,Bunk bed and futon,00Y0Y_hdRoCBK3ne6,100
eastidaho,Sectional couch and round chair,00D0D_a9VCDLWFbWl,700
eastidaho,Sofa,00R0R_gTdqpzLRFex,695
eastidaho,Massage chair and table,,300
eastidaho,Vintage accordion Harp end kitchen table and 4 Wheat back chairs,00404_dSDbKEC8TAn,500
eastidaho,Vintage Vanity with mirror and bench,01313_8WD7r9OytcV,200
eastidaho,Beautiful quality Art work,00E0E_bmeNp2xU6Nk,100
eastidaho,Decorative ceramics,00m0m_lRnsavoBcvW,25
eastidaho,Beautiful Flower arrangement,00E0E_5hTSnlbl1Rj,50
eastidaho,***4 Wood and Metal Dinning Chairs***,00606_37RRE682LhT,265
eastidaho,California King Bedsets,00808_kXSu7mojvnP,300
eastidaho,Brown couch and love seat,00I0I_c11ziiloZZr,150
eastidaho,Recliner,00n0n_akfYtSFzixQ,70
eastidaho,Folding chairs,00i0i_5SpSLqcQdQ8,20
eastidaho,New Twin box-frame FCFS COME GET IT,00x0x_4K2eFXts0yw,
eastidaho,Dining Room Table and Chairs,00w0w_k79vIYrt2AA,100
eastidaho,Queen bedroom set,00101_lKExEAHHy0l,500
eastidaho,Dining table,00i0i_l7svF8k40Nj,50
eastidaho,"$50 - IKEA Wardrobe, hanging space + 2 drawers",01515_2USysnMkpug,50
eastidaho,Glass tv stand,00T0T_3xuIUKbndaj,70
eastidaho,Office furniture,00404_eRLYBZGMQPR,1800
eastidaho,Twin bed and frame,00Y0Y_c2QecOD0iaL,350
eastidaho,Cream fabric chairs,00u0u_6NPOKwojCXK,450
eastidaho,White distressed bench,00P0P_3ubUigwhyTe,100
eastidaho,White Futon Frame,00X0X_aKCtnrqaW1d,10
eastidaho,Distressed black and red china hutch,00n0n_6zFvP8qpgXT,250
eastidaho,King sized mattress,00T0T_7rzhax8nPmV,600
eastidaho,Queen Mattresses!,,40
eastidaho,Patio table,00q0q_bmDwbf9I39s,20
eastidaho,Black stool,00707_lcltelGeRmy,15
eastidaho,Kids metal stool,00v0v_hoWgTllojTo,20
eastidaho,Pot holder,00f0f_hx5vGvfQw4P,20
eastidaho,Kids stackable plastic chairs,00b0b_aBRbAI63zVd,15
eastidaho,Yard furniture,01717_8KwkrN8wnI5,125
eastidaho,Bramble chest,00t0t_gzFsmBtzY9D,150
eastidaho,Couch and Accessories,00t0t_8BXfp2jU08y,260
eastidaho,Entertainment Center,00P0P_753laBnhub9,125
eastidaho,Twin and full size bunk ed,00u0u_76J9s4fMM61,80
eastidaho,Entertainment Center & Coffee Table,00E0E_aKeoWhkb6sZ,200
eastidaho,Table and chairs,00i0i_grO1vAHEkhI,150
eastidaho,Couch,00U0U_9ss47sOY7IO,150
eastidaho,Vintage Telephone Table,00707_4uBeBexSoB8,40
eastidaho,Kitchen Table / Hutch / Chairs,00606_lY7JlNvfmBw,500
eastidaho,new chair,00808_kThzToEBdEz,100
eastidaho,mirror,00C0C_lG7tRKQ1JZL,100
eastidaho,Settee,00F0F_kwD3T0AOnxX,125
eastidaho,bar stools,00f0f_ErO4XSF2kg,10
eastidaho,Dresser,00h0h_cQYGgpj1VVA,25
eastidaho,Adirondack ski chair,00j0j_9sDfuhQRrGW,195
eastidaho,Antique Red Velvet Tufted Chair,00D0D_8hDZlFsk6Q4,
eastidaho,Cabinet,00h0h_5ebOKfnspfm,100
eastidaho,Mobile Money Stand,00l0l_95EcPtJKCyB,160
eastidaho,Cupboard Stand,01212_ORrKdnT9mX,80
eastidaho,Open cupboard stand,00n0n_1beALZLkEgf,45
eastidaho,Cupboard Stand,01010_cMo1NI8LAR8,60
eastidaho,Leather recliner and oversized chair with ottoman,00U0U_9oVwG0c7o3,350
eastidaho,Wooden queen sized headboard,00M0M_jiDA90RoYzz,100
eastidaho,Oak Fire Place,00M0M_lS4Qgjh6lCi,100
eastidaho,White dresser/changing table,00W0W_4sEIVYCvH21,30
eastidaho,Black Futon  from target,00Z0Z_hJznUlS6EvO,75
eastidaho,Beautiful armoire,00w0w_5isTwuCCGyH,250
eastidaho,Antique dresser,00u0u_lVOcIBgjl8v,200
eastidaho,Tan Couch,00U0U_8ohslQQYawL,60
eastidaho,Large end table,00x0x_eRSmPnik09T,50
eastidaho,L shape desk good condition,01111_h96RZt4mHnM,45
eastidaho,King size iron bed frame,00s0s_8diIGVbnhcW,50
eastidaho,Countertop Cupboard Stand,01010_cMo1NI8LAR8,40
eastidaho,Rolling Cupboard Stand,00q0q_l8n644rM3qk,120
eastidaho,Mirror,,80
eastidaho,Lawn mowers,00j0j_47bui2kTG3f,100
eastidaho,massage chair,00g0g_3jViROSS9pS,400
eastidaho,Desk,00m0m_iNacE7oGliR,75
eastidaho,Legal Size Filing Cabinet,00h0h_dKOpzL1Ob9U,50
eastidaho,Office Desk,00x0x_3lwjV7zjSmW,50
eastidaho,Vintage Mirror,00V0V_dvsdOOemwKZ,15
eastidaho,Greg Olsen - Gentle Healer (Painting of Christ),00z0z_lFvzBvFi1fl,250
eastidaho,DINING TABLE AND FOUR CHAIRS,00l0l_6USxggi8xFb,75
eastidaho,LOG END TABLE OR NIGHT STAND,00C0C_4z9HTd6BXGM,125
eastidaho,LOG BENCH OR COFFEE TABLE,01111_2LcorFSbHD0,200
eastidaho,4 bar stools- Robin Egg Blue,00v0v_2vWvyy8D5CX,150
eastidaho,unique man's leg table,00l0l_7lG3k2Y3Val,225
eastidaho,Nice table and chair sets,00F0F_jeRDBeaKCEt,145
eastidaho,Used barber/beauty chairs/equipment,00i0i_kJUubj2miMU,100
eastidaho,Queen delux mattress and box spring,00O0O_5RvttRQbrM1,225
eastidaho,Twin Day bed with roll our trundle,00e0e_9f538D69fNE,190
eastidaho,Twin Loft Bed,00L0L_j5NcKALpWas,90
eastidaho,solid pine storage cabinet,00606_7t3EtPuffkW,100
eastidaho,Hand forged metal queen bed frame,00T0T_3AS7DzMwlJt,300
eastidaho,tall kitchen table,00000_gojJM3iog3D,150
eastidaho,storage bench,01717_lMKCMkQ8tm4,100
eastidaho,Ethan Allen Glass Coffee Table,00S0S_4WNbsNolcb3,150
eastidaho,"Tv stand, dresser with mirror, computer stand",00C0C_7KchCiW7x3n,1
eastidaho,Tv stand/entertainment center,00v0v_3yn5XkqCIuc,250
eastidaho,Recliner,00f0f_3lZSqVZKSVK,100
eastidaho,Dining Table and Chairs,00j0j_ln8j69E291q,50
eastidaho,Armour - Beautiful 6 piece Lighted w/ Chest of Drawers,01010_higNX7BU4BH,995
eastidaho,Bramble Hall Tree with storage,00505_2Aepre5tiIa,500
eastidaho,Queen size bedroom set,01515_8YKCGFF0dfv,500
eastidaho,Full Size Metal Bed Frame,00M0M_gS0GyQGXuD2,24
eastidaho,"Coffee table, end tables and entry table",00D0D_3kBkKkpXK4C,200
eastidaho,3 glass shelf with tv mount,00d0d_hxVmKNZhHnq,65
eastidaho,Set of couches,00j0j_cMp9XQHbxbR,270
eastidaho,Dinning Set 5 pc.,00R0R_lazS0FPjsP3,170
eastidaho,PILLOWTOP MATTRESS,,100
eastidaho,Folding Chairs,,5
eastidaho,Girls bedroom set,00U0U_lWZzUOArFVO,200
eastidaho,4 CHERRYWOOD OFFICE END TABLES,00J0J_lgXbUQTuj0q,250
eastidaho,4 PIECE VICTORIAN LIVING ROOM SET,00U0U_9jTmoFEFqYv,900
eastidaho,"Acacia Wood, Counter Height Dining Set/8 Matching Chairs",,625
eastidaho,Oversized chair,00404_8NOHv1p6po8,50
eastidaho,Couch for sale,00v0v_97T4HGge5JY,40
eastidaho,Full over Full Bunkbed,00R0R_dM5COHMjX1q,1000
eastidaho,Queen Headboard Footboard and Frame,00W0W_j6rpDfcacjX,300
eastidaho,Big sturdy desk,00y0y_85va2ivVPgJ,25
eastidaho,Blue couch,,75
eastidaho,Couch,00000_3P2yOhwLGHm,300
eastidaho,Dresser and night stand,00T0T_9NF6lNWdQKd,185
eastidaho,Pictures,00D0D_d0ODxxoZend,265
eastidaho,Steel Bed Frames,00o0o_kFc6WeCs7gY,10
eastidaho,2-Industrial/Farmhouse Style Wall Sconces,00f0f_lc96UCPtSYh,30
eastidaho,Concrete Table,00s0s_gbwtDZEpD97,600
eastidaho,"Beautiful, comfortable, strong couch!",00D0D_bqbkCDhTJBn,25
eastidaho,Couch & love seat,00a0a_4lnIkO2L7zr,80
eastidaho,High end leather sectional,00101_cLZwfEAlosw,4500
eastidaho,beautiful overstuffed leather couch,00j0j_6FUqcz1MQP6,200
eastidaho,Loveseat for sale,00r0r_hmp9rZu7C7Q,50
eastidaho,Queen Pillow-top Mattress with Boxsprings CHEAP!,00r0r_iDaBWyUHKsE,175
eastidaho,QUEEN PILLOWTOP WITH BOXSPRINGS NEED GONE ASAP!,00r0r_iDaBWyUHKsE,150
eastidaho,KING PILLOWTOP WITH BOXSPRINGS NEED GONE ASAP!,00r0r_iDaBWyUHKsE,175
eastidaho,Mahogany wood dining chairs Queen Anne legs,,100
eastidaho,REAL Amish Oak dining set,00F0F_8TChSEQa4XA,1
eastidaho,Beautiful custom entertainment center,00909_7nFqUdL6zLS,300
eastidaho,Love seat,00404_h4nfuPzn4xC,50
eastidaho,Armour - Beautiful 6 piece Lighted w/ Chest of Drawers,01010_higNX7BU4BH,995
eastidaho,School Desks,00505_kBLzQB2aIAz,15
eastidaho,"Rocking chairs, Ethan Allen and 2 more",,30
eastidaho,Cali king bed SCAM,00X0X_88RGYYok0RG,200
eastidaho,Hutch cream/white color,00808_8WbzT06zh3S,350
eastidaho,Every thing must GO....650$ obo,00O0O_dFdk13BOcHj,650
eastidaho,Retro coffee and end table,00E0E_bae4naiyBYu,40
eastidaho,Kitchen Table,00303_6ww4PUXU6n5,450
eastidaho,couches,00f0f_1AIPexwLsgm,450
eastidaho,Round pedestal solid wood table,00H0H_3Cl0JUUzuf8,125
eastidaho,Victorian Sofa,00v0v_kbJijnpSXVC,650
eastidaho,Three coffee tables for sale,00c0c_9RObiQ3KnF5,125
eastidaho,3-piece bar table set,00808_9ZeK5I9Wmu8,250
eastidaho,Marble table,00B0B_jQu7AHZkHso,350
eastidaho,childs camo fort bed,00P0P_fnvK5KAAcmh,150
eastidaho,$90 PETCO gift card I'm selling for only $50!,00A0A_7cxOFPbVEBE,50
eastidaho,Sectional couch for sale :100$,,100
eastidaho,TV Swivel Platform,00303_dRTxXWCIrUj,10
eastidaho,Rock Container Stands,00606_hy04r5fgfZ7,80
eastidaho,Mirror Corner Stand,00X0X_6BWdehlogNR,60
eastidaho,Black Leather Couch,00y0y_bpn89nrB4Uk,175
eastidaho,Pine dinner table with chairs and pine hutch,00505_6QbLkBSM3Zn,1000
eastidaho,High table no chairs,00o0o_21fcP7NDn9B,30
eastidaho,Coffee table and 2 side tables,01414_auIz4XXk0Hc,250
eastidaho,Queen size bed includes all,00R0R_lt3AH5SGjMY,200
eastidaho,Brown Sofa,00000_aFQk9NIWDq4,300
eastidaho,One of a kind end tables,01515_5CVpahiToRn,60
eastidaho,Rustic Farmhouse Coffee Table Made Of Reclaimed Wood for sale,00m0m_2Cj0ty14R9Z,350
eastidaho,Good Condition Purple chair,00S0S_dOD0EZM48CA,25
eastidaho,55 gal Fish Tank Stand,00y0y_6VZksaobUBT,75
eastidaho,Cali aking bed set for sale 200$,00Z0Z_fAJr96qLgr3,200
eastidaho,Brand New Custom Coffee Table,00G0G_9zFEXiJw6yH,150
eastidaho,Table - Oak,00H0H_abKO18P9ZBN,80
eastidaho,COUCH END COFFEE TABLE,01111_2B9ArviKiX1,
eastidaho,Couch,00Y0Y_6MUL61uWiG8,
eastidaho,Couch Hide-a-Bed,00a0a_eP1nYEmBkqz,
eastidaho,Office Chair,00v0v_kkyw4DMyxkc,20
eastidaho,BEAUTIFUL GOLD DISPLAY CASE,00k0k_9DdYD7W0GmZ,40
eastidaho,***BEAUTIFUL ORNATE HUTCH***,00G0G_eeLTrrib2UT,299
eastidaho,Like new Office Credenza,00j0j_aJ3bCnOs1Mi,275
eastidaho,Elegant floral couch,00X0X_2GD8W0ILFLh,120
eastidaho,Oak-look twin bed frame,00E0E_7BNAvLQNYmw,20
eastidaho,Red sofa,00f0f_561OR2EnllQ,250
eastidaho,Solid wood side table,00J0J_blLBvyqHoMc,20
eastidaho,Solid Wood Antique desk,01010_c57SYugzqGu,80
eastidaho,Solid Oak Chest China Cabinet,01111_d40zZMODriw,450
eastidaho,Queen bed frame,00v0v_jfy9MrIsYbt,175
eastidaho,Complete Queen Bed Set,00m0m_kPpfHkGQxEy,800
eastidaho,King boxspring,00C0C_kE3O3kqW75k,75
eastidaho,30 gal fish tank,00n0n_1LCNbKEPwgV,75
eastidaho,Solid White Qak Dining Chairs,00m0m_k73MpAPsXH6,350
eastidaho,Solid Yet Classy Enertainment Center,00E0E_5mNGXqyNXeS,125
eastidaho,Light brown microfiber couch,00P0P_dt0waJGhhkS,60
eastidaho,Twin size bed,00T0T_kGxC3SM0g2g,150
eastidaho,table,00F0F_4HvEHRyxI8U,30
eastidaho,Bedroom set,00u0u_63x5cA0LbEQ,400
eastidaho,computer desk,00A0A_7ygyJ4lgaAS,45
eastidaho,File Cabinets,00Z0Z_eGUXGXL7KP9,35
eastidaho,"CHAIRS, lawn, patio, folding, vintage",00Z0Z_i7g4BYIXaBM,44
eastidaho,Bar Cart,00h0h_bqkUHygUozw,50
eastidaho,Fish tank,,150
eastidaho,Brown Leather sofa,00e0e_jbn4KPyMIYi,600
eastidaho,Entertainment center Make an Offer! Need Gone!,00t0t_bIGUlPfqfAn,
eastidaho,Highland House Floral Love Seat,01111_dywe7fQXgQN,25
eastidaho,Small Table,00M0M_ljoE1XZqlEa,20
eastidaho,Bookshelf,00l0l_e0Ucqdc0c5C,30
eastidaho,Coffee and end table set,01212_5jETpjYTgNS,300
eastidaho,set of Book cases with file cabinets,00X0X_4VdehkKy5dk,400
eastidaho,chrome chairs with gold vinyl,00n0n_5IrpOIb7e8I,10
eastidaho,Cabinet,00y0y_9xguGl4s1zx,30
eastidaho,Sofa,00I0I_9Nuz9hxhLsp,100
eastidaho,Mini fridge,00808_90jR4e1CiDd,
eastidaho,Wood outdoor chairs,00F0F_c1DjVK0mBfk,20
eastidaho,Stand with extension,00j0j_oHBEnDd6SD,30
eastidaho,Mirror Dresser,00q0q_fbrXu2Wpzhk,4500
eastidaho,Dresser-Vanity,00L0L_4XNqLAhPjzg,4500
eastidaho,VINTAGE LOG COFFEE TABLE OR BENCH,00X0X_lfHNe3juUk7,350
eastidaho,Beautiful Rustic Ranch Western Molesworth Style Sofa,00E0E_irk3Edu6Qfh,
eastidaho,Molesworth Style Dining or Office Table.,00D0D_ifJnCggzapi,475
eastidaho,Solid wood TV armoire,00a0a_dTfrItej0pT,75
eastidaho,Chairs-Wood,00Y0Y_kMJKfb7bl6x,60
eastidaho,Bar Stools,00303_30SkS1gZALY,75
eastidaho,Mirrors,00A0A_ffZvtccx0x3,50
eastidaho,$REDUCED..Large wood hutch..good condition,00T0T_cI3B7F0zeRg,35
eastidaho,Stools,00c0c_ggMLicTY2QH,15
eastidaho,Cowboy chair,,200
eastidaho,Queen size bed/box spring/frame/headboard,00P0P_6XsEJ4XeRBB,200
eastidaho,Multiple items! Need gone asap,00z0z_EZedT0qL5z,300
eastidaho,"Large Oak Entertainment Center, Bookshelves, Wardrobe",00w0w_lncEK83EyoV,50
eastidaho,Hancock & Moore Leather Recliner,00909_fb4T3OyK891,1800
eastidaho,Small Wooden Desk,00o0o_j8ooLu1rzRc,35
eastidaho,Black TV Armoire,00l0l_7GFbENVBLLZ,150
eastidaho,"Chairs, Ottoman, tables, rocking chair, Italian picture",01212_lLxjvx7kH1w,1
eastidaho,Lane tables,00u0u_gIA8suSAX1L,600
eastidaho,Ladder Shelf,01414_3vR5GgTyWS1,25
eastidaho,Kitchen table and 4 chairs,00000_lEqN6xeQMAr,300
eastidaho,CHRISTMAS PORCELAIN DECOR,00I0I_35nQlnNDKm,200
eastidaho,GRAND NOEL - POLAR BEAR FIGURINE SET,00J0J_5efJpIaoyP,100
eastidaho,LEATHER CHAIR. Height adjustable w/steel foot rest,00s0s_4O6mtN5JA7e,20
eastidaho,Super cute comfy couch and ottoman,00y0y_h3i32XJXmWJ,600
eastidaho,Gathering Table Like New,00f0f_6ETX3AAwdBf,425
eastidaho,Large flower picture,00z0z_beluWYznNm8,45
eastidaho,Changing Table,00Y0Y_gCc4jbRTlY4,85
eastidaho,Broyhill Loveseat,00F0F_amthzDlv5Fk,125
eastidaho,Olivia Dollhouse Bed,00g0g_eB4GuB1bGwq,600
eastidaho,Couch Sectional,00f0f_epdIlTpZWRM,120
eastidaho,Adjustable bed frame,00B0B_l0OshayjkDf,500
eastidaho,New cordless window blind,00X0X_6XQxABFrdEs,50
eastidaho,Fainting Couch,00808_ktpnkdu9zE7,1500
eastidaho,Solid Oak Stereo Cabinet,00z0z_dkb9TRKMYqY,60
eastidaho,Twin Captains Bed,01717_8I5CJUtN7xt,250
eastidaho,Dining room set,00D0D_65THZ137MRr,2000
eastidaho,King size memory foam mattress set,00w0w_edmR8AiEmcr,500
eastidaho,Leather Couch,00f0f_elVvy1950tB,1000
eastidaho,Couch,01010_iWzLrFW3F4V,50
eastidaho,Couch,00E0E_iTEpnAK2Jvb,50
eastidaho,*NEW* Martha Stewart Storage Benches,00j0j_9tlP7LQDy52,30
eastidaho,Solid wood chairs,00W0W_aXFCguv9fT3,10
eastidaho,Tranquil Ease heated massage chair by Raffel Systems,,200
eastidaho,Wicker end tables and coffee table,00d0d_aqTkJmNCcfG,99
eastidaho,Wicker chair,00707_5yeAoQ6bynr,79
eastidaho,Cherry sleigh bed and dresser queen,00W0W_b5R5N3uaZXP,375
eastidaho,Lamps,00C0C_7lYZqM5hqk4,25
eastidaho,Swivel Stool,00e0e_hvOzpjLVEyX,20
eastidaho,Dresser desk,00J0J_briqTRfLBFL,200
eastidaho,Solid Wood Desk,01212_dgpXxSk5C5,200
eastidaho,Chairs-wide,00b0b_2oxYwCEgMo7,50
eastidaho,Bed Frames and comforters,00404_bz0YuC0XVSL,
eastidaho,Ceramic Pillar,00W0W_5QkjIxv3HWx,50
eastidaho,Stand with cupboard shelves,00r0r_9YHxwAvYpIY,60
eastidaho,Paintings,00303_iyUD1Iu0i5B,200
eastidaho,Twin Head Board,00l0l_jZaW30N5gLc,65
eastidaho,Shoe Mirror Bench,01515_xiPlTBox6A,50
eastidaho,Paintings &Pictures,00I0I_hai6jXnfnOv,150
eastidaho,Heavy Shelving,00G0G_k5yWpF5Lz6O,
eastidaho,"Bed, Dresser, Desk combo",00c0c_6zDTahaUxEA,280
eastidaho,Rocker/Recliner,00I0I_g2fU0PRkwRT,135
eastidaho,Beautiful rustic looking shelf and coat hook,00n0n_1ihb4mXGD00,60
eastidaho,Table,00Q0Q_lY17FJ0UOu7,200
eastidaho,Easel,,30
eastidaho,bar stool,00G0G_BzeBvUsinl,5
eastidaho,New In Box $70 Creative Motion Alien Lamp,00f0f_36m6GSkUFAZ,25
eastidaho,Sauder Barrister Lane Corner Entertainment Stand In Salt Oak,01515_9Jes3GD9Dp9,150
eastidaho,Entertainment center,00f0f_boRMbadQ0Ae,300
eastidaho,Table and chairs,00l0l_aZNLtQc1K6v,1500
eastidaho,ENTERTAINMENT CENTER,00s0s_3mJcTFZ9MZJ,75
eastidaho,Computer Desk oak FREE,00V0V_cEt3tLzrHCq,
eastidaho,Glass Table (magic),00l0l_fcycbmySIar,50
eastidaho,TV Cabinet,00k0k_gRdmY8UWbJH,20
eastidaho,Chair x,00G0G_iOrVrTDGtbR,60
eastidaho,Desk,00T0T_h3ZDq7CJE5e,30
eastidaho,Love Seat,00Q0Q_dM3mG83JJ2f,25
eastidaho,Mirror,00j0j_5DR6Kl1s216,30
eastidaho,Cabnet,00D0D_8ItrgpTRYCX,15
eastidaho,Chairs,00i0i_bw2ZSIZ91uy,7
eastidaho,Decorative pillows and throw,00V0V_iHy5Zx0NNJp,25
eastidaho,Lamp,01515_d9r8R679e3A,10
eastidaho,Brass lamps with glass pendants,00B0B_fEIylc7GKnS,40
eastidaho,Chair,00H0H_hE9kiVfdkK1,10
eastidaho,Chairs,00j0j_4qUehXlFZKB,15
eastidaho,Desk,00Q0Q_dfgxkqiQokD,25
eastidaho,Pet house,00k0k_19J5pDaI1As,20
eastidaho,Outdoor furniture cushions,00l0l_6Osl0uJa5im,10
eastidaho,sofa,01313_izppADtIob6,75
eastidaho,Heavy Duty Shop/ garage/ storage cabinets,00o0o_7DRLHKDFxel,75
eastidaho,Framed Picture,01212_erCeXj0eire,40
eastidaho,Reclining Rocking Chair,00h0h_kVarj7UIzlZ,50
eastidaho,Rocking Sofa Love Seat,00j0j_hCIiDb2Z91y,45
eastidaho,solid wood kitchen table plus 6 chairs,00y0y_k33pECR20HM,380
eastidaho,Wood bench,00Q0Q_fkeJl2cMgax,40
eastidaho,Chairs,00G0G_6MDccXyz1Fq,50
eastidaho,6 patio chairs,00O0O_1oaGurTZjGS,150
eastidaho,Various bed sets,00H0H_9eJZ3IytWuA,35
eastidaho,Ornate Queen Headboard,00Z0Z_OTouS2qcHw,95
eastidaho,LOG TABLE WITH GLASS TOP,00m0m_epunKJnbxoq,50
eastidaho,Bungee Chair,00C0C_8fujA3YUk9z,25
eastidaho,oak roll top desk,00R0R_gsHTBwAX6po,350
eastidaho,"FREE Velveteen Sofa, cat urine problem",01212_gUB00ZRiG4b,
eastidaho,Cool twin size bed frame/mat,01515_kmZ353bwl0Y,100
eastidaho,Nightstands,00Y0Y_2KhCWhCUYUB,5
eastidaho,Decorative table w/tablecloth & glass,00Z0Z_92Lbiqhg4px,20
eastidaho,King size sleigh headboard,00e0e_3PUGJfn2x5d,100
eastidaho,Price reduced. Rocking chair solid wood,00d0d_7v3G5ZQB4nD,65
eastidaho,Distressed dresser,,80
eastidaho,Leather couch,01717_hVfLL3CzBuw,750
eastidaho,Love Sac,00D0D_ehTEYlegexs,400
eastidaho,Nine drawer dresser,00v0v_gXxQFfzPlDr,189
eastidaho,"Ethan Allen couch, leg color can be changed",00F0F_dMlzMc5zwFR,350
eastidaho,RC Willey Table or Glass Table,00G0G_7lbLd3SyB8F,50
eastidaho,High Table and 6 chairs,01717_cAayRTaC9io,325
eastidaho,Pull-out Couch,00404_4yTEWPUIjgd,100
eastidaho,Lighted Display Hutch,00g0g_5SXzOeBgItB,175
eastidaho,Desk for sale,00x0x_1oxHsXEUxIG,500
eastidaho,Chair,00d0d_auF3OZlFNOi,10
eastidaho,end tables,01313_1VMHclDT1Wd,10
eastidaho,Chair,00b0b_8nL7gmeio6p,75
eastidaho,Table,00W0W_ifUVMqGG4UU,25
eastidaho,Reclining sofa,00j0j_fj7QthEVPJZ,600
eastidaho,Wedding Dress,00505_2knJtyFqyCN,300
eastidaho,Rocking Chairs,00C0C_4rVKPEYAvqV,40
eastidaho,Black leather recliner,00o0o_fABa73A0qUz,200
eastidaho,Quality furniture for sale.,00k0k_3czgPQZom5p,125
eastidaho,Golden Lift Chair - FOR SALE,00W0W_7h9XaxXyXAM,650
eastidaho,Table - Oak Coffee Table,00u0u_26UpnScIU6Y,1800
eastidaho,Double double grande short cabinet,01313_7qdpxCQNh8W,950
eastidaho,Cabinet,00u0u_3iTt1HeJeS3,950
eastidaho,Computer table,00H0H_gkWhPZT0rgO,50
eastidaho,Table - Round Oak with 3 Benches,00T0T_4GLprQmR0Se,5500
eastidaho,Oak Entertainment Center,00P0P_2XZpJTvuTM,2200
eastidaho,Dressers,00606_9cVFW1wm8xU,100
eastidaho,Bed & Desk Set,00505_jKorDw6fYEn,499
eastidaho,Thomasville dresser,01616_g9zTrAMPXiG,175
eastidaho,Tempurpedic king size bed,00F0F_7sJulqEq0VT,1500
eastidaho,Solid Oak Endtables,00O0O_3ebMGzLfBUJ,500
eastidaho,Adorable Antique Chair,00F0F_4ckeuWhWFq4,150
eastidaho,Shabby Cottage Chic Couch,00w0w_dAjBbFROCGu,225
eastidaho,Counter Height Kitchen/Dinning Table,00F0F_kyH7nhHUKSL,80
eastidaho,Misc. Furniture,00505_bXWyOGJt5k4,
eastidaho,Desk,,50
eastidaho,WANTED:  Mission / Craftsman Furniture,,
eastidaho,Solid Dining Room Table w/5 chairs,00t0t_5Z53Ek1HTJ4,170
eastidaho,King Mattress WITH Boxsprings! Great condition!,00r0r_iDaBWyUHKsE,300
eastidaho,Chair,00505_7VMcHk6BGVg,30
eastidaho,Chair,01111_b2kwH7m2nQp,20
eastidaho,End table,00z0z_86u7D8zz8uz,10
eastidaho,Chairs,01515_3ACy1fy4TMg,15
eastidaho,white matching couch and loveseat,,100
eastidaho,Beautiful Hardwood Dining Table and 6 chairs,00i0i_dPavkZPspya,550
eastidaho,Solid Wood Coffee and End Tables,00O0O_5Za0bVtQbMg,200
eastidaho,Wicker Furniture,00p0p_cSx3nlomUNE,100
eastidaho,2 end tables,00Q0Q_jSAPqYHSMph,20
eastidaho,Stereo Record Player Console with attachable mirror,00R0R_bFeL98vPowQ,150
eastidaho,Kings Chair-tall back,00p0p_44Y1hY1zL5v,75
eastidaho,Lamp,01010_eXMepPPUCZL,25
eastidaho,Sofa set,00R0R_gmpF3WSOI7G,500
eastidaho,Cute microfiber couch,01616_5QeXBj8BRtk,140
eastidaho,Dinner Table & chairs,00m0m_a3kOYLHirRr,75
eastidaho,Wall Mirror & Glass Table,00B0B_6zSS5Qyl7MA,100
eastidaho,Youth Bunk Bed Set with desk & dresser,00f0f_8u5PPk4ck99,1000
eastidaho,Ikea China Cabinet,00606_cm0ZnsUO3Lx,45
eastidaho,QueenAnne Chairs,00707_ixX1Vt5nJfq,350
eastidaho,Hall /Umbrella Stand,00606_2IFjhAeaEeh,100
eastidaho,Set of Four Upholstered Dining Chairs,00j0j_7YcaSBk0x5Q,100
eastidaho,SOLID OAK DESK,00H0H_9jJlakSonu8,300
eastidaho,Sectional,00505_kk1cQFWddKf,400
eastidaho,5 piece Bedroom set,00p0p_4Qki5dEK0pa,500
eastidaho,Nice mattress,00o0o_it2NSTDZzmJ,75
eastidaho,Beautiful Vintage Dresser,00Y0Y_1NIU79m2sA2,275
eastidaho,Love seat sofa with cover,00i0i_9tWFj6CIqSv,30
eastidaho,FULL MATTRESS SET,,200
eastidaho,LOG BEDS,00q0q_4ojyQNHiF2p,400
eastidaho,LOG BEDS,00q0q_4ojyQNHiF2p,400
eastidaho,9 drawer dresser,00f0f_c2JumoWqnTE,500
eastidaho,MATTRESS SALE,00u0u_XKfUnvxywF,
eastidaho,Stained Glass wilderness lamp,00H0H_hkiwz2PqZDZ,600
eastidaho,Peg Board Display Stand,00N0N_92wOJYCUFgO,50
eastidaho,Mirror-gold frame,01515_6maqPMkYeA7,80
eastidaho,Painting of Couple,00z0z_gXKWjyCXg5G,150
eastidaho,Drafting Desk,00303_cRfQ5a2MKYB,100
eastidaho,Pool table and accessories,,300
eastidaho,HUGE BEAUTIFUL WALL DECOR MIRROR,00T0T_3Uztgt41DXT,60
eastidaho,Hutch,00X0X_cHPA7pSwdE8,200
eastidaho,Sofa and love recliners,00l0l_bZsTjylzTav,100
eastidaho,Very Cool Collectible Old School Desk Sears Roebuck,00101_2eyEAFnCGqa,30
eastidaho,Tan Microfiber Couch,00606_2FgvcEcoWwn,100
eastidaho,Brass Bed Frame and Mattress,00c0c_3yWNt3NeLEg,50
eastidaho,Lazy Boy Sofa Bed Full Size Plaid,00r0r_3j5WoXMqCio,50
eastidaho,"Adjustable Beds, Head & Foot Massage",01717_1u2twPNDsHk,800
eastidaho,Round wooden dining table and two cloth and brass chairs for  for sale,01212_9uFif92QyJ3,20
eastidaho,Wooden swivel entertainment stand with cabinet doors,00d0d_6SjpMatYMny,5
eastidaho,"Modern, industrial side table and lamp table",00G0G_3Gc5Q5p01CA,165
eastidaho,Tall black woosen stool,00X0X_81cNXXN096u,5
eastidaho,large wooden farm house table W/ 4 chairs,00r0r_byl9n0bOygb,85
eastidaho,very nice love seat at great price,01717_IFjtNym173,45
eastidaho,Two round wooden  end tables,01717_cuS2U1bIcHy,15
eastidaho,Queen pillowtop mattress and box spring,00a0a_8KR9UMwrIc7,500
eastidaho,MATTRESSES!,00u0u_XKfUnvxywF,
eastidaho,MATTRESSES,00u0u_XKfUnvxywF,
eastidaho,Table and 4 chairs,00d0d_bzRxJCWDjWy,220
eastidaho,Lamps,00d0d_fUhqsp8rW22,60
eastidaho,End tables and Coffee table -three piece,00A0A_5APWeb5HIjM,90
eastidaho,Art Deco table,00x0x_7CZeBtSXxB1,150
eastidaho,Green chair,00x0x_2Q4r0YWT2Jn,50
eastidaho,"Metal Dining Chair, Indoor Outdore Use",00C0C_8EiVrBVAsNy,20
eastidaho,"Marshalls 52"" ceiling fan",00303_chvIsJiYhgI,65
eastidaho,Lamp,01515_5otRy93tJoU,25
eastidaho,Dining Table and 6 Chairs,00t0t_k4VujSCZolF,65
eastidaho,Rocking recliner,00q0q_9UbRfRlgirg,50
eastidaho,Table & Chairs,01010_l6L8aBpaJB0,225
eastidaho,Console Table,00W0W_45rT8nyretM,140
eastidaho,Kitchen Island/Table,01313_dTbrb8ZkRIt,350
eastidaho,Flex Steel leather sofa,00L0L_hk4d3U6FgHO,1200
eastidaho,Rocking Chair For Sale - $100 OBO,00R0R_by6VOOeFaYz,100
eastidaho,Ethan Allen CA King bed frame,00J0J_giapKQ7zb7z,350
eastidaho,"TWO TV STANDS, TWO DIFFERENT PRICES",01515_fKjjm3WuWur,35
eastidaho,LAMP,00l0l_7HbT9bbrUjX,20
eastidaho,Solid Wood Bunk Bed,00t0t_hSYVaTUo2zS,100
eastidaho,DARK EXPRESSO AMORIE/TV STAND,00303_2WXlFzxoK9I,300
eastidaho,Lift Chair,00j0j_lCRc6yH598p,450
eastidaho,Dining table with leaf and 4 chairs,00L0L_hIk0JGH8QNp,180
eastidaho,Table pink,01414_8iFpPVvq14g,15
eastidaho,Patio chairs,00B0B_XzMwE1dhlF,20
eastidaho,Brown love seat,00y0y_23lCp12lYHX,100
eastidaho,Couch set,00r0r_aGkIiwHyPT,150
eastidaho,Miscellaneous Furniture,00e0e_ecMS8LB7kEB,
eastidaho,"Baby crib, mattress, bedding",00707_1eV9hxE6a73,160
eastidaho,Windsor chairs,00Y0Y_2PDRtbiB6VS,40
eastidaho,recliner and ottoman,00T0T_8RRolzJIw1J,75
eastidaho,"Dining Table, Chairs, Serving Hutch",00202_atYlBT1qIvW,600
eastidaho,Black-Couch-Loveseat-Rocker Recliner,,500
eastidaho,Antique rocking chair,01010_6im0bsbRIBg,75
eastidaho,2 Brand New-Never Used Nightstands,00606_gMs1SkUSZN8,125
eastidaho,Rocker Loveseat,00i0i_42wjSFes08U,75
eastidaho,Rustic Couch,00A0A_jbda0NnmBKy,50
eastidaho,Golden Fabric Chair,00c0c_9ceG75ztv6i,99
eastidaho,"full size mattress,frame, pad and sheets",00p0p_dzq6dQdBpTN,100
eastidaho,Log Loftbed frame,00j0j_4zrwJGhk3fR,80
eastidaho,Couch,00z0z_aFyUFzwRI99,65
eastidaho,3 Wardrobes,00O0O_lGSRrLjBj4s,30
eastidaho,Sofa and Love Seat,00e0e_4TrAmlr42rg,500
eastidaho,Antique Beautiful end table or lamp table,00j0j_8wbK18WIAzG,50
eastidaho,Antique Beautiful end table or lamp table,00b0b_bRf53QeKsWH,50
eastidaho,Vintage table,00D0D_d0SxZ8Zpfjd,30
eastidaho,Dinning table,00L0L_hw8DYhm7pEp,20
eastidaho,10ft Gazebo with LED Lights,00c0c_36m90bdp0mX,200
eastidaho,Full Shade Event Tent,00e0e_7eeD0RGac66,150
eastidaho,RC Willey Dark Brown Table,00X0X_eg1uvZs91VV,250
eastidaho,Couch/futon for sale,00Q0Q_idAbHSpycWn,180
eastidaho,King size bed frame,00b0b_5Q4T1SccHpv,25
eastidaho,"$$ Reduced ""Like""new Curios - China Cabinet",00u0u_ef3k0v93g6q,395
eastidaho,"$$ Reduced ""Like""new Hall Stand",00W0W_lkDTUG3fQG8,198
eastidaho,Room Chair & Stand,00j0j_9f4wFWmJoGm,79
eastidaho,"$$ Reduced ""Awesome"" Upholstered Wood Chair-Recliner",00n0n_5Ns3q3bv0OJ,129
eastidaho,"$$ Reduced ""Beautiful"" Overstuffed Leather Chair",00y0y_bRIUgu2vdgR,129
eastidaho,"""Large"" Mirror",00O0O_cITN7ovVc2o,189
eastidaho,"$$ Reduced ""Beautiful"" Matted Picture (Alioa Fields)",00u0u_2zRSDHoLXZU,275
eastidaho,"$$ Reduced ""Sofa Table"" (Entry)",01313_1CpZvFjmmLl,79
eastidaho,"""Sofa Table""",00b0b_e7YAl6Imm9L,89
eastidaho,"""Ornate"" Metal Side Table Wine Rack",00W0W_gkiOGZqz0YF,99
eastidaho,"""Like new Metal Shelf",00I0I_1PSaMsYzFeH,129
eastidaho,"$$ Reduced ""New"" TV Stand",00e0e_71mll47HzvQ,199
eastidaho,Bunk beds with stairs,00j0j_2Rf2JUpIokR,400
eastidaho,Coffee/End Table,00Q0Q_dVBDsvKWdIt,40
eastidaho,Bar Stools,00K0K_1p6pdxctqS3,175
eastidaho,Table,00l0l_4Rjc8hEDrYp,10
eastidaho,Chairs,00s0s_6Amtq0CRIXl,15
eastidaho,End table,00F0F_fgHv6e5y602,15
eastidaho,Love seat couch,00h0h_9GCw4rIzCa,40
eastidaho,Coffee table and 2 end tables,00i0i_2luvbVrD30U,50
eastidaho,"Full-sized QUEEN RV Mattress, inner-spring",00404_6YVAXpl83Ki,50
eastidaho,Bran New Sofa,00P0P_7fTC5Elj5RP,325
eastidaho,Nice mattress,00c0c_gccans0W4Lb,400
eastidaho,High Boy Buffet- 1800's,00909_bgH9vzlpgko,375
eastidaho,Nook table with two swivel chairs,00U0U_lB1YouuwkNU,100
eastidaho,Wood dining table,01010_1r2KHtv3yNu,55
eastidaho,High Back Loveseat,00r0r_hjXLTCrZBot,50
eastidaho,Wooden cabinet,00e0e_7TrwMpAQLMg,5
eastidaho,Hide-a-Bed Queen Size Sofa/Sleeper,00C0C_2YxYgssSnf3,125
eastidaho,Antique Oak Rocker,00707_6BLjSUydxTU,80
eastidaho,Brinkman Gourmet smoker,01616_gracifEj1rd,50
eastidaho,Howard miller scroll work grandfather clock,00q0q_6YoLQow8rWc,700
eastidaho,Child's Nilo bench,01212_60Usmua8QrW,30
eastidaho,Bunk bed,,50
eastidaho,Chateau D'Ax Chair,00K0K_dqTTeLj61nb,750
eastidaho,Good Ole Chair,00G0G_h0aT1Xcyhhp,30
eastidaho,Brand new hall tree,00404_6TwWZy6PatE,130
eastidaho,Brushed Nickel Chandelier,00A0A_eJJX9JyuRSA,60
eastidaho,Vintage decor lot,00U0U_kdc8jwCxl2I,12345
eastidaho,Lift/Recliner Chair,00W0W_jBbhkDBnQBB,250
eastidaho,Queen size bed Like new,00b0b_cNjg1hx0hKA,500
eastidaho,2 Brown oversized recliner chairs,00O0O_koG3FumlfzF,150
eastidaho,New TALL BLACK KITCHEN TABLE W/CHAIRS,,200
eastidaho,Leather couch set!,00U0U_TIzVEEsiut,200
eastidaho,Outdoor wicker set,00404_9qx2baCaXbj,65
eastidaho,POOL TABLE,00S0S_8DBuCInwIBj,350
eastidaho,4x4 metal and wood angle carts for display,,40
eastidaho,Love Seat (chair and a Half),00h0h_cSlUdS8UQbr,100
eastidaho,Furniture,01616_95eKWw7mTDZ,1
