elko,we +++supply_++++ Chair and Ottoman,00303_lOG8iCfNA9l,1018
elko,limited offer Herman Miller __))Eames Lounge Chair,00L0L_dXoGeYaMWur,1017
elko,TOP ROOM FURNITURE,00h0h_7W8aV4nXYY5,
elko,chairs   (great for restaurant / bar),00a0a_aVYx4nLCt8v,
elko,15% off all Quality used furniture-antiques-home decor,00T0T_1tAhY9Kr2kQ,50
elko,2 STUFFED DINNING ROOM REGULAR CHAIRS AND 2 MATCHING FOLDING CHAIRS,00606_iKUmGKSmzm9,40
elko,+Original Chair and/// Ottoman,00E0E_7kb3A1erPJr,1015
elko,"queen mattress, box spring, and frame",,100
elko,Chair & Ottoman for sale,00Q0Q_6AItQHnAq65,1020
elko,Reclining chair. Electric,01010_7sGCJJHRsLg,60
elko,1900'S KINGSBURY PIANO,,
elko,we ///supply Chair___)) and Ottoman,00D0D_fSzvALcXFk1,1015
elko,only(( today)) at this price Chair and)) Ottoman,00808_9Q3Hq4QNtY5,1001
elko,Deluxe Black Leather)) Herman Miller Eames Lounge Chair,00Z0Z_jUrCqjGOL7c,1017
elko,Lozier Shelving,00l0l_2H1FWGMeNhQ,
elko,MOVING MUST SELL,01717_hG9Kav6ED8M,
elko,Dresser with Mirror and matching Nightstand,00Q0Q_Ct5oYS18JX,300
elko,Need more space? Super heavy duty Bunk Beds and Loft Beds!!!,00S0S_bU71qGz7iFX,395
elko,TWO QUEEN BEDROOM SETS,00d0d_2i3wtJ4bSkX,
elko,Tempurpedic Queen Mattress with ergonomic base,00b0b_7uZuXeIUxM3,900
elko,September sell-a-thon!!!,00g0g_hK0je0mMdbg,
elko,Purple Queen Mattress,00E0E_8JfKAgjjpgZ,550
elko,Purple King mattress,00E0E_8JfKAgjjpgZ,700
elko,Desk,00Z0Z_dePGq56dzMQ,15
elko,Mattress and Box Spring,00l0l_jz6001MjbJ0,10
elko,Elegant Secretary Dresser,00O0O_dSUXtick7MZ,500
elko,Thomas Kincaid recliner,00n0n_4qSzrg255ol,180
elko,China cabinet,00e0e_7pcDXuOtpkP,350
elko,Beautiful gisele brown sofa and love seat,00707_liAfoSKIoQg,1000
elko,Decorative Glass Bottles w Daisies,01313_7sE6EB7mhfD,10
elko,Oval Tilting Full Length Cheval Mirror,00M0M_chB6FLW3tk4,55
elko,"Pair Ceramic Decor ""Candle Holders""",00o0o_bTFn2VanARb,15
elko,Antique Vanity Desk,00a0a_hAed57NBqyb,100
elko,Computer Desk,00Q0Q_1Mz8NSjtG7V,20
elko,Vacuum,00r0r_dAXRc0OAHkb,40
elko,"Silk Floral Arrangement in Nice ""Vase""",00404_1ERfw4TWkX3,20
elko,China Cabinet--PRICE REDUCED to $325!,,425
elko,Mitsubishi Projection Tv,00f0f_fGbjTgkhqBn,
elko,Elegant Secretary Dresser,00O0O_dSUXtick7MZ,500
elko,Broyhill Leather Sofa,00e0e_c22fQXmyhdS,300
elko,Dining Table and Chairs,00y0y_dz822hnF6Gj,200
elko,Bean Bags,00303_8BdsJ6hhbYh,20
elko,Queen size headboard,01212_tSKYlVyhLO,200
elko,Nightstands,01010_7KoaHOJAp6P,225
elko,Beautiful glass lamps,01111_43HDzp8FLP1,50
elko,Bar table stands,00P0P_jQaNyaNKrTr,25
elko,large entertainment center with two separate side shelving units,00P0P_cuH4HDNomGc,100
elko,Restaurant Booth,00202_6iQ9n8xSr63,100
elko,Large sturdy table w/8 chairs,00Q0Q_kuD0ZY6lpQ2,175
elko,42 in. Harbor Breeze Ceiling Fan w Light Kit,00T0T_f1KZz5jgAyv,35
elko,Wood & Metal Desk,00g0g_cIi1v1wGQh6,200
elko,Satin Nickel Finish Chandelier,00w0w_8qw8MXHGg3w,25
elko,"sofa, love seat, chair, ottoman",00101_6TcuzcsKLfQ,100
elko,Bedroom Dresser + 2 Nightstands,00T0T_13qXOTirHXv,150
elko,Kitchen table,00B0B_htlplQPgLQv,75
elko,Professional Drafting Table,00b0b_4knzqbsA2eO,300
elko,Lampshades,00q0q_tiRd9cRmQV,15
elko,3 Upholstered Bar Stools-Solid Oak Base,,130
elko,Desk and chair,00Y0Y_glYDMykIWRN,25
elko,42 in. Hampton Bay White Ceiling Fan w Light Kit,00m0m_j9FplyakN23,35
elko,Elegant End Table,00y0y_ecbuawjVrjy,35
elko,Matching Stools ( counter / dining ),00S0S_jcjnuP1NcCz,45
elko,24 in Swivel Barstools,00E0E_aVmyZ8qWYSL,50
elko,Vintage Formica dining room set,,200
elko,"WOOL Mattress Pad, Queen size",00q0q_d0B5g36QBKI,
elko,Solid wood dining table and 6 chairs,00a0a_li0Y5waSmv8,105
elko,Lots and LOTS of Bed Frames,00303_jsNApOq30LA,15
elko,Wicker table and chairs,00e0e_f3swmKcucve,100
elko,Curio Cabinet,00808_9QbtbdAEZOL,50
elko,antique dresser,00c0c_dW4AvszfTL2,
elko,antique dresser,01313_26mSZ0IblYW,
elko,Dining Set with 6 solid wood chairs,00P0P_kOn762lgGKT,795
elko,Dining room table,00D0D_avE36XTogCh,325
elko,Table and Chairs,00m0m_K3Sfl2nI7c,700
elko,Sofa w/ Chaise Brown Like New Condition,00H0H_57xgLej1AzU,750
elko,Desk with hutch,00k0k_1OBeZrl5G5l,75
elko,Two Luxury Down sofa and loveseat,00505_iqUVNiGxUwr,1350
elko,Solid Wood Cherry Oak Tables,00i0i_6mCrRO81ukS,200
elko,Matching Antique Rosewood Chairs,01010_hjntj8bW96V,300
elko,Small antique bench,00s0s_iR1UBrnVDya,30
elko,Full size Wrought Iron Bedroom set w/ mattress& box,00Q0Q_4nre2nVRmrG,125
elko,"Super ""Perfecta by Winrich"" Propane Patio Heater",00d0d_e271IHprfBc,200
elko,"Full Size Denver Doctors Choice ""Monarch Supreme"" Plush Matt Box Sprng",00r0r_7zHARtmuH95,145
elko,Black rod iron twin daybed,00L0L_amcYpdxC7VS,75
elko,8x10 Area Rug (Persian Weavers),00606_dOR9f7xUuxR,150
elko,Rocker/Recliner (Jackson),00606_3whdtMddAnC,60
elko,6x6 Shag Area Rug (Square),00c0c_cU0DMtU4JQ,45
elko,8x11 Area Rug,00000_hLZu1J3PDhP,100
elko,8x8 Round Hookstyle Wool Area Rug,00v0v_fqRYgkcISJI,60
elko,"Bunk beds w/mattresses, top railing, and ladder",00F0F_lCZ94II473C,299
elko,5x8 Turkish Area Rug,00t0t_kRArKXrlRzJ,45
elko,8x12 Area Rug,00D0D_6cWWsKtgjVR,80
elko,4x6 Wool Area Rug,00Q0Q_9X6R7q5UgdQ,40
elko,Patio Lounge Chair,01010_7L721iHR6aV,30
elko,Swivel Rocker/Recliner (Microsuede),00r0r_cOd06ZQPbF,60
elko,9' Braided Hallway Runner Area Rug,00t0t_1T6mrJJdwZX,30
elko,5x8 Shag Area Rug,00A0A_h3HZUVvOJOU,40
elko,8x8 Round Shag Area Rug,01111_cmCq6pQurwm,65
elko,9' Hallway Runner,00000_6GSwE7BYY4o,30
elko,8x8 Round Area Rug (Egypt),00I0I_aquRAuUy2f3,60
elko,5x8 Area Rug (Oriental Weavers),00C0C_1pU7a8aaPUC,45
elko,Solid Wood Entry Table/Kitchen Island,00U0U_bwYyGSfSsJp,100
elko,King Panel Bed,01111_kG77Fb0MHoq,150
elko,Dresser,00A0A_e7L7bkLhfsW,25
elko,Nice King Tempurpedic Mattress & Foundation,00B0B_7pWMRNEz9uS,950
elko,Desk - computer ready with Keyboard shelf,00R0R_dohF07uU0jE,45
elko,Metal Storage Shelves,,15
elko,Wooden Picnic Table Oval,00e0e_d99cg2Am8KS,45
elko,Picnic Table with Seats Wood 8 place,00707_jC3m7JbzGoY,75
elko,Small dresser,,20
elko,4 DRAWER TALL BOY DRESSER,00L0L_6nWv90JrpjW,125
elko,Like New Futon with Cup Holders!,00p0p_dOIlrvgU6wO,80
elko,4 piece display shelves,00A0A_5dQrmbZ93Sr,120
elko,Tall Designer Accent Table,00G0G_fmPdlnQb0Cu,25
elko,"Antique bed, vintage desk",00t0t_5Au12JuvPFf,50
elko,LIKE NEW ROCKING CHAIR,00A0A_d9oGRKrDMM5,50
elko,Countertop Height Dining Room Table w/Built-in Lazy Susan & 5 Stools,00U0U_7W8KDgpQuGJ,175
elko,Triune by Drexel dresser,00o0o_8C9YGjVCjYS,142
elko,Brown Love Seat and Couch,00o0o_ii245I5fXpm,500
elko,Good Deal on a sectional,00606_5ANyRONFhKa,700
