erie,HUTCH +  ENTERTAINMENT CENTER sectional cabinets,00A0A_9r1Jf9oBZla,
erie,Mission Oak Dining Room,00S0S_2BNEj140nDm,2500
erie,DENTIST CHAIR,00O0O_dwNo095xoTN,400
erie,Kid Recliner,00404_77XSW6jbC3I,30
erie,Small refinished vintage armoire/tv stand,01212_ffzWP1vAucX,85
erie,Large black tv armoire - tv included,00v0v_hGSMmdGQ1Qo,150
erie,Fisher price train bed,00s0s_5fKS2hmHijb,80
erie,"3-Seater Sofa, 2-Seater Sofa, Queen - Plush mattress and Box Sprint",00J0J_gUgSec3Lfez,300
erie,Like New Furniture - Barely Used - In Excellent Shape!,01616_kDVKUrduH6m,
erie,display cabinet,00p0p_1aEDrJrhFf5,350
erie,Living room furniture,00D0D_iqJkXaM7HLt,500
erie,Solid oak table,00l0l_8JehaUMMHXS,125
erie,Little Tikes Race Car Bed - Twin,00g0g_l2DFX9hExAW,125
erie,power adjustable high end queen bed 1 1/2 year old.,,1000
erie,Sweet Office Chair,00O0O_28RXp6IYY3j,100
erie,"Queen size,solid wood bedroom set",00L0L_bfoh1CuEioc,350
erie,China Hutch,00w0w_bHK4Cj4ZWkR,175
erie,Hawthorne 5 pc. home entertainment wall,01313_81KaNz89qa4,1500
erie,Beautiful coffee table,00L0L_3MmNaj61feC,220
erie,2 Beautiful couches,00c0c_7AqIAJA1iP0,500
erie,Entryway bench,00Z0Z_gyiDSCxrGnL,
erie,Loveseat and Chair,00v0v_fXl1nV09K0M,300
erie,Beautiful Chandilier!! beige and brushed metal.,01111_aAygohSEL2e,150
erie,Beautiful Wooden Egyptian Throne Arm Chair,00m0m_e1vEDGqDEL9,550
erie,Couch,00e0e_b0e8JcERjrV,65
erie,Wood desk and chair,00a0a_19Sg2qrYvXX,35
erie,All Sizes Box Springs -New in box,00202_aPSEkpv46w8,40
erie,Mattress Foundation All Sizes- New,00C0C_bF4nQRIk5FS,
erie,All Sizes Box Spring -New in box,,40
erie,Beautiful hardwood kitchen/dining room table with 4 chairs,00808_e8zkZS0bVRP,295
erie,Super cute home decor items $10 each.,00Y0Y_jijGioTZbe2,10
erie,Solid wood Maple Square side/accent table,00C0C_9iJ46U22Uzb,40
erie,Mattress and Boxspring-FULL SIZE,00w0w_3cjWpuPy9z2,300
erie,Beautiful NEW Crawford Solid Wood Spindle Headboard - Queen or Full,00202_gXBehiUFpnh,
erie,AREA RUG,00o0o_8YIhBP1uGiU,75
erie,End Table / With Magazine Storage,00h0h_78NQHuBe5KI,14
erie,ACCENT Table / Grapevine Base,00v0v_5EVGoazo5bz,240
erie,Flat Screen TV cabinet,00707_6pKfzlftdFM,50
erie,Martha stewart out door patio set,00Y0Y_ghAItD2y2rH,475
erie,"Table (white, 27"" round)",01616_imnN4OJz4nX,25
erie,Table and stools (pub style),00W0W_gNTQtGvSYzk,385
erie,Status Rowe high back chairs,01717_cRD8w9DuNRZ,30
erie,Mauve adjustable office chair,00404_31z6pIZrHCw,15
erie,Ceramic tile Square coffee table,00T0T_f1AtAo1DbKR,60
erie,COUNTRY  CUPBOARD,00909_c4XmgYtwOIC,150
erie,Single size bed brand new,00n0n_aClh6efQ0tb,150
erie,New Bookcase,00606_s96BVMGubu,40
erie,Brand new queen size bed,00s0s_jBDSVx5UiVf,250
erie,Brand new patio table,00L0L_6wZMKSsMYma,100
erie,Three lamps,00G0G_gJDkAGH95Zj,20
erie,Marble serving cart new,01212_6e0x6wE6Rip,50
erie,Hospital bed and more,00101_5mTA8iHAXAU,380
erie,Chandelier,00L0L_kEpKmhVeHj1,20
erie,Queen size box spring,00u0u_hMkQcCa8iaF,50
erie,Coffee table,00w0w_1zD0xBopC9a,100
erie,Cabinet,00m0m_lCFUKbDBi8l,70
erie,Beautifully white solid wood dresser with black knobs,00R0R_bWrx7BRGWu8,100
erie,Oak Tabel that lifts up 50 firm,00z0z_96J72tOstNu,50
erie,Gascho Kitchen Table and Chairs,00Z0Z_fv0vL2XNIzS,1500
erie,Used Couch.  Excellent Condition,00a0a_5VpqmSsHkZp,50
erie,Wrought iron outdoor tabel,00U0U_1xmND7biIy7,60
erie,Heavy duty computer chair,00X0X_hj530Zn77N5,30
erie,Large metal storage closet,00S0S_5PLFb1zNRKY,50
erie,Queen full Hollywood bed,01616_hOdf4qPKQdM,50
erie,Outdoor wrought iron couch an chair 100.00 firm,00202_7QiMZZbMZib,100
erie,New lift seat for chair,00b0b_cs8gkwQIKbt,50
erie,King size Hollywood bed frame,00b0b_1MC0gDFsu65,50
erie,Plastic 3 drawer storage containers 20 both firm,01111_hajKjQPcBlr,20
erie,King size headboard and frame,00I0I_b5oCC9qgi48,100
erie,Large metal storage cabinet,00S0S_iMp9FWvYqdX,50
erie,Kids twin bed frame with headboard,00i0i_5nsGX9LglHU,30
erie,Tall beautiful 4 drawer real wood dresser 150.00 firm,01717_lnAiSDDJO1f,150
erie,Large oak flat screen tv stand with storage 75 firm,00000_bjAkMA7eDbX,50
erie,Conference Table 4' x 8' with 6 Chairs,00w0w_6wuFEWMYqhf,300
erie,Book shelf,00404_gl0QfIeJMpZ,25
erie,Sitting Chair,00202_6yDXBxRadA,20
erie,Vintage Desk,00505_ornuXncn90,80
erie,Beige chair,00707_6gGFLC7yPlU,25
erie,Stand,00R0R_eABMVVRBmiN,5
erie,Couch,00C0C_5DZf3GQ8Trx,200
erie,Reclining sofa. Make reasonable offer,00r0r_816oVSxDEUi,350
erie,Kitchen/dining room table,00505_co4TAPOZXHX,75
erie,Beautiful four-door china/display  cabinet,01414_6EZMy5gE2n8,200
erie,Gorgeous oak inlayed dining room table,00000_5wkWtaT6Q3d,175
erie,Coffee and end table - mission style,01616_1zkxdwzeWyJ,135
erie,Baker's rack,00101_bYeKSHOdrSm,50
erie,Antique Prohibition Cabinet-hidden compartment,01010_iUq65je0TiG,250
erie,Older metal school desk,00X0X_e6Q89BqU7hO,25
erie,6 Piece Bedroom Set,00z0z_3rhf1Hiz9vf,400
erie,Living Room Set,01010_h3GeMUHw7mV,650
erie,Cedar Trunk 35inWx20inDx17inH,00Q0Q_5E6Z3sI4xyb,40
erie,3 piece bedroom set,00s0s_arpT1m2EtuL,275
erie,Mirror,00B0B_1cBQ6yDUCLE,125
erie,Black leather like chair,00G0G_lFpAdfDdYmy,80
erie,Vintage Dining Room Table W/Chairs,00z0z_c1vym53XtNU,135
erie,Captain's Bed,00a0a_1KQD12jVIQc,200
erie,Taupe Couch/ sofa and chair- great condition,00G0G_295vahHJU6h,750
erie,Two door cabinet,00G0G_lGkCMID6txX,75
erie,Pallet Console Table,00U0U_h7jagBwxoND,50
erie,Sofa table,00u0u_gFY7LCMO52s,75
erie,Dresser,00b0b_jbJ1qL6lH5M,125
erie,Farmhouse Chic Buffet and Hutch,00a0a_iy6rlAvKO8e,150
erie,Mersman Side Table,00w0w_gIFldYcpEJ2,45
erie,Cedar Chest,00Y0Y_g1VxUgVVSW2,75
erie,WOOD END TABLE FOLD DOWN SIDES,00j0j_auaTlVpDU9Y,35
erie,a round end table all wood,01515_lIMuOi3AXTR,30
erie,DRESSER 6 DRAWER,00h0h_dAon1pOzrEU,95
erie,HEART SHAPE CORNER SHELF,00x0x_aTVYaFXfVzN,18
erie,solid wood oak coffee table/ end table oak,01313_7Xettioj2Bv,175
erie,++15% discounted all wood kitchen cabinets++,00Z0Z_j6SukITW2Gy,
erie,Pull Out Twin Couch,00w0w_2q3QF9bZq4k,
erie,Gorgeous Antique Architectural Victorian Mahogany Home Window Shutters,00q0q_36Vt7StXyXe,225
erie,Wood crate to make this coffee table or use as is,00s0s_c45W44CH7cv,150
erie,Table,00O0O_3MqWDCfXai7,20
erie,Wood Desk -price reduced again!,00808_7ge9Ldv2qLu,25
erie,Queen headboard,00R0R_irCOJuFYRZ,40
erie,2 PLASTIC OUTDOOR TABLES,00v0v_2upUI8LJ1GJ,5
erie,ETHAN ALLEN ARMOUR,00909_ct0S5FDQJFg,99
erie,TV STAND,00v0v_kPmEIoyz1wF,10
erie,COMPUTER DESK,00p0p_4guyBYU4Lge,20
erie,Antique cherry swivel table,00A0A_bfdmFrKTMA7,30
erie,MATTRESS NEW AVAILABLE IN ALL SIZES W/ WARRANTY,00D0D_kgWlsXTiAlO,150
erie,FURNITURE*** USA MADE*** NEW*** OUTLET PRICES****,00F0F_7FAlUo8EBLo,1
erie,Beautiful La-Z-Boy couch,00707_5oPCITJVAiv,275
erie,Recliner chair,00N0N_iwhrtG9mmZ7,125
erie,TABLE SET COFFE TABLE AND SEVERAL ACCENT TABLES,00F0F_k7CSNHh36KV,150
erie,Featured Shiatsu Massage Chair,00q0q_4W5GEFxXeAV,900
erie,Twin HEADBOARD,01616_ewAzShHn4SM,15
erie,WINE SHELF by Pottery Barn,00i0i_bb8wbcnLv1b,25
erie,Table,01212_4B4SLM1Trjl,20
erie,Night stand,00W0W_2zP1StAXOYF,25
erie,ACCENT TABLE,00N0N_dbxb6cBeRdD,25
erie,FURNITURE SALE - (multiple items) moving,00101_9n6KQOnlCTH,25
erie,Live edge table,00505_dAW2SQe2LVN,150
erie,Nice double recliner couch,00B0B_94wPMEhV57m,250
erie,Dining Room Hutch,00808_jC02kCniX7m,125
erie,CURIO CABINET....PRICED REDUCED!!!!!,00s0s_id4P3fqGUy8,15
erie,blonde 8' table,00C0C_j0pJfkFxUI4,60
erie,"Barrel sofa, end table, and coffee table",00w0w_h98ibib3M5u,400
erie,blonde hutch - reduced,00e0e_jJ4WLJd3PMf,85
erie,DVD stand,00u0u_1b00RMSAVBN,25
erie,Armoire,00B0B_bS9IXgbGFfu,325
erie,DINING ROOM SET - HENREDON USA,00t0t_hPohlw8m6an,
erie,Table,00D0D_i3tFhHOxeKv,50
erie,Oak Night Stand with 2 Drawers,00x0x_idjG4qJ404T,30
erie,Living Room Chair,01414_feQBjyNRh2E,35
erie,Jewelry Box Armoire,00o0o_d6hHtXd5gbc,40
erie,Parrot Cage,00505_hIyWltM3Y4Q,85
erie,Merman end table,00F0F_fi6A6kKDSci,55
erie,Antique China cabinet,00e0e_3MahL4G3Bo1,250
erie,Vintage Mid Century Curved Sofa Sectional,00c0c_hrYjXjiawQS,250
erie,Table,,100
erie,Amish made storage bench,00M0M_auWFD9jXpUT,300
erie,Dining Table / 8 Chairs,00606_aGOxVa9EsaP,275
erie,Armoire / 7 Drawer,00a0a_2YRZvQN4VlB,120
erie,Loveseat,00b0b_gGWsbyQlpya,80
erie,Love Seat / Forest Green with Ottoman,00000_aoUWzPKqQO7,90
erie,Pair of sitting chairs / Mauve,00i0i_gQahAf34Gza,90
erie,Trundle / Day Bed Frame with Pop UP,00606_9eSjjVT8zjX,150
erie,End Tables/ Night Stands,00v0v_8QfYCNtNkOU,44
erie,Twin Bed Frame / Brass Headboard,00J0J_gBmuiJiCwi5,50
erie,Corner Stand / Computer Stand,00L0L_1PlzxfTTye8,22
erie,DESK with Custom Glass Top,00o0o_cDA40MbR2P1,95
erie,Computer Desk / Two Piece with chair,00909_kxPyLAOVNKz,85
erie,Executive Desk / by Martin Furniture / Free Delivery,01616_3CJCw2BAfue,210
erie,FLAT Screen TV Center / Cherry,00J0J_1K7S8140TIc,400
erie,Thomasville Hutch / Maple,00D0D_6EZC3yJtNLL,200
erie,Platform Bed / Full Size with Desk,00P0P_ikNXFJ3nGuH,190
erie,Metal corner shelf,00j0j_5mSptrX9cEW,40
erie,Mirror,,40
erie,Love seat,00b0b_dMlodnpCOhc,60
erie,couch,00m0m_cLk6cQU3Xgd,99
erie,Yuengling Mirror and Sign,00H0H_ei29TcKxoHK,150
erie,QUEEN BOX SPRING,,30
erie,Curio Caninet,00d0d_kNx6xaJtqyN,50
erie,Estate Thomasville dining room furniture,00d0d_60qxaQ3yXpP,1200
erie,Dresser American Made,00v0v_toZh46OUdt,60
erie,Marble Top 4 Drawer Dresser Chest American Made,00j0j_aZDbW9a4vfx,60
erie,Many Open Bookcases,01313_aqCpvADESFC,40
erie,Solid Kneehole desk With drawers,00H0H_3YGPRjwWiP4,40
erie,Old Wood Windows many! $20 each,00x0x_kVtnk57d3n4,20
erie,Queen Or Double Bed Headboard Only,00w0w_lEGS4VRPbYO,20
erie,25 -30 American Made File Cabinets $25 Each,00p0p_jkvJoGvaw4A,25
erie,Couch and love seat,01111_c7qGuGHqwXX,200
erie,Desk and Chair,00707_f0eSQI9LsVE,250
erie,New USA Made Mattress Furniture Sofa loveseats sectionals recliner,00F0F_7FAlUo8EBLo,1
erie,*** SHOP AT LOWEST PRICES FOR MATTRESS IN THE ERIE AREA GUARANTEED****,00D0D_kgWlsXTiAlO,
erie,Vintage STOW DAVIS Leather/Vinyl Back Swivel Office Chair,00Z0Z_eTbHyXqHovP,50
erie,"Oak pedestal table, with 3 leaves and more",01515_jFIj9gPzzH0,1
erie,Single drawer file cabinet,01414_LkrMCNcHXf,15
erie,Ridgeway Grandfather Clock,00b0b_4cw9T0nQehX,325
erie,Lamps/furniture/mirrors/TV/ more !!,01010_8aO4NbbVWSo,25
erie,Full Size Bed Frame (Oak Headboard and Footboard),00404_bZmIAoRXvRq,50
erie,Mid Century Modern Drop Leaf Gate Leg Hideaway Table w 4 Chairs,00G0G_3t4jtx9AGee,350
erie,Old Furniture,00n0n_4unzB5M2qFO,
erie,computer desk (reduced),00O0O_g2TGbXzCOWV,50
erie,Dark oak kitchen table,00n0n_6lwpGCs66DS,300
erie,Vaughan-Bassett Solid Pine Dresser,00t0t_hGwZ5QqN4WM,150
erie,Hutch/China Cabinet,00H0H_4vFSHq9kzVT,395
erie,Pr of Vintage King Wicker chairs,00M0M_38AXI2uvBfU,550
erie,Stuff For SALE,,1
erie,Living room furniture,00r0r_h2f72lM98iR,680
erie,Child's Airplane Rocker,00202_4ZIWcSyuixY,175
erie,Entertainment Center,,75
erie,Thomasville Curio Cabinet,00l0l_kteLN5AXK96,800
erie,Curved Glass  China Cabinet,00c0c_jQPSXJkBISe,195
erie,Ottoman,00u0u_5XAO0LvBBuR,100
erie,Desk,00202_47Nx0K3c0QX,100
erie,Amazing Dollhouse,00N0N_8FG9XNX2LKb,250
erie,Solid Wood Queen Sized Sleigh Bed Frame - OBO - willing to negotiate,00U0U_eMocrI626mJ,500
erie,Solid Wood Dresser - OBO - Willing to negotiate price,00404_k1nTZXhmFdW,400
erie,Solid Wood Night Stand - OBO - Willing to Negotiate Price,00k0k_9uro9emncrd,300
erie,"Solid wood queen sized sleigh bed frame, dresser and night stand - OBO",00U0U_eMocrI626mJ,1000
erie,3piece Thomasville Dining Room Set,00O0O_dBbVyXbfQJw,1800
erie,"Lazy boy sofa, loveseat, chair and ottoman",00X0X_wLCzg2IUWO,1000
erie,Dining Room Set,00a0a_1KUlbrJnSSW,350
erie,ETHAN ALLEN  Cherry Georgia Court end table never used,00G0G_iMeFMOwSsFu,325
erie,FURNITURE FOR SALE,,
erie,Genuine leather sectional,00D0D_3e7hrl4gQMp,600
erie,Old desk,01212_5PclSLtNY4m,50
erie,Chair,00707_lk4XtGfQvqC,10
erie,ETHAN ALLEN OCTOGAN  TABLE,00S0S_JaiszTYdFI,350
erie,Gorgeous Mahogany Antique China Cabinet,01717_1PMA0hotYoh,150
erie,Queen Ann Chairs,00O0O_865fRfPLWmV,85
erie,***NEW *** Come See Whats New at Erie-Sistible Mattress & Furniture,00c0c_iMTExGKEbuw,1
erie,Custom Live Edge Tables,,3900
erie,Knotty Pine Desk,00z0z_2WSMXwWeC70,95
erie,Unique Nautical Themed Table with Light,00u0u_4V62gUz7Va1,125
erie,Table with 2 Chairs,00F0F_azvMazQDIIu,95
erie,Four dining room chairs,00r0r_8G4rkehWIvQ,75
erie,Thomas the Train Bed and matching Toy Box,00N0N_kpo2IqRpEzD,240
erie,Pub Table and 6 Chairs,01414_jOkqYrx1PL7,395
erie,Solid Wood Dresser,00a0a_jBxWFa5nwkA,350
erie,Solid Oak HighChair,00707_QEUiyfbQc1,175
erie,Butler Table,00O0O_4VamDOf3MbB,200
erie,Oak Bookcase Queen Bed,00q0q_h8AksWR4lMA,225
erie,Broyhill Oak Desk,00F0F_fUaeBbAe7IP,85
erie,Formal high back chairs,,200
erie,Pub chairs,00G0G_iVUotVSjUJH,120
erie,Round glass rattan dining set,00g0g_GAKExh1vtG,200
erie,Wicker rattan seating,00A0A_6qowvaybHCE,200
erie,Set of Four Black and White Wood Chairs,00n0n_kTAJRRYz5QE,
erie,recliner rocking chairs,00u0u_5IpKoGLZvYA,1
erie,Buffet,00d0d_688xbkb2Acp,200
erie,Desk,00606_dajJeAGTFy6,150
erie,Jenny Lind bed- Full,00P0P_8rxngt3AJgq,40
erie,Genuine leather loveseat,00c0c_ktSb9WDQDvR,300
erie,Corner Desk,00T0T_iaeo4ciiW5i,20
erie,Two Reclining sofas,00E0E_8FBqKoxI8nn,1950
erie,Reclining sofas,00U0U_2qmmR3pg4z5,1950
erie,Dresser,01010_fgRrxzma5dB,79
erie,++Kitchen remodeling - We give best budget plan++,00z0z_5YrBm7KeOlK,1437
erie,Couch and loveseat,01010_7Lt9eWdMG2e,215
erie,Breakfast booths,00K0K_fT1qJsM3LLf,50
erie,COUCH,01616_gLOs3yIOaPk,125
erie,Antique Secretary,00202_5wEARRyumiQ,150
erie,Wood and cast iron - Dining Room/Kitchen Table w/ 4 Chairs,00A0A_7pkBZKHHcgi,200
erie,Smoked Glass Coffee and End Tables - Set of 3,01111_8ujF6QxL1L7,100
erie,Glass Top - Wicker - Bistro Set,01111_apk1Tue6NX9,40
erie,Wooden desk,01414_cjPKSTowTLo,100
erie,jelley cabinet,00c0c_aib7s9ozXjZ,120
erie,Amish Made Corner Cupboard,00k0k_fTDkzYcqgyN,400
erie,cabinet SOLID OAK,00c0c_1rO3tNFjGj4,110
erie,SOLID OAK CABINET. for entertainment or storage,,110
erie,Immaculate Dresser Set w/ Mirror,00C0C_c0EXrlv48v2,350
erie,Lanes furniture,00r0r_cjjFnu70ZrK,350
erie,Desk,00202_dLDAQV1IfxE,75
erie,Body Shaper Dual Action Stepper Machine,00q0q_cLG7mcN4ehb,10
erie,Comfortable Arm Chair,00u0u_fajvbyLanUM,10
erie,Kitchen table & 4 chairs,00y0y_4oYQgYL3e1i,150
erie,Long couch and chair,00n0n_cz7z0I0aszN,150
erie,Solid Walnut magazine rack,00Y0Y_i7mqPwXPTKK,30
erie,Plaid Rowe furniture chair,00M0M_f6wz4bqPLwy,140
erie,Computer desk,00M0M_9RKLTMhh031,40
erie,Three drawer maple dresser,00e0e_4kIgmANZdaq,40
erie,Maple Rocking Chair,00808_i5uVKqLTCsm,20
erie,Bakers Rack,00F0F_ldaexUgHmAv,65
erie,"Entertainment Center, Union National",00M0M_3c8UQvUfmGc,175
erie,Fireplace Poker set,00o0o_3HasxBMRNPu,15
erie,"Bed Frame, Metal",00i0i_9h5JagPeOds,20
erie,ARTISTIC CHAIR--reduced!,00k0k_6pMb8OqaXfS,26
erie,Coffee and End Table Set,,495
erie,"42"" Nook Table & 4 Chairs",00G0G_enTSnMGRWL1,450
erie,Bar stool,00e0e_eTwBlhIjOZm,90
erie,Lazy Boy couches,00d0d_1vL0rCjgf94,1000
erie,Oak Dining Room Set,00Q0Q_jWWdDFm96Sy,
erie,Copper and Iron plant stand,00b0b_bGDUrLIaAqd,25
erie,Printer Stand,00H0H_2c3WI0NWICl,25
erie,White Metal Computer Desk,01616_dEYUPOrrsOZ,80
erie,Girls teal twin bed,00k0k_97LEVbWDcRl,45
erie,Solid Oak Entertainment Center,01010_1mOWOAnud8x,
erie,Curved Front Antique Dresser,00L0L_cH9xcSls6rx,75
erie,Dresser,00V0V_b6BcXj3fLsg,200
erie,Round Table,00R0R_8OTZz3d6G0Z,30
erie,Retro Stool,00n0n_f7jussuUaVT,35
erie,Desk $50,00808_7AFuSAv9ceW,50
erie,Amish Child's Solid Oak Chair,00r0r_er4QwQIxbvQ,25
erie,"Newly Upholstered 8' Couch, Mint Condition, Antique Appearance",01313_gVBMsoK78GK,250
erie,1940s Vintage Flower Inlaid Table with 4 Matching Inlaid Chairs,00R0R_2TzU72MAziy,175
erie,Dresser,00F0F_dV4CiGxpFKi,175
erie,Entryway/Console/Buffet Table,00f0f_gX0M7xtZY2L,275
erie,Jelly cupboard,00d0d_65njKRHiNZ8,190
erie,barnwood cupboard,00T0T_byiq0R1Ho53,250
erie,Leather reclining couch,00v0v_5E1um6hnWMy,150
erie,Dressers,00101_kV8T5BVFjd9,500
erie,Matching Alan White Couch And Chair,00y0y_gvkfJ3kkAOP,899
erie,Ashley wood tables for a living room,00505_6Ogikt0BL2Y,100
erie,Thatcher Armchair  Color Montana Dust,00B0B_bANlJl47lRk,60
erie,Corner cabinete/hutch,00q0q_61RB3G9M9Ba,125
erie,Berkline recliner couch and chair,01111_jjaJ8fGq4gr,500
erie,Stools - Adjustable Height - Set of 3,00t0t_4BQmmSIWjNB,80
erie,Olive metal lock box and Rooster Duck,00U0U_e7Du52PK0zR,50
erie,Coffee table,00I0I_gpTFwmcEkFR,295
erie,Black Scroll Shelf - Iron,00M0M_cq7ShBm6FaY,40
erie,Dining Table and 6 Chairs,00W0W_8PsZsJ6csol,750
erie,SOFA,01111_6WdpvUNGRls,190
erie,Mirror and Lighted Console Cabinet,01313_gn0zxoSfHF6,125
erie,small elephants / safari table,00O0O_eIJoqgMJaBR,50
erie,corner kitchen cupboard,00h0h_8tXpSSdLRTP,75
erie,BLUE CHAIR,00y0y_dAhXGL0E5hg,25
erie,Dresser - solid wood,00Y0Y_jbiB3uTkUGD,80
erie,Book Shelf,00707_1OAh3adiFVU,80
erie,"Bunk bed, New condition",00s0s_jhd7sQvQCSG,300
erie,Futon - Black futon,00K0K_guo9qSsz7Yp,85
erie,Office chair - gray leather (like new),00t0t_ba03FkvvfiB,100
erie,Set of beautiful dining room chairs,00r0r_k6K2YNvWRIg,75
erie,TV Stand - Glass Shelves,00v0v_5jFKT9yPXTB,50
erie,Tan Microfiber Chaise Lounger,,100
erie,Sofa/couch,00u0u_3ubuFVBVmkq,100
erie,"CORNER UNIT KNICK-KNACK UNIT WITH 3 SHELVES, WOOD",00505_4hbtQezR1Yj,15
erie,Antique chairS,00Y0Y_cyx1rQOUAxg,200
erie,Antique chair,00W0W_7gXUHWMFTuG,75
erie,Side table,00d0d_4pclpgVIh3d,145
erie,Tier table vintage,00X0X_claNcYm1929,130
erie,Corner hutch,00e0e_jrrCJQ2JXRU,100
erie,Remington Framed Print,00y0y_4KxfFLfYCqf,
erie,Remington Framed Print,00y0y_4KxfFLfYCqf,
erie,Couch,00h0h_h7hiMkclyGU,300
erie,Loveseat,00B0B_12PFKTZZz40,125
erie,Dresser and mirror,00b0b_bxT1EptzcK6,150
erie,Butler Table,00b0b_kS3SCdXmti5,50
erie,accent table with lamp,00909_bGcSoSKrI5Z,40
erie,Olive leather sofa or couch,00e0e_aEi22UOPfm1,250
erie,Coffee table and matching end tables,01212_jobITa35jPY,175
erie,Bookshelf Library with doors,00808_eQZooaE3OI8,200
erie,Loveseat - Excellent Condition - Comfortable! REDUCED!,00u0u_aouAqkCJVMC,65
erie,Living room 3 piece set,00404_7em85yDOhH3,900
erie,Solid Maple Buffet with Hutch,00202_k0ap9wXgpic,550
erie,Wood coffee table,00K0K_bXOvPT6oHLN,30
erie,Circle chair,,120
erie,Comfy leather couch,00707_aG0j2sfEyXi,200
erie,Maple Dining Room Trestle Table with 10 Chairs,00T0T_huzcLNkJOKC,1700
erie,OVAL QUEEN ANN COFFEE TABLE,01717_gb0m9o5tpYe,100
erie,kitchen / dining table,00h0h_fHH20uzb0Ge,50
erie,Overstuffed Chair,00U0U_gbeUxn4Z797,150
erie,TV Stand,01616_50Snd3gcRn9,30
erie,Buffet,00H0H_5HdSV798C7k,375
erie,Ethan Allen Pine Furniture,00W0W_8fKoJSBKEMG,950
erie,Bookshelf,00O0O_3vqk7bwWk52,15
erie,Desk,01111_jM9bd2L3tkQ,25
erie,IKEA dining table,00Q0Q_2raWF3634mc,25
erie,"BEAUTIFUL ANTIQUE OAK DRESSER WITH MIRROR and KEY, EXCELLENT",00S0S_btwUMp3zD5z,150
erie,Bed Room Furniture,00E0E_juk2cYOfnWo,370
erie,Wood Dining Room Table,00C0C_fpHL6cOgLFO,100
erie,Oak Roll Top Desk,00c0c_83WBpnRKOim,200
erie,Roll top desk,00C0C_9d3y9z4xoYV,100
erie,Girls Bedroom Furniture Set,00i0i_2bLG8vYW2uB,900
erie,Small Pink Chair and Ottoman,00x0x_i0BLysfZKSY,55
erie,Leather and Fabric Couch and Settee Sofa for sale,01010_4penZjOSuOc,300
erie,flex steel power lift recliner,00B0B_5kEzdPnlnio,700
erie,Wine Bar,00808_bvMN1sx0r58,350
erie,Outdoor wicker set,,200
erie,"Lamps,endtables,Gorgeous and CHEAP",00909_7jP1jqYux2I,1
erie,Corner Entertainment Stand - Brand New,00u0u_e0JB5S8EBPC,200
erie,Oak glider rocker,00I0I_fdzGnji7isg,200
erie,Leather recliner rocker easy chair,00w0w_7oEM4DPAYr,250
erie,Endtables,00z0z_3bgj8WFCPD0,75
erie,Oak Cabinet,00w0w_ehPxepbHhSV,45
erie,Coffee table and end tables,00101_7zsid1hQg8p,750
erie,Pie Safe cabinet,00R0R_gQrM7q1K7yR,400
erie,Dining room,00505_fQ1arAutHY0,2400
erie,++Brand new - Kitchen cabinets++,00K0K_26FrYinmJmB,
erie,Couch,00Y0Y_f67d8beLOof,25
erie,Cherry stump table,00k0k_kAkPGGhcwPK,295
erie,Tall Bird Cage w Stand L@@K,00909_2Mv6h2q3jvI,50
erie,Variety of Furniture,01414_5sMzOUZf4m8,1
erie,End Table - scratched top,00Y0Y_3xm9e3FPrV2,5
erie,Table (on wheels),00i0i_ho4GkBG9ig7,20
erie,Singer Sewing Machine & Cabinet,00404_9gi2ciuY25u,40
erie,Carved Swan Arm Upholstered Rocker,00101_iwdjPt28O3S,45
erie,Wood Chair,00q0q_5Ofov6do5xG,10
erie,Dining Room Table,00Y0Y_5atxPelvGB2,525
erie,Cherry Rocking Chair,00e0e_hzMUE36KiIu,40
erie,Green Vinyl Chair,00A0A_aVua20Up5e4,15
erie,Wood Side Table (Black),00707_gaWlsKZCw07,25
erie,Dinette Table with 4 Chairs / Glass Top,00101_eGhgyoc8W56,170
erie,Blue Upholstered Chair,00U0U_j9hFgt4A3VN,10
erie,Wood Chair,00g0g_3V5I8QN78Dv,10
erie,Metal Desk,00B0B_3uF4bKh0RZt,25
erie,Round Side Table - pressed board,01414_6Q92KU27x95,5
erie,Yellow Vinyl Chair,00w0w_5x57Nu4CYQV,10
erie,Green Vinyl Chair,00Y0Y_cZtIvBCV9qZ,15
erie,Executive Wood Desks,00E0E_iL8BCzWZvHE,100
erie,Stacking Chairs,00q0q_9ef0uop3dD0,2
erie,Rocking Chair,00y0y_9CCCFUOsuDZ,25
erie,BAR STOOL,00U0U_97W63fKdLV1,10
erie,Set of 4 Uphosltered Chairs - Need TLC,00404_eYxu13rqxzq,20
erie,Set of 2 - Green Chairs,00q0q_7VBGl5A64GX,25
erie,Dresser,00F0F_dV4CiGxpFKi,175
erie,Dresser,00F0F_dV4CiGxpFKi,250
erie,Couch,00202_aTxHy3QZoZX,100
erie,Painted fruit cupboard,00s0s_kMMpdTGjRiQ,200
erie,Painted fruit cupboard,00s0s_kMMpdTGjRiQ,200
erie,Brown Area Rug (5X7),00L0L_9CofF36tURQ,40
erie,"74""x18""x48"" NSF Stainless Steel Wire Shelf Units",00C0C_3OPfGa2zVDp,300
erie,Solid oak formal dining room set. 10 pieces,00O0O_fV6ZZPKSFqR,2500
erie,Unique Table,00v0v_aDEX7L73cBk,65
erie,Palliser Bed headboard and sideboards w/ hidden compartment,00F0F_do9rYTjS92S,175
erie,Beautiful Dressers for sale,00X0X_4S6Yn1jBlDw,550
erie,Beautiful 7 pc Dining set,00h0h_bfe2sqvNZuz,650
erie,Gourmet Kitchen Cabinetry Woodmode,00f0f_dlp8PWKHmPp,8000
erie,Roll top desk-golden oak- made from 1953 church organ,00n0n_dWM6D29a1n4,1000
erie,QUEEN BED HEADBOARD AND FRAME,00b0b_SvZHZRlcGk,100
erie,Love seat,00M0M_1NYS0dWwZw9,75
erie,custom Live Edge furniture,00808_kPKxIOGWSOo,475
erie,Leaded Stained Glass lamp - pool table etc.,00101_efb9mtptnee,20
erie,Rocking chair,00N0N_9skPb6SS23,10
erie,Folding Card Table,00a0a_egyXWKWo4gf,10
erie,Beautiful china cabinet great condition 2 piece,01212_88CftwaineX,80
erie,Full Size bed frame,00X0X_kVvBeL1H25m,30
erie,Dining Table,01717_a2YDDx4PLfQ,20
erie,Cream leather couch,,250
erie,Leather recliner,00101_agaXlv31r2z,150
erie,Vintage Oak Child's Desk Laptop  Phone Side Table,00808_gDc1BQYdBv6,150
erie,Entertainment Center,00y0y_rNm2poEPSu,25
erie,furniture cushions,,5
erie,solid wood buffet,00i0i_byTVRGDbDKv,70
erie,Pub Table - Bar Ready - Jack Daniels Whiskey,00000_3GL6XnTmyaG,1250
erie,computer desk/business center,00505_ajgFTx2EhP6,285
erie,Flexsteel Recliner Sofa - Latitudes by Grandview- 55% off! Like New,00s0s_hIyZwYwRUlN,495
erie,Asbury House Sofa,00k0k_5qN4h5hyhMt,150
erie,Wooden Desk,00707_fQ9me5ixYS9,100
erie,Roll top desk,00c0c_1cUiXts5mn9,50
erie,Vintage Mahogany Turn-Top Game Table,00H0H_lm4TdW7NkFS,45
erie,Metal Bar Stools,00s0s_h2UzSVZ6TBe,100
erie,Retro Vintage Chair,00g0g_f73Fw6LIoXw,35
erie,Office Ensemble,00C0C_5ikJyzGQMDQ,50
erie,Oak Desk,00d0d_8X7sxmgXL6u,75
erie,Retro Coat Rack,01515_gY4crg9vHb0,90
erie,Retro Vintage Chair,00000_dlpGcNtdSbf,35
erie,Retro Vintage Chair,00a0a_f2chERC6Q2s,10
erie,File Cabinet,00P0P_3n30lIyRkyk,125
erie,Herman Miller Cubicles,00808_eDe1dYTR65M,2200
erie,Retro Kitchen Table,00W0W_5sR5Js52YSq,100
erie,(6) Hitchcock Turtle Back Signed Side Chairs - $900 (Mercer),01313_366yHwGnTY5,900
erie,Retro Vintage Chair,00q0q_iEzpMwOsusO,35
erie,COFFEE TABLE (Round),00L0L_gzJ0l9tNONp,100
erie,Misc Household Furniture and Decorating,00r0r_77GcV8eAA1E,1
erie,Theater Chairs,01212_5r1Sa3Kh8Xe,
erie,Twin Bed Headboard,01212_4Dq0EbpecQf,40
erie,Adjustable Bed frame,00s0s_5rzp6kuGzOG,20
erie,Cherry Table,00y0y_4wlfGmdnoF8,200
erie,Wood/Marble Coffee Table & End Table Set,00O0O_9K9NsEWdwU2,225
erie,Solid Oak Entertainment Stand,00W0W_22HbUZ2YEON,150
erie,Set of 6 Beautiful Oak Windsor Arm Dining Chairs,00e0e_3jWsgK2QTTM,500
erie,OFFICE DESK w/keyboard drawer & chair,00w0w_bdEPIodwDny,45
erie,Baby dresser/changing table,00w0w_hpjgVSnubIL,125
erie,Twin mattress and boxspring,00B0B_eYOJVwgB3X4,125
erie,Cherry corner cupboard,00e0e_7Q6BrD9XAoO,200
erie,"Immediately for sale,Dining room furniture.",00X0X_4csTtHwtve,3500
erie,Pantry,00000_koHNOKhRfE2,1
erie,Kitchen cabinet,00U0U_f0EAL6kCvfT,1
erie,Cabinet/ Shelve,01414_hoy1jiXfLZb,1
erie,2 computer chairs,00e0e_gG2aFtU0vTC,25
erie,TV stand,00e0e_kfLMtCKpMBf,1
erie,outdoor set,00Q0Q_isXlISSbeAf,1
erie,End  tables (set),00j0j_b9bO1RlixfE,50
erie,Sofa,00j0j_2qZQoJTsNxw,1
erie,Dual recliners,00h0h_1zuCeurlRAb,1
erie,Night Stand,00F0F_e2lYcq0ruU5,15
erie,[[[Enormous Cabinets Styles]]],,737
erie,|||Kitchen cabinets easily manageable|||,00Y0Y_h31MicxtEmD,1193
erie,Yarn Bin - Holder,00101_9pRlDEV8e58,30
erie,"Dining Room Set: China Cabinet, Beverage Cart, Table & 6 chairs",00r0r_hRXoC18XtAf,2500
erie,Entertainment Center w/ Glass Cabinets - 3 Pieces,00j0j_75VeJ9FQD8G,3000
erie,Navy Blue Kids Bedroom Suite,00A0A_3dAqVbXgeuf,325
erie,HUTCH +  ENTERTAINMENT CENTER sectional cabinets,00A0A_9r1Jf9oBZla,75
erie,Display cabinet,00r0r_iOoXIISFOJA,300
erie,Tea Cart,00e0e_3dJxFVHNQf4,75
erie,Oak bedroom set,00C0C_dVOuc5A2ZUE,700
erie,Headboard,00k0k_6frt9GAlgez,400
erie,Tables,,
erie,Bunkbed,00l0l_bZLxdUxQ8xj,450
erie,Three piece patio set with cushions.,00E0E_dCCuSnMTra9,50
erie,"Great Folding Bookshelves, paid too much, letting go cheap!",00l0l_czvyLSYDVRc,20
erie,Velour arm chair,00b0b_3U16bHc3aRg,80
erie,Embroidered ottoman,00707_3i5mLI6K4qU,30
erie,"Office Set, incl. L-shaped Desk, Filing Cabinet, Bookcase & Chair",00Y0Y_2mTtyKZVbUs,150
erie,Floor plant,00x0x_9Yt4LnpEI8U,15
erie,FAUX LEATHER RECLINER/ROCKER,00M0M_5KUtJNiGYTj,95
erie,Curio cabinet large 6 shelves,00t0t_6pxGLB6zIhU,80
erie,End Table,01414_brBz9I4ZKOY,55
erie,TV Table or End Table,00x0x_8Nn46WqhMVO,45
erie,FIREWOOD cut&split cords LOWERED PRICE,,150
erie,"Brand new Loveseats, white slip-covered washable",00h0h_f2dTP2Krj0Z,350
erie,Solid oak roll top desk,00d0d_49K5jBfCYRm,400
erie,Armoire,00j0j_253XUiSBESt,150
erie,SERTA AURA FLEX BED MATTRESS AND FOUNDATION,00u0u_5TeGUSUfq9x,1500
erie,tv cabinet broyhill,00H0H_cCfrFZYmZAS,300
erie,Mission Style Twin Bed Frame,00G0G_6E3oIaOA4UL,160
erie,SINGLE WOOD BED W HOLLYWOOD FRAME ESTATE,00W0W_iAWE6IU9HPw,35
erie,FULL OR QUEEN SIZE BED. ADJUSTABLE,00v0v_2rZDpAUgVtG,60
erie,LAZY BOY RECLINER,00f0f_edzucl8LfLL,60
erie,Lamps,00L0L_bCiUTp1umrd,30
erie,Five beautiful Wood Chairs,00000_l1DfYLfFf6o,400
erie,Thomasville Dresser Set,00R0R_cWtFrMW6hlt,700
erie,Nice standing lamp,00i0i_fzrYDUqkJVD,45
erie,New Simmons Beauty rest Platinum Extra firm mattress and box spring,,900
erie,Oak Teachers desk,00k0k_iN7VCcnsPeF,100
erie,Tv stand,01010_5QGvKCOMdiI,75
erie,Comfy circle couch,01515_cQMSfRauihg,150
erie,2 wooden chairs,00V0V_gMP7WMQeREL,25
erie,Entertainment unit,00B0B_kB3GrIKuYe3,100
erie,Solid wood coffee table,00T0T_922IDOtvLpx,50
erie,Bedroom Set - Like New Condition,00p0p_92eCRe6xNx9,500
erie,Couch,00606_bhVcY7Oy3Ul,200
erie,"Office Desk, lots of perks to this desk!",00505_64nguY8FZU9,145
erie,Loveseat beige/tan $200 obo,00k0k_a9sSAOrPJTM,200
erie,Table $100 obo,00B0B_11zM1XeDmIQ,100
erie,Nigh stand $20 obo,00Q0Q_5szhF7IIqpU,20
erie,"Dresser , Tall",00707_bGqOZAXL2of,100
erie,Dining Room Table and 6 chairs,00Y0Y_jeSYDyeqncU,1200
erie,***NEW *** Come See Whats New at Erie-Sistible Mattress & Furniture,00F0F_7FAlUo8EBLo,1
erie,MATTRESS NEW AVAILABLE IN ALL SIZES W/ WARRANTY,00D0D_kgWlsXTiAlO,150
erie,Antique desk,00g0g_hhjMaOKh6Cv,
erie,Bush Office Furniture,00U0U_20ZABIUDVgH,350
erie,Desk with Hutch,00Z0Z_fE8FW51GP6x,25
erie,Large Wooden Kitchen Table,00E0E_98QnkMWgITT,550
erie,Metal hutch,00101_lqfzEy7pfqs,125
erie,Vase - Large Bamboo,00q0q_lTi5ZuO7vmp,45
erie,Bed frames,,25
erie,Diningroom table,00G0G_hzPoyron4Eo,60
erie,Foot stools,00202_isXDkFIqnI7,5
erie,Desk,00Z0Z_iCbtrjWEZvf,25
erie,Rustic Mom and Dad chairs,00808_aXFYgZ6hss2,50
erie,Wicker Stand,00404_jmJyUr4GeHN,10
erie,End Table,00F0F_6nzaMPPnLtZ,15
erie,Lamp,00606_8bzJmZ23EIr,25
erie,Chairs,00a0a_kb9p2zLENm7,25
erie,Chair,00v0v_4FPgAGSfKOF,15
erie,Living Room Furniture for Sale,00b0b_qAGLv1XuMO,800
erie,Stand lamp,01616_8VEB5sEQFMc,11
erie,Beveled glass table and chairs,01515_7NvTSmTtfmN,75
erie,Chair-hot pink,00V0V_Jep0AKG2nV,18
erie,Chair,00303_OrqoQpNRI2,5
erie,"Beautiful, Cherry-Colored Queen Sleigh Bed",00c0c_6EWvJyeTzuN,220
erie,Entertainment Center Large,00W0W_8P8ISUjfqiQ,50
erie,Fireplace,,75
erie,LaZboy loveseat,00g0g_ALPjM5nB9N,15
erie,Coffee Table,00m0m_b06CHPGFRWe,175
erie,5 Drawer Antique Dresser to Repurpose,00p0p_iyXkHsotOdo,50
erie,Furniture on Sale!!,00v0v_3m8sE49RFyn,
erie,Double Glider Rocker Country Style,00c0c_8FdrLlHAEdO,120
erie,WAYFAIR Furniture Truckload sale!!,00R0R_7B6AHFKLr7I,
erie,LAWN FURNITURE PATIO FURNITURE,01010_2v9K7zzcE90,125
erie,4 wood chairs,00F0F_4ilbUQEoSLE,75
erie,King deluxe adjustable sleep system,00k0k_cSuzCTmOef2,2500
erie,Armoire,00a0a_1roRr8l2dg0,400
erie,Armoire,00a0a_1roRr8l2dg0,400
erie,Beautiful glass table,00707_5tuKZb5bgkK,300
erie,**brand new** beautiful cherry Electric fireplace w/ media storage,00W0W_l0PRGUlkHcY,275
erie,Oriental Buffet with sake table,01212_jFDOOGHWs3g,3000
erie,Real wood entertainment center,00b0b_k0mBkLf12tG,300
erie,Train table KidKraft,00w0w_2QQRM9U6RPr,55
erie,Universal bed fram,,55
erie,Bookshelf,01111_bJ9kbhX4tfw,25
erie,Oak Wall Unit,01515_8aEJI7766aH,700
erie,King Memory/Gel Foam mattress,01111_8arj3rP532Q,450
erie,*** SHOP AT LOWEST PRICES FOR MATTRESS IN THE ERIE AREA GUARANTEED****,00D0D_kgWlsXTiAlO,
erie,Broyhill Sofa,00909_8khxOuG68pr,200
erie,Swivil bar stools,00404_1lQdL67HkWR,150
erie,Repainted Mahogany hutch,00O0O_2WNymKYq7U3,350
erie,Wood side table redone in tie-dye,,150
erie,Wardrobe/Closet,00d0d_7QD1zoGIZDi,20
erie,Futon,00Z0Z_itTQbzRn4fO,65
erie,NEW DRESSER AND MIRROR,,150
erie,Oak Bedroom Set,00C0C_2owfFGCqTzp,1250
erie,Vintage Banker's/Lawyer's Swivel Chair,00n0n_J7MW5Puuqb,200
erie,Modern TV Stand,00S0S_a3GB6BhvDXc,150
erie,Barstools,00303_g7FVpRuZTbp,60
erie,Modern Accent chair,00808_9474SzZd9O2,100
erie,Sectional modern,00W0W_eC2nxsfE8ii,350
erie,Custom Table for Thanksgiving!,00F0F_8jQ6IJQeOpy,
erie,Leather futon,01111_jneu3yy2hun,1
erie,Oak Computer Desk,01717_i8bYWoHGRj3,75
erie,ottoman oak express,00n0n_gQYNzXrON54,150
erie,Buffet,00k0k_cQ1kKjFTLr9,375
erie,Tall ball and claw foot dresser,00T0T_l1rrnUa7qVB,315
erie,Large Hardwood Hutch,,100
erie,Gorgeous Armoire Dresser,00y0y_a0IlPnnD2MC,300
erie,Knotty Pine Dresser,00I0I_3BnmYBsSieQ,50
erie,Urns decorative,00606_cyksUFOhl4I,50
erie,Fix new cabinets in your kitchen,00404_iZ3uGZOgz9I,1206
erie,++Improve your Kitchen Cabinets++,00O0O_59GNANfyTXR,1437
erie,Mobile Island-with Drawers and Trash Cans,00909_d5hJwR0LwUN,425
erie,Oak Entertainment Center with adjustable shelves,00J0J_2YiF6iM1Kxk,85
erie,Solid wood dresser,00w0w_dUzaSKmoQFU,80
erie,dining chairs,00R0R_aikRdRxGj1Q,280
erie,White Ikea Queen Platform Bed For Sale,01212_3uoSvL63uAy,50
erie,Leather Love Seat,00I0I_6DLVr4YDogh,250
erie,Oak Bench,00H0H_cDMH4P0JRBF,525
erie,sofa loveseat,00000_lB5j6g1YJzL,
erie,Microwave Stand / On Wheels,00I0I_iE1kR07Zcwk,15
erie,Dining Room China Cabinet / Hutch,00C0C_5tpoQUQDEoj,200
erie,Chef,00R0R_iGTEuWnhCCw,25
erie,Riverside Oak TV Cabinet,00B0B_8e8RNBB5rPG,300
erie,Chef,00R0R_iGTEuWnhCCw,25
erie,Brand New USA Made Furniture.... Couches loveseats sectionals recliner,00K0K_lQlM4OqWmhv,
erie,Electric lift chair,00606_10wIpzGheAl,275
erie,Eagle Claw Desk,00404_7XvljNP78Ps,250
erie,Handmade Custom Furniture by McCauley's Design,00Z0Z_dibb0y8Zgyx,
erie,King-Sized Bed w/ Beautyrest Pillow-Top Mattress,00505_kgawqlrT8Hi,600
erie,Ethan Allen bed set,00Q0Q_8bGMpiIzLAi,1000
erie,Ethan Allen kitchen table,00B0B_k9A44s3RfvK,125
erie,Beautiful 10 piece Wrought Iron Patio Set,01111_aRQQNcA93PS,300
erie,End table - night stand,00B0B_3skvjORqxrN,20
erie,Lamp,00V0V_cqF8zgXaGUd,5
erie,WOOD ROCKING CHAIR,00Y0Y_bQr4Ecps9bQ,65
erie,Rustic/Contemporary Coffee & End Table Set,00b0b_2hOiwN6cO1l,1000
erie,"FUTON, new mattress and silver metal frame",00F0F_8jXeHVNBTA1,275
erie,Dining room table with eight chairs,00C0C_hP8o7VMZAeU,1000
erie,Deck furniture,00L0L_hhQwyQ8Q0Co,40
erie,Cocktail table faux marble ($300 value),00808_1ywVlRxdQcW,50
erie,Buffet,00505_ivvVYJRL4lq,60
erie,Bedroom set,00V0V_j0ZauN4KHst,150
erie,OFFICE FURNITURE SET,00A0A_4sg6xAW1UhS,800
erie,Refinished vanity,00202_1VdZIeJR3J5,50
erie,Antique fireplace mantle,00k0k_gGpezVWHBvE,1200
erie,6 aqua upholstered Kitchen or Dining room chairs,00M0M_idFtYaZ8kMC,20
erie,Oak Dining room table,00505_3a4roSi3Rrz,80
erie,Like new love seat,00X0X_4fBcK5CWwB8,400
erie,Entertainment Center,00d0d_fSlPGkloDDW,85
erie,Oak bedroom set,00303_67GmN5QQ8Qj,150
erie,Pottery Barn Teen Double Hang Around Papasan Chair,00M0M_4XLgk2AjGNp,100
erie,Dutalier Custom Rocking Chair Glider Rocker,01313_h0qdTIT3x0f,250
erie,Queen Bed Frame Rails Mantua New in Box,00606_fHAJgnLLYpU,75
erie,Howard Miller Grandfather Clock,00V0V_lH2pssoDvRn,1000
erie,Game table,01212_z31OmyxG0E,110
erie,"Dresser, 10 Drawers, Queen Anne Highboy Style",00k0k_bJZhhcpCzK8,275
erie,sleeper sofa/couch with folding out bed,00S0S_cYCIvBwA0Qj,120
erie,NO STAINS RIPS TEARS OR BURNS 4 Years left on the warranty,,450
erie,Sectional couches with warranty,00G0G_2n2pVSbH4VK,500
erie,Wardrobe - Maple Color with cedar interior,01717_eS2HeGS38JN,25
erie,Wood dresser,00v0v_efeVd76XTF0,65
erie,Stow Chest,00c0c_3p59e4oxMqC,10
erie,Velour sofa,00303_a21rRobMisk,180
erie,Twin Pencil Post Bed,00o0o_2NcZ0cj5gT7,350
erie,All Boxspring Sizes New,00202_aPSEkpv46w8,40
erie,Indoor Wicker Furniture,00y0y_dflYt4KRey9,1000
erie,"Metal, height adjustable stool",00q0q_8IAB6nmzqa2,35
erie,Desk chair,00f0f_feJlZ8ZrAhz,15
erie,Ethan Allen Wall Cabinet- 5 Piece,00707_2GZWbR6GuRQ,1100
erie,Solid Aluminum Patio Set,00808_3A4ALM02TSF,600
erie,4 PC LIVING ROOM FURNITURE,00A0A_cGDHDNEP2uH,600
erie,Wood TV Stand,00j0j_eDGTyKrr7oO,40
erie,Large wall picture,00q0q_hVAV7uehZEz,50
erie,Vintage Jack Daniel's Old No 7 Oak Table+4 Chairs !,00Q0Q_3ap2mxOWYz9,1200
erie,301 Singer Sewing Machine & Cabinet,,99
erie,Rustic Hallway Table,00202_5nUUglKV9Jz,80
erie,Gossip Bench,00E0E_h8Lrhdvb7rY,50
erie,Bookcase,00b0b_ilHFYGO2xo1,35
erie,Set of 4 ORANGE Hamilton Cosco bar stools,00i0i_2q6B7uLUx6T,290
erie,"2 ~ shelving unit, bookcase with doors - both for",00R0R_86WL0YDeYPl,50
erie,folding bookshelf and nightstand ~ both for,00f0f_i3gis65WtJn,30
erie,"vintage, antique, wooden chair with wicker seat, back - REDUCED - OBO",00404_1zZQt8FtKDd,80
erie,"antique telephone, night stand",01111_9cGwdgzWU92,20
erie,Leather loveseat by Lane,00k0k_gdGwthuDbVI,70
erie,Folding Adjustable Table,00E0E_3PxB1kcMe5A,15
erie,furniture,00G0G_cLcsu0WN44A,100
erie,Kitchen table,00k0k_gwAjLzADwOt,250
erie,Sectional couch,00J0J_Fzlm6Cm5sd,500
erie,"Table, Parlor",01515_1iaMhPFB0GD,70
erie,Vintage school desk,00M0M_izkpfAcPRzX,40
erie,TV stand,00D0D_ewliYYFYKFS,8
erie,Key hole desk,00h0h_cQR0OvUiEjJ,100
erie,Antique Diningroom set,,800
erie,Vintage Lamp,00x0x_kqYQyZ57Rdr,40
erie,Lamps,00L0L_fpP1vsERiaa,25
erie,Shelf,00b0b_lf2KeIsWhgI,20
erie,Lamp Set,01717_50Af4ccGRC2,20
erie,Computer Swivel Chair,01010_bGIWKeBvWc9,25
erie,"Chairs, Solid Wood Old",00n0n_1QjLm2xXpJq,30
erie,Computer desk with hutch,00Z0Z_31SYVthBfRn,100
erie,"Couch , loveseat and chair",00101_5NjFQWkTeU7,500
erie,Wooden Rocker,00101_9myLsuwg418,30
erie,7 piece dining patio set,,150
erie,Bar Stool Set (4) - Swivel with Arms,00F0F_hQpHaLV1eoj,400
erie,chest of drawers,00o0o_6WHILEM33ar,275
erie,Cherry cabinet,00303_67p7Y2dHOTD,100
erie,FILE STAND,00T0T_4eSnDXhBHpk,20
erie,Bedroom Furniture,00606_jC78MsUeMRa,1000
erie,Hutch/ entertainment center,00B0B_9bjvbdyGbgU,500
erie,Set of 3 end tables,00M0M_9pi8tcFhuCF,70
erie,Kitchen Table,00t0t_fxjxRVZulS6,150
erie,Three brand new living room pieces $1800  (ONLY CASH ),00s0s_zXTPQLw187,1800
erie,new-hospital-bed,,500
erie,COUCH,,175
erie,Solid wood book shelf looks new,00V0V_gNPj4nEvfQD,35
erie,Maple Hutch,,100
erie,Circular Wood End Table with Metal legs and Stamped Metal Center,00S0S_jLVWLR3CwED,45
erie,Table chairs purchased from BonTon in March 2017.,00a0a_f4uNhNV8IoQ,650
erie,Wine and Beverage Cooler,01616_7fMuQAHPHFE,70
erie,Pecan Diningroom Table and Chairs,00C0C_beTiCkvtOcj,100
erie,Beautiful floral camel back love seat,00A0A_3AUYbQ1GWfb,150
erie,Beautiful Vintage 1920's Wing Chair,00h0h_3cjEm4g6qBQ,325
erie,Table,00h0h_f7o1g7uVw04,40
erie,Desk w/ hutch,,40
erie,Couch & Love Seat,00w0w_i5N9aZeWp8O,150
erie,Farmhouse style dresset,00K0K_8dn2IpmutW2,275
erie,Ashley couch and love seat,00V0V_etZz4WLGUVF,315
erie,Very nice Armoire,00202_fBcDMLLBx43,200
erie,Closet unit,00n0n_9eInzAlI44a,25
erie,Computer desk,00s0s_68AuyW8LMso,10
erie,vintage oak pedestal table,,400
erie,wine/liquor bar/cabinet,,350
erie,Extra firm mattress,00c0c_7d2iyI127qQ,500
erie,antique mahogany bed frame full / double,01515_eQWNrVB6Ku,150
erie,bar stool,00f0f_abC6xUmSpze,20
erie,"Upholstered Armchair, Off-White Striped Clean Fabric",00N0N_cn6TQxkgO7S,100
erie,"Living Room Sofa, Ultra Clean Fabric",00l0l_3DSuhkevjbl,300
erie,Living Room Cocktail Table and End Table Set,00I0I_1XvBpuRXrt6,250
erie,Solid Cherry Drop Leaf Table,00K0K_3MdY5I6lqhR,350
erie,Beautiful White And Dark Cherry Oak Hutch/stand,00V0V_aqo4vHFchfn,50
erie,Tempered glass TV stand,00B0B_jcNaNG2b2jR,40
erie,set of 2 double kayak rack. swiss cargo,00c0c_lTCSRc9VQ3w,100
erie,Oak Bunk Beds with Frames and Steps with storage,00T0T_lA2tKSIZY6K,300
erie,electric stove,00101_3O1MYOH64zv,100
erie,Old Trunk,00b0b_eE3EBQKkaQz,40
erie,Reclaimed Barnwood Table/Chairs,,2900
erie,Coffee and end table set,00101_cxIi5ptMq1u,175
erie,Reclaimed Barnwood Buffet / Hutch,,3000
erie,++Discover all new cabinets right here++,,1094
erie,[[[High budget saving offers on new kitchen cabinets]]],00a0a_6TjmY4aX3sa,1193
erie,QUEEN OAK WALL UNIT W LIGHT BRIDGE/MIRROR - BEDROOM,01212_j1HMniJJfqs,450
erie,Display Cabinets (3),00303_3nr6KzFX6dB,125
erie,7 Piece Dining Set,00U0U_eLaYX9bcdX3,175
erie,bench,00b0b_lDvR4jXyhy3,80
erie,oak shelves,01111_2bPhAQ7Azl9,50
erie,king size bed frame,00r0r_k9wqZkKdgNw,100
erie,Oak Corner China Cabinet,00f0f_lEVseZduVqy,250
erie,NEW CABINETS MADE TO ORDER!!!,,1
erie,DESK,00T0T_9eR9oIz1PPp,50
erie,Dresser,00U0U_ddkAO8NmU5q,250
erie,Antique phone desk,00z0z_2GzqBOm66g2,65
erie,Antique waterfall furniture,00a0a_dC12XOnpScz,500
erie,Outdoor patio furniture,00K0K_dp8C2ftN3cy,475
erie,3-piece Reclining Living Room Sofa Set,00i0i_iIJun5ppdJL,480
erie,Iso of double size bed,,
erie,Leather 2 piece sectional,,600
erie,DINNING ROOM SET,00f0f_f7iCzaO8u4l,500
erie,older antique desk.  200.00,00p0p_lWpBvsOZsDL,200
erie,King Sized Bed,,300
erie,Vintage Piano,00M0M_cewi1YByE4m,150
erie,Couch,00e0e_6Coy28O3vJ2,1500
erie,Solid Wood Wormhole Queen  Bed Set,,650
erie,Solid Wormhole Wood Bed Set,01414_2O571vFebZU,650
erie,Queen split box spring,,160
erie,Twin xl box spring,,80
erie,couch for sale beautiful like new,00x0x_gZ75lITIDFR,350
erie,Reduce price couch and love seat for sale,00505_26Uwb4roBkc,150
erie,"HON 48"" 3 DRAWER LATERAL FILE",00K0K_7A8HNiFcTbu,250
erie,Loveseat& Sofa,00A0A_4Ki20kfViKK,450
erie,Hard Maple Stand American Made,00e0e_jnP2TdT58lc,15
erie,6 drawers chest dresser,00b0b_h1anJd7IRjg,60
erie,SOFA  BASSET  3 CUSHIONS,00U0U_5ESg3v401NZ,295
erie,Desk and hutch,00303_fLR7EglVpOP,300
erie,Cast iron barn door hardware,00W0W_a9UnkoPiM8c,150
erie,End table with intricate doors,00n0n_3fnryuoIoyD,35
erie,ANTIQUE KITCHEN TABLE,00y0y_3QzWPJLlqwu,325
erie,Nice wooden DVD/Media Stand,00f0f_2DFiiAIgP1j,25
erie,Furniture  matress bench vanity set,00C0C_llLgY8x8ZCt,
erie,34 gallon Octagon Aquarium,,100
erie,Side Server,00c0c_eADoCUUUHLR,120
erie,Chairs  / Blue Vinyl,01010_9llvpeWkKa6,80
erie,Tiger Oak Chifforobe,00g0g_6J2xxjO41He,250
erie,Jens Risom ROCKER Design Within Reach,00j0j_boi1Btevh59,
erie,Dining room table and chairs,00P0P_hztOJ3fdKcJ,400
erie,"Nice, solid oak table with four chairs!",00101_1bXY4ItaGR3,150
erie,Stackable steel chairs,00404_implrcTmgen,
erie,Wicker High-Back Chair,00M0M_8EQ3ybtcvnT,25
erie,5pc bedroom set,01414_kx2vSnmcKrA,
erie,3pc Living room set,01717_bxYnFRCYLoi,
erie,++Kitchen cabinet - Wood Items 25% off++,,1206
erie,||Redecorate your kitchen with these cabinets||,00n0n_6TJbfjYuqfn,737
erie,Girls Furniture Set,00t0t_63qxZV5EyGi,350
erie,Petite lift chair,00a0a_fn6G2agYKhW,400
erie,China cabinet,00J0J_jzDkxlYSXsB,100
erie,Dining Chairs / Six Matching,00J0J_11WJGcHU6RB,12
erie,Dining room table and 6 chairs,00D0D_NOePhcfIXK,250
erie,Sofa 2 pieces,00e0e_a4VUdj0kkr,300
erie,Antique Trunk For Coffee Table,00W0W_d8amDBmlAv6,30
erie,Price reduced Three wooden chairs,00505_hPfUyxeNQsb,40
erie,Price reduced. Four wooden chairs,00Y0Y_eGzZENeU11g,60
erie,4 Solid Maple Chairs,00909_3INP4udTiUz,30
erie,Restaurant Tables and Chairs,00i0i_1z7WEF7iiGR,10
erie,trunk,00i0i_fToUa86Sc7Y,75
erie,kitchen island,00r0r_38sJGN9ohE4,50
erie,Solid Pine Broyhill Hutch,00T0T_ku0srVjLA1F,400
erie,Antique 3/4 bed headboard and footboard,00c0c_3XzXJoRdl3u,10
erie,TV LG 40 inch with table,,199
erie,King Size mattress,,100
erie,IR Sauna,00H0H_kE8WXk6MQaC,1850
erie,Table,00H0H_6zPlrK6ptz1,35
erie,Martha Stewart Patio Furniture,00V0V_5Qg4OdAdzBu,75
erie,Chair,00R0R_b0efxx5fTQB,35
erie,"60"" Fireplace T.V. Stand",00404_9cqPBaz0r6f,250
erie,Area Rug,01414_cg44icVJGpI,70
erie,DESK,00z0z_5Fx2PCN0Xqh,90
erie,Desk,00G0G_kdXzFrq7aSt,90
erie,Hospital beds,00u0u_g8HKkLFBbPD,75
erie,Grandfather Clock,00Z0Z_btl4yQBtr25,749
erie,Hammock for Sale,00d0d_5MI71dSwB3g,65
erie,Modern Microfiber Arm Chair from Macy's,00G0G_3Cy9z6Kd80O,100
erie,New Recliner W/ heat & massage,00Z0Z_je7IeIZYwOE,350
erie,Household furniture- must go MOVING,00505_fRTP6z6yv94,400
erie,Twin Trundle Bed Solid Pine w/Matteress,,250
erie,4 foot round table,00m0m_eApNmmyxRWG,100
erie,Wood Cabinet,00909_icL31rRz2LB,45
erie,Crate and Barrel printer file cabinet base,00Y0Y_e3Pvesmv4R3,75
erie,Oak roll top bureau desk,00B0B_gQj0F1u9R9,200
erie,CRATE and Barrel maple butcher block table,00s0s_dvA6yzDOw5B,250
erie,"dressers, coffee tables, lamps, love seat and more",,50
erie,Love seat,00202_h7HRMTqvbnn,75
erie,Couch,00M0M_luB8jM7WDst,100
erie,Desk-Executive Corner Desk with Hutch,01010_65N2Lzm4mzE,275
erie,4 drawer Dresser (small),00707_9Sg1Lq2ncpA,30
erie,Reduced price couch and love seat,00505_26Uwb4roBkc,175
erie,Dining table and 6 chairs,00505_cotH0Tr6Lkm,
erie,Hutch and six chair table. Two leaves,00Y0Y_8ggKGVjeV3X,2000
erie,Basset High Boy Dresser Set OBO,00c0c_3CJ7QH8QAjN,175
erie,Full size matters!,00A0A_9xarp5EGfsZ,200
erie,Nice Love Seat Couch Nice Condition OBO,00505_f92E92CPKcS,95
erie,Green Retro Couch Nice condition OBO,00Y0Y_giRBmRj4xk1,75
erie,Nice Retro Recliner OBO,00A0A_76UewC0YjiG,40
erie,Beautiful Wood Wardrobe Dresser OBO,00l0l_c9UirqXHyR6,90
erie,Nice Wood China Cabinet OBO,00000_ikR3FDKmpyI,65
erie,Queen Size Woolmark Gold Label Mattress Sets Nice Used,00N0N_lBnpNcgP3BU,90
erie,Couch/sofa bed,00a0a_gB2R1uA4fYD,150
erie,Vintage brown wooden cabinet,00N0N_1j6uIhBJQmD,80
erie,Red leather armchair,00606_cUUJPsjXWw8,80
erie,Brown wooden dinette set,01212_kQ80jhnC6Zk,325
erie,VINTAGE OAK DESK,00t0t_8X4UlGCSIdH,125
erie,VINTAGE OAK DESK,00t0t_8X4UlGCSIdH,125
erie,MIRROR,00707_jQdyIcmFEqN,75
erie,MIRROR,00707_jQdyIcmFEqN,75
erie,STATELY LAMP,00L0L_4xNxzYvRJe7,75
erie,COSCO CARD TABLE,01212_dHIESDRBX0P,15
erie,Kitchen Table & Chairs,00K0K_5Q0YK6pqA0J,125
erie,Hospital beds,00a0a_1Z4YDIC4h3l,75
erie,Various furniture items,00K0K_grwOnpNvbFX,
erie,Curio Cabinet,00909_hO1P2iFyI2,200
erie,Office Desk,00N0N_XXAWI6g2g4,300
erie,Mirror,00303_9dNktakKayy,12
erie,7 pc patio furniture set (excludes umbrella & base),00P0P_flkjVuLPtpr,90
erie,Trundle Bed frame for sale/lower price,00N0N_eZd4Tm3ufMu,225
erie,Wooden Chest,00k0k_eY2nRu2J9Jh,40
erie,Double matress box springs &frame,,150
erie,"Solid Oak Dining Table, 4 Chairs, and Leaf",01515_dQEh7sCxlMa,300
erie,Chalk painted antique china cabinet,00404_9m5OH1xquCU,250
erie,Dresser,00a0a_kR7vqaNOJk5,35
erie,recliner,00707_8OqGUqJn0TR,25
erie,Recliner Rocker,00Y0Y_jJLVpZZAgwP,45
erie,Amish kitchen set,00M0M_lIWVu7XnFQN,
erie,Beautiful Executive Desk,00y0y_6KRAl3LEREW,
erie,Loveseat,00O0O_iZ7nuF9QFnO,120
erie,Solid Oak Bar,00d0d_flFUwPn9hr,3000
erie,Coffee Table & Two End Tables,00P0P_74MHvheAqYP,100
erie,"DINING TABLE, 6CHAIRS, 2 LEAVES AND COVERS",00Y0Y_kyQf2ovatxC,300
erie,Brand New USA Made Furniture.... Couches loveseats sectionals recliner,00F0F_7FAlUo8EBLo,1
erie,Exquisite Coffee Table,00d0d_iEEigp6dhU8,300
erie,Furniture,00C0C_f5eaTiKriQt,1
erie,Recliner,00I0I_kuPbQZfJw1L,200
erie,Roll top desk,00m0m_74g5264zNqJ,400
erie,Antique Dresser,00Y0Y_hy5Ysyb39hM,125
erie,Queen mattress and box spring,00d0d_3sTwIABsgRE,300
erie,Entertainment Center,00S0S_2fZGBm73Pbj,600
erie,**THREE BRAND NEW LIVING ROOM PIECES!! $2000 (ONLY CASH )**,00s0s_fNXRYTUiBH8,2000
erie,Desk,00M0M_hKKfWnZ8SEO,75
erie,Older kitchen table 6chairs and leaf,00h0h_4mn4acLVxPw,90
erie,All Size Boxsprings,00s0s_4SYaVa4wKYM,40
erie,FREE leather sectional,00F0F_cok1O6MwEs5,
erie,Hutch,,130
erie,4paws Thrift Store FULL / QUEEN WOODEN BED FRAME,00h0h_dqkAoQmyiXA,125
erie,*** SHOP AT LOWEST PRICES FOR MATTRESS IN THE ERIE AREA GUARANTEED****,,
erie,FURNITURE*** USA MADE*** NEW*** OUTLET PRICES****,,
erie,WOODEN KITCHEN TABLE,01111_7pX1B6ZGaLl,50
erie,Leather Brown couch,00H0H_59C6nSlFCh2,200
erie,Area Rug,00T0T_fWjtyboxAyh,65
erie,Ethan Allen dining room chairs- pair,00000_fACk6QMSLeI,50
erie,Adjustable speaker stands,00z0z_32wxMwoGwYe,10
erie,TV or Printer Stand,00O0O_28i7IpSv7uA,25
erie,DINING SET WITH HUTCH,00i0i_2hmxTi7hyV9,250
erie,Bunk Bed,00T0T_30k12L1MWH2,75
erie,huge dining room table  with 3 piece hutch,00202_e2yuij2TnkS,1200
erie,Graco Baby Crib,00303_8AC9dUyKcT5,100
erie,Full bed,00c0c_4exU2ubo3ih,20
erie,Dining set with Hutch,00i0i_2hmxTi7hyV9,250
erie,"Oak entertainment center,( holds 37"" TV)",,175
erie,Dresser/Front Entry Cabinet,00x0x_lklxlJSn91h,190
erie,1940's Vintage Chair,00L0L_8TeLsPAoAi9,65
erie,Conference Room Table and Chairs,01313_eh7iZEjtZh4,1250
erie,Kitchen/Dining Room,00z0z_9klOkYwXrra,10
erie,Dunken Phyfe dining table & hutch,01010_ojP1HyIRSv,700
erie,couch and oversize chair /recliners  /burgandy color,00909_gVy8r2lj6f0,250
erie,Couch bed,00v0v_f26o4m1HT9x,65
erie,Exquisite Mirror,00s0s_gVb9s8ixWVd,30
erie,Couch for Sale,00k0k_6Ks8ijfZfbB,40
erie,4 DIFFERENT DESK CHAIRS,00g0g_2OUWkimXJej,40
erie,Buffet with hutch,00u0u_4nLQiAxPUwu,425
erie,Buffet with hutch,00u0u_4nLQiAxPUwu,425
erie,Country Style Upholstered Sofa and Chair,00A0A_gPHcRUyvY5K,
erie,"Oak Desk, Chair and Filing Cabinets",00b0b_le5XjwzflwQ,
erie,wrought iron love seat chair table,00R0R_ckZCre7IOOc,90
erie,Metal Bunk Bed Frame,,30
erie,Four Oak Chairs,00v0v_az09L94Obi9,150
erie,Kling Colonial Captains Chairs,00J0J_1O7u6HYsyuU,150
erie,Sea foam - Microfiber Couch,00y0y_iKCiCjcC4qQ,350
erie,Recliners,00A0A_diPuzG9Vyf8,100
erie,"Dining Room Table, Chairs and Buffet",,1000
erie,Couch and love seat for sale,00505_26Uwb4roBkc,200
erie,Antique dining set,00o0o_fvxXjEt99kJ,125
erie,Entertainment center,00o0o_iUultPniIBg,60
erie,Solid wood entertainment center,00K0K_a2yAr2gFD0X,300
erie,Antique Dresser,00G0G_h6E6Xq8WYxr,375
erie,NEW PRICE-Wicker Look Table/Frosted Glass Top,00H0H_8WaNma5iMUQ,30
erie,Brass Bed,00V0V_ivc1Yf0L7Dy,125
erie,NEW PRICE-Wooden Folding Loveseat,00e0e_elFbwAqBh0t,50
erie,Kid's chairs,00V0V_iMjgO40TpdV,3
erie,Beautiful Entryway Console & Mirror,00E0E_dyufnMVeyIv,2500
erie,4 drawer Solid Walnut Wood chest of Drawers Dresser,00s0s_a52IiAwTrxR,60
erie,Hand painted cupbboard,01313_eZFCM0Tx3Ur,75
erie,corner units,00O0O_11SY0NHc8gz,50
erie,Budweiser Baseball Glove Bean Bag Chair with Ottoman Brand New,00V0V_lOlk6V8j3x4,
erie,ANTIQUE BUFFET TABLE,00q0q_drpsqy6JgLn,110
erie,Curio cabinet & buffet,00I0I_8DPSpWAajB4,
erie,Vintage Mahogany Bedroom Set,00A0A_hpR6iTNIanW,999
erie,China cabinet,00u0u_aL2ygdKpRu,130
erie,Smaller table 4chairs,00f0f_9qqQ11WL3f0,75
erie,Sanus Audio Component Rack,00Q0Q_44RitQ0bq1h,35
erie,Desk priced to sell,00S0S_eeZrlcIlEUF,10
erie,Wooden shelf,00A0A_9vSGNsUzdp0,55
erie,OutdooR furniture.  SOLD!,00i0i_17LdqzqcsPL,100
erie,bunk beds,00N0N_eGAwXXJVgxr,450
erie,Couch and love seat,,200
erie,Rustic log bench,00404_jUlSDFOC70U,195
erie,Sleeper Sofa Couch and Love Seat,00202_1i4wIjkOtMt,150
erie,FULL SIZE BED AND BOXSPRING,00I0I_kXAqHvrGOb,125
erie,recliner,00707_gbthzVyTqiw,
erie,electric fireplace,00w0w_2kS3UaYUjfb,250
erie,"Sealy,   Green Love Seat (used)",00707_jom41f5Wa4n,25
erie,cherry coffee table,00Z0Z_eD9td6Bgupa,225
erie,formica top kitchen table from the sixties,00000_eYLU36A6PwY,35
erie,Swivel chair,00x0x_9KJDyNKnvwl,70
erie,HUGE BARN SALE SUNDAY 9/24 9-2,01212_l1f1A4Oywxj,
erie,Brand new table & 4 pecan wood chairs,00505_dOEMyt9Wj37,400
erie,CHAIRS,,10
erie,KING Size  Frame / Headboard,00f0f_4qAHHwuUiHM,90
erie,Sitting Chair / Neutral White,00K0K_joX3u2lFBjG,50
erie,THOMASVILLE DINING ROOM -SOLD!,00808_i9SMw5qZJUH,
