harrisonburg,ISO couch/love seat/lounge chair,,
harrisonburg,sectional couch,00o0o_eEGeNBxEgkr,250
harrisonburg,40 (forty) Dining Chairs,00T0T_kCTlN77fy8m,15
harrisonburg,Boxspring,00h0h_d5jZr1K1XhE,50
harrisonburg,Dark wood and leather Hall Tree,00c0c_c5MYAY9JGwa,65
harrisonburg,3 Piece Furniture set,00A0A_7EWTe67yUNb,900
harrisonburg,Primitive table 4 swivel chairs,00303_903Bl8H6AL0,250
harrisonburg,LOVE SEAT AND 2 CHAIRS,00Y0Y_fDu18GwLtwn,125
harrisonburg,Mt. Airy Roll Top Desk with Chair >,00808_gYe1NPonbXd,300
harrisonburg,Furniture,01717_4cmfpVvnEEZ,
harrisonburg,Entertainment cabinet/ armoire,00U0U_5hsMxCKShiA,600
harrisonburg,bar mirror,01414_aXfvZeU6rc1,20
harrisonburg,table,00B0B_29IFRcD3zcj,25
harrisonburg,Buffet/sideboard,00K0K_iGQyPZckmNT,475
harrisonburg,Waterfall Bedroom Set,00000_geBivUXOURZ,425
harrisonburg,Full size Bed and Dresser w/mirror,00w0w_eR9fAvIIuDD,195
harrisonburg,table,00q0q_3u66nAPmBgN,
harrisonburg,Candle holders,00r0r_cFKEG8164wg,25
harrisonburg,tv stand,01313_4BLOVoXd7V5,60
harrisonburg,Sleep Number i8 Split King Mattress and Flexfit 3 Adjustable Base,00u0u_c6PLGNyq0Ty,2700
harrisonburg,$2500 Set! Wood Table-6 chairs REDUCED!,00f0f_fofIQGrkvIC,750
harrisonburg,$2500 Set Reduced GREENFRONT TOP Quality Table-6 chairs,00f0f_fofIQGrkvIC,750
harrisonburg,Cherub/Angel Lamp-5ft Tall!,00000_DXKyR36vbn,75
harrisonburg,"REDUCED to $750! ""Castle"" Expandable Table 6 Leather Accent Chairs",01616_lFrvFXrAFDJ,750
harrisonburg,Old Time School Desk,00C0C_7w74WRiPoUi,50
harrisonburg,vintage 1950 mid century heywood wakefield coffee table & side tables,00707_fcBhUpFXmk9,200
harrisonburg,Brass and Glass Lighted Curio Cabinet,00E0E_jckswRhF1xU,250
harrisonburg,Antique Buffet/Dresser,00606_fiVkSWCUyp9,125
harrisonburg,Moving Sale all must go,00101_5iyBDSjX1yv,
harrisonburg,Quilt Rack,00I0I_bmFIxyQADmB,20
harrisonburg,Curio cabinet,00000_grkyO228MYz,150
harrisonburg,King sized mattress and boxspring,00V0V_bIxClbrhoSe,800
harrisonburg,Wood and Glass Curio Book Cabinet NICE!,00B0B_j4IXcREGc09,100
harrisonburg,Lamps,00202_gOMImnxv0KD,85
harrisonburg,Wooden Toy Chest,01010_cUD6vUT5uP8,40
harrisonburg,Lamps,01313_541VKdOmBlN,85
harrisonburg,Glass dining room table,01414_fGNnRVvLZOQ,300
harrisonburg,Chairs,00808_dUPlJd7U7Ms,100
harrisonburg,Pottery Barn Tables,00j0j_bJwEdnxGTKr,225
harrisonburg,Antique Vintage Shabby Chic Dresser,01010_gZjEUcsELuh,290
harrisonburg,Dresser short Vintage Ethan Allen w/ mirror,01414_7r9LF5D5SHS,70
harrisonburg,Full Size Mattress & Boxspring,00202_lum9ECfd5TC,50
harrisonburg,Vintage Swivel Bar Stool,00O0O_8gNSLhbFFOb,15
harrisonburg,Light Wood Colored Large Desk,00A0A_S5hnmRroL7,60
harrisonburg,42 in Round Kitchen Table Golden Oak,01515_dgh20YKJUpE,40
harrisonburg,Dining Room Table w/ Leaf,00h0h_hpCMVh0UPqa,100
harrisonburg,Round table,00O0O_4nW8t6P4P4V,35
harrisonburg,Vintage wardrobe,00N0N_1Z19zmMaHep,100
harrisonburg,Hanging Rope Hammock Chair,00505_4BuHvmmumaQ,10
harrisonburg,(2) GUEST VISITOR RECEPTION FABRIC CHAIRS FOR YOUR OFFICE,00h0h_jeGlk6CaMDN,135
harrisonburg,LATERAL FILE CABINET OFFICE SPECIALTY,00e0e_eDUZhEaR7eo,160
harrisonburg,CLASSIC BRASS AND GLASS CONSOLE TABLE,00j0j_d1cZPYsccAo,195
harrisonburg,DISPLAY WORK TABLE LAMINATED TOP,00L0L_gsiPhWiVm7g,98
harrisonburg,BLACK SPECKLED CAFE DINING TABLE,00808_jDLASqAnQ82,98
harrisonburg,"MOBILE PRINTER STAND, OAK LAMINATE",00909_86stQWuiki2,48
harrisonburg,COFFEE TABLE CHERY WOOD SMOKED GLASS,00l0l_6zA92lhmiZA,65
harrisonburg,CREDENZA WOOD LAMINATE,00x0x_8lt3XXDApGc,125
harrisonburg,KITCHEN TABLE CAFE WALNUT LAMINATE MADE IN USA,00S0S_26kWbjBn7sF,65
harrisonburg,MIRROR FOR CHEST,00G0G_1IZ9Ct5V0c5,50
harrisonburg,Sofa- tan,00m0m_3xMqteIznB5,190
harrisonburg,Bench,00l0l_7ERnFh5XNVN,48
harrisonburg,Electric fireplace & primitive table 4 chairs,00303_903Bl8H6AL0,400
harrisonburg,"3  MATCHING  MAPLE  SIDE  TABLES - take 1, 2, or all 3",00C0C_5nUlE4UkXVc,75
harrisonburg,Old 1910? Vintage Secretary Unit & Chair Great Shape!,00p0p_gjB3xjOzfkj,450
harrisonburg,Butler Table,00l0l_8nf0E0M84rJ,40
harrisonburg,Custom Built Rustic Coffee Table - End Tables - Choice of Stain,00Y0Y_lj550G2HSyQ,75
harrisonburg,Heart-Shaped Plant Stand,00i0i_cd5ljvVw4HF,15
harrisonburg,Round Wood Table,00L0L_ijxc9rKPZtn,30
harrisonburg,office chair,00y0y_kB37h1BfVLq,40
harrisonburg,Gorgeous Midcentury high & low credenza dresser & nightstand,00l0l_5nY2bTHBayd,200
harrisonburg,FOUR Tables With Chairs. Prices Vary.,00z0z_gbeXpXg7qWE,
harrisonburg,"Unique bar set with stools, accessories included",00C0C_2gS6Cl9oF5I,70
harrisonburg,Beautiful Chinese Wall Fans (2),00Q0Q_3WEwvYSuOXG,40
harrisonburg,GLASS TOP END TABLE,00Q0Q_4vcW2yWqp76,30
harrisonburg,HANDCRAFTED TILE TOP  ACCENT TABLE,00u0u_7BPJjhGgPPb,30
harrisonburg,Full size bed frame,00S0S_l7vZ6DFha6p,75
harrisonburg,2 White night stands,00Y0Y_hmgNIcX6heu,40
harrisonburg,Locking cabinet/shelving unit,00u0u_2kGVbO4La5n,325
harrisonburg,White metal bed frame,00r0r_lagp1Uacoxd,150
harrisonburg,Reto Kitchen cabinets,00n0n_hVKUZQUx232,50
harrisonburg,Bar stools and bathroom shelf,00C0C_c43r2k32Kz1,
harrisonburg,Complete Full size bed setup,00V0V_glYEcogFt0Z,50
harrisonburg,mission entry table,01515_ekrsFN9sfPV,150
harrisonburg,Antique oak dresser with mirror,00k0k_1lb8WDLdX3G,150
harrisonburg,Dual reclining sofa dual reclining console loveseat,00a0a_ioBEgfYrShX,1100
harrisonburg,Dresser buffett server,01515_jKsssqtmzZm,600
harrisonburg,Home bar for sale,00Z0Z_bWgo9XTbQIO,100
harrisonburg,Reclining Love Seat,00i0i_3ypkM0gY6Qc,125
harrisonburg,Full Size Bed Frame,00G0G_NKz2diBqs6,40
harrisonburg,Night Stand,00v0v_kTDWexFqS5I,20
harrisonburg,Shelf,00808_kU3qWA7s9XY,15
harrisonburg,Futon Mattress with leather cover,,75
harrisonburg,Dining Room Table,00x0x_6xt1LQn65eF,50
harrisonburg,2 bar stools. cane bottoms,00C0C_gEhT3VW6tno,50
harrisonburg,Dresser - Kathy Ireland off white,00F0F_hFePfNvg8j6,100
harrisonburg,King headboard,01717_1VZKhAQlFGA,25
harrisonburg,Oak table and 6 chairs,01414_hAPeMtiw5OL,550
harrisonburg,Table with 6 chairs,00m0m_lHlsIIMr3k4,250
harrisonburg,Brand new Dual reclining sofa and dual reclining console loveseat,00a0a_ioBEgfYrShX,1100
harrisonburg,Pine drysink,00808_dJ9ABLnzlQu,225
harrisonburg,Counter height table with leaf and 6  chairs,01717_lzWV9wPHu4F,700
harrisonburg,Oak claw foot table with leaf and 6 press back chairs,00C0C_iLTgQqvjxcF,500
harrisonburg,Cellar Cabinet,00505_lxDyVMJKaae,325
harrisonburg,Pine China Cabinet,00808_ktSIjG8ffZM,150
harrisonburg,3 drawer chest with hutch,00S0S_chEMMcKLZ5R,75
harrisonburg,Pine dry sink/hutch,00000_JceVqt3oc8,325
harrisonburg,China cabinet,00909_eSoItGKJzyB,135
harrisonburg,Vintage Beat Up Old Desk for shabby-chic project,00Y0Y_jDHhpFbFCkZ,15
harrisonburg,Large Wood Entertainment Center,00l0l_j1J1Xq7T0k,30
harrisonburg,Sofa and chair,00c0c_fJt78hEFzmN,450
harrisonburg,(2) Zero Gravity Chairs,01313_5Gw9B6K041t,50
harrisonburg,Table w 4 chairs,,45
harrisonburg,Original antique wagon wheel,00p0p_4jdp1iEuojy,425
harrisonburg,Decrative bird house,00101_gdIfeWGKKZo,5
harrisonburg,Antique Mirror,00303_9PeTaTAeTCD,100
harrisonburg,China Cabinet,00E0E_5vbq9FLHSb3,500
harrisonburg,Bed bench,01111_h9GzIrQEMmd,125
harrisonburg,Coffee table and Side table for sale,00101_2Vz1VM5qnDu,80
harrisonburg,Couch and recliner chairs,,50
harrisonburg,Table and chairs,00909_7mGuYU5de7X,80
harrisonburg,Vanity Dresser,00u0u_gUf5rQhml1s,100
harrisonburg,Massage Chair,00J0J_kT7qWdg4s1E,200
harrisonburg,Filing cabinet,00y0y_70FdKKeZ6lv,40
harrisonburg,Free entertainment center,00w0w_cmK5iMzh4mO,
harrisonburg,Glider,00m0m_ixMq6WYxegH,45
harrisonburg,MAKE-UP VANITY,00505_ja79wZ5JqaV,
harrisonburg,Drysink hutch,00S0S_hjecv24WZbo,325
harrisonburg,Table with 6 chairs,00m0m_fU20vsQzwe3,700
harrisonburg,cute painted jewelry armoire (vintage look),00u0u_gjdrigoyBD4,145
harrisonburg,Plastic chair,00505_dW4ZVJq8RcF,5
harrisonburg,Lamps,00j0j_7qoAPzu6ehW,5
harrisonburg,Sofa *Reduced price*,00q0q_lRihXHNHfnS,150
harrisonburg,Bedroom set Oak,00000_e9CDq4qcxio,550
harrisonburg,Storage bench,,30
harrisonburg,Paul Bunyon set,,300
harrisonburg,World Market Cadiz Coffee Table,00909_6mUyPXBJcC1,75
harrisonburg,Twin headboards,01111_cQIsAvP1dXj,20
harrisonburg,END TABLE -- POLISHED TOP,00h0h_3aUs9rAb3jq,25
harrisonburg,White bedroom furniture,00g0g_68XU4862tRd,365
harrisonburg,RECLINER ROCKER -- NEW,00505_72feft1xfKL,199
harrisonburg,Five Original Tree Themed Framed Sketches,00V0V_lhCx4muqsPA,215
harrisonburg,Awesome Vintage Wooden Hanging Mirror,00202_ig1Hbi6FxLa,175
harrisonburg,Awesome Beer Stein Lamp,01616_cr1nZOqZBUZ,150
harrisonburg,White Wicker Bassinet with Adjustable Shade,00V0V_azv8P7DFu8K,75
harrisonburg,Chair,00I0I_bRWPSOX5Z0t,125
harrisonburg,CHAIR,00d0d_c8WkwuLOa4h,25
harrisonburg,NICE SITTING ROOM CHAIR,00r0r_f0bysCU2NxA,25
harrisonburg,nice used couch,01515_6XSH4UOMr8W,50
harrisonburg,Matching Chairs,00909_95sdGAx7P9M,200
harrisonburg,chair,00r0r_csCgw7uilRe,30
harrisonburg,2 matching ottomans,00I0I_7doNXozM3f7,15
harrisonburg,OFF WHITE LEATHER POWER RECLINER,00505_6BygNCx0uVF,265
harrisonburg,Huge Sectional with Recliners,00o0o_827ChXqZUNc,800
harrisonburg,loft bed / desk,01414_1sKDGaVXpE7,450
harrisonburg,Solid Oak Bow Back Side Chairs,00R0R_e98JuJ4kRdO,35
harrisonburg,Ethan Allen Solid Wood Armoire OR TV/Media Center,00x0x_2K9lFfXHGS7,200
harrisonburg,Bar/Server OR TV/Media Stand with Custom Glass Protective Top,00707_aWSxFATqFEL,250
harrisonburg,Ethan Allen Solid Wood Desk,00O0O_ePvLk5Fvect,200
harrisonburg,oak table with leaf and 6 chairs,00M0M_hDkt7BNnk52,525
harrisonburg,"Very nice, comfy leather(?) couch for sale",01010_4BXJCLWvxJR,200
harrisonburg,Changing table/ dresser,00n0n_41lyLy26wrI,120
harrisonburg,"SHAG CARPET, Grey 8 X 10",00m0m_eM11gh1kexW,99
harrisonburg,SMALL KITCHEN TABLE,00A0A_3KWAnkIy26e,50
harrisonburg,Black Solid wood Queen bed with footboard drawers AND Dresser,00f0f_4GCHhg9gDeE,769
harrisonburg,Buffet,00L0L_9FZTqtdxLjJ,380
harrisonburg,WATERFALL WARDROBE,00j0j_aSfKfqrR7ek,109
harrisonburg,MAPLE SECRETARY,00M0M_86K6tKt7Fgs,179
harrisonburg,Slider Rocking Chair,00Z0Z_44tZfdcGCtx,50
harrisonburg,"Single Bed Frame - ""This End Up"" Solid Wood",00C0C_k0ZKniQrpWT,45
harrisonburg,ROLLTOP DESK,00y0y_bNvcZcLxiK4,60
harrisonburg,ceramic table & 2 chairs,00e0e_g48gOt5Uh79,175
harrisonburg,wicker furniture,00B0B_9Po0WSJoN9I,250
harrisonburg,Office Chair,00N0N_2AMZFbViBDF,35
harrisonburg,Overstuffed Chair / Mini Loveseat,01111_2GGLjBfRzvl,50
harrisonburg,Bar  stools,00U0U_5RGMIsBRGgq,60
harrisonburg,Pool table light,01111_7iEBzhAakjf,75
harrisonburg,Ekornes stressless leather loveseat,01010_fCc1AYjbyQC,3000
harrisonburg,Dining Set,00r0r_gCV9AMnvfJN,450
harrisonburg,Round Dining Set,01414_bEvXNRq9aYI,450
harrisonburg,Office Chairs,00c0c_fwR2OfZbBKK,400
harrisonburg,Dresser,00B0B_8keQ5qjGGrQ,85
harrisonburg,Modern Chairs,00C0C_9Ku4AoDgc7O,75
harrisonburg,White Dresser - 2 parts,00P0P_djdpvmq5hEg,149
harrisonburg,"Church Furniture, Chairs and more!",00o0o_fvJJKY9CBeE,
harrisonburg,Antique cast iron treadle sewing machine table,00y0y_hNfmuQeaAnQ,100
harrisonburg,Vintage / Shabby chic desk,00C0C_6yKfAWheaQq,110
harrisonburg,Full Size Metal Folding Bed Frame,,20
harrisonburg,2 Barstools,00C0C_cDdH7Dh550n,30
harrisonburg,gorgeous MAHOGANY CHINA PRESS,00C0C_fTeQ3cku7jB,495
harrisonburg,QUEEN HEADBOARD,01414_f4ZWalhto9o,295
harrisonburg,Solid Oak Dining Table 6 Chairs,00f0f_f6c0rgpcN7l,600
harrisonburg,Kitchen or Dining Room Island,00r0r_3XYPQHBy9L7,3500
harrisonburg,Outdoor bistro table and chairs,01313_gNHpjQvRLbl,150
harrisonburg,Gorgeous glass wine rack and server bar,00G0G_4Dga80oW9Mt,165
harrisonburg,Queen Anne style wood and wine chevron fabric chairs,00606_kopUpOUZocL,135
harrisonburg,Unique Dining Table and Chairs With Wood Inlay,00C0C_7YkKOy9QpiT,325
harrisonburg,Couches,00e0e_lb2fiQ4ggzK,300
harrisonburg,ELEGANT TRADITIONAL CONSOLE MIRROR,00g0g_gM1bNGjLcoW,65
harrisonburg,CHANDELIERS HAND CRAFTED WROUGHT IRON,00404_2n7QvPlrl4b,35
harrisonburg,CREDENZA OAK LAMINATE STORAGE CABINET,00t0t_9NZkcwFQzsI,125
harrisonburg,ARTOPEX LATERAL FILE CABINET 2 DRAWER,00202_hvk0LKJn5TQ,95
harrisonburg,KNOLL PEDESTAL FILE CABINET WITH CUSHING,00R0R_5m8XhPGAzVT,85
harrisonburg,HO N LATERAL FILE CABINET 2 DRAWER,00o0o_gwfykdy6xiu,160
harrisonburg,LAZBOY DESK SWIVEL CHAIR,00J0J_76Rpc7uoBoL,85
harrisonburg,HON DESK SWIVEL CHAIR,00Q0Q_ky3mnD8SeBZ,60
harrisonburg,HON WORK DISPLAY TABLE LIGHT GRAY LAMINATE,00q0q_8rgHzVBSMle,95
harrisonburg,"DINING, WORK OR PLAY TABLE",01010_amBbzwB62KW,165
harrisonburg,Tile top Table with shelf,00M0M_dw7ovKsBggV,150
harrisonburg,Bathroom sink top,01313_eeJA041ZwJ7,35
harrisonburg,"Old Walnut cabinet door, frame, towel holders, window frame, bullet",00y0y_b1g8yJMBuwE,100
harrisonburg,Antique Walnut Medicine Cabinet with vintage Mirror,00D0D_guKlBMfgPqK,75
harrisonburg,Household furnishings,00B0B_dpAaC3h0TaP,500
harrisonburg,Galvanized Tub #2,00N0N_hFY56oScXED,30
harrisonburg,Rustic  wooden table,00606_748qBSFvbcq,200
harrisonburg,Rustic Barn Door Piece w/ Z Brace on Inside Face,00F0F_2DxKpBBJr9F,525
harrisonburg,White bookshelf,00q0q_id3S2cYzSPy,30
harrisonburg,Dropleaf table,00V0V_cJPxwDFR26V,85
harrisonburg,Brown Leather 3-seat recliner,00J0J_dDCg01Q5ocR,600
harrisonburg,Curio cabinet,00i0i_eTDttvacxGh,325
harrisonburg,Mahogany curio/china cabinet,00U0U_d8lQmIJMX1B,375
harrisonburg,Antique Victorian bedroom set,00W0W_dkD4qt763LA,900
harrisonburg,Couch and loveseat,00u0u_26zKiN26uRA,450
harrisonburg,Antique Dresser,00q0q_ioLbKzKSzTN,150
harrisonburg,Sofa,00707_d0gQ1z8rYGu,50
harrisonburg,Sectional Sofa with 2 recliners,01212_kpy5lrc5O8O,425
harrisonburg,Roll-Top Desk by Ethan Allen 1975,00T0T_aneIxg8XxKN,300
harrisonburg,File Cabinets - Lateral - Standard - 4-5-drawer - letter - legal sz,00J0J_aVSDqMCkSkX,25
harrisonburg,"Bed Headboards, Footboards, Frames: Twin and Full Sizes",00T0T_dRN7BywIF3t,60
harrisonburg,Pecan End Table,00505_1meCmbU7EFb,100
harrisonburg,"Oak, Entertainment Center Cabinet",00E0E_aLTf1n3qf2W,125
harrisonburg,"Table, Oval",00T0T_2VAdHeQScx8,50
harrisonburg,"Table, Square w-Pedestal",00707_8CuxzIXymjV,25
harrisonburg,Solid Maple Headboard and Footboard - Full Size,01212_ex8UN6wnSkv,95
harrisonburg,Chairs for Office or Living/Dining Room,00101_f8JbKWwzKv8,15
harrisonburg,Vintage Portsmouth Mirror by Baumritter Corp,00d0d_frpBs3mnqS1,25
harrisonburg,Vintage Portsmouth Mirror by Baumritter Corp,00d0d_frpBs3mnqS1,25
harrisonburg,FULL SIZE BEDROOM SUITE - SOLID WOOD,01515_41JlnDn9xCv,395
harrisonburg,"Hanging Photo Frame Jewelry Box, Black Finish",00404_8VcMrBdYnbw,15
harrisonburg,Small couch,01212_boAyEVf4YiL,30
harrisonburg,Futon with Storage Drawers,00c0c_gTAULKjsTOL,50
harrisonburg,leather recliner,00O0O_bmtGgtVYSeq,300
harrisonburg,table and chairs and bench,00W0W_33PJqq5NPFQ,350
harrisonburg,queen bedroom set,00h0h_dhDBS3wK0vP,499
harrisonburg,Sleeper sofa,00s0s_gHbBoicQgIC,400
harrisonburg,Futon bed,00000_i3VPOv5HRfN,100
harrisonburg,"Desk with hutch, dresser, desk chair, recliner, oversized chair",00M0M_7zWwIvyhscV,1
harrisonburg,Chest of drawers,00z0z_kqTvAfCwBrc,20
harrisonburg,Chalk Paint Solid Wood Multi Purpose Cabinet,00Q0Q_4rOiTvgBRBn,300
harrisonburg,Vintage Set of 4 Chrome & Yellow Vinyl Kitchen/Dining Chairs,00505_7SxYmNXaL8W,250
harrisonburg,Shaggy Ugly Deer Themed Latch-Hook Piece,01010_irClgTKQIRE,125
harrisonburg,Estate sale,01414_b1scid6xDIS,1234
harrisonburg,Small black end table with drawers,00303_fsKTEa8V8NL,30
harrisonburg,3 piece bedroom set,00o0o_juvUZvQ6F1g,500
harrisonburg,Dining room set,00q0q_de94u8bdONu,700
harrisonburg,2 futons beige/gray color,,150
harrisonburg,Entertainment Center,00X0X_keOVm0BsrV2,500
harrisonburg,Chippendale Solid Mahogany and Cherry Exec Desk,00D0D_cJBre5y2JtP,750
harrisonburg,Like new chair,00Q0Q_8es8TeA609i,50
harrisonburg,Vintage Craftique Mahogany corner cabinet,01414_feYOdhQAQRZ,500
harrisonburg,Brown Couch/Pillows,00F0F_aLVNQdRQD0P,165
harrisonburg,White Book Shelf,01717_lyvcX08BvxS,40
harrisonburg,Living Room Table,00N0N_dx9QLorqsDW,65
harrisonburg,Custom Suter Furniture Work Stations,00N0N_jA0aZfCsrP8,50
harrisonburg,Office Chairs,00V0V_kQEv1iZbgws,150
harrisonburg,"Victorian Upholstered  Sofa , wood trim",00S0S_iizM8Y94K6T,125
harrisonburg,MOVING SALE! Queen pillowtop mattress and boxspring,00A0A_5e1I7wi6ozr,250
harrisonburg,MOVING SALE! Microfiber and leather sectional,00m0m_9qb2ZKb7Bmt,650
harrisonburg,"Bedroom Furniture, coffee table, bed frame, washer and dryer.",01010_ABcXp47VcR,500
harrisonburg,Coffee tables dressers,00I0I_7bBIAbZxI6c,15
harrisonburg,Very nice king bed and other matching furniture,,
harrisonburg,La-Z-Boy Wingback Chair,00d0d_jtgmFh2Ftmo,25
harrisonburg,Carrara Marble Slab,00D0D_3N3hDWOZfFS,300
harrisonburg,Lazy Boy Rocker Swivel Recliner,01313_8EvUiTYidgH,20
harrisonburg,Oversized recliner like new,01313_1oYY5cZLNw7,225
harrisonburg,Sectional couch and coffee table,00N0N_93vaOAgJvNR,900
harrisonburg,"Mattress, King Koil, Full Size",00e0e_7USZuOCGUB2,185
harrisonburg,Beds KING & FULL,,150
harrisonburg,L-shaped Desk,00c0c_9kvUCXY9NDC,200
harrisonburg,L. Hitchcock Headboard,00Q0Q_fEKN0Cqbce4,295
harrisonburg,Leather Sofa and Recliner,00n0n_bNE559fG6Wt,1400
harrisonburg,Dresser/Mirror/Night Stands,00G0G_c1GPN1KsleO,275
harrisonburg,Bunkbed,00d0d_beQdw4jyN3G,150
harrisonburg,Antique dresser with mirror,01212_aNQ4WQdyZ7z,200
harrisonburg,Loveseat Sofa,00C0C_jJSk7yBIQ9z,100
harrisonburg,Computer desk,00W0W_2EsMdrryogX,45
harrisonburg,Sleep By Number Bed Frame,00n0n_6Cxn6cmTJFI,25
harrisonburg,End Table (Mt Crawford),00F0F_6TebCBw9MEc,25
harrisonburg,Antique couch in great shape,00H0H_eI4YqNxxido,35
harrisonburg,Large couch,00l0l_dhEBJUwH50r,100
harrisonburg,Wooden bench,00R0R_f1JzKUbXgPf,
harrisonburg,White Canopy Bed,,75
harrisonburg,Twin Size Bed,00c0c_4qoSpQ2FGTc,100
harrisonburg,2 Twin bunk beds,00k0k_5LzTFsKQT02,400
harrisonburg,10 pc Dining set,00M0M_9cXxPWcVuo6,400
harrisonburg,Book shelf,00r0r_UD4Wvpt2gi,75
harrisonburg,Chairs,00t0t_lJotVzgpewc,20
harrisonburg,DINING ROOM SET,00N0N_bg6IdRJRTkd,475
harrisonburg,2 Drawer Chest,00q0q_277vylyEw2n,385
harrisonburg,"antique Marble top dresser/wash stand. 36"" by 18"" by 28 h.",00202_aEQnIuFrVR4,125
harrisonburg,5 piece rectangle  tv table set,00H0H_3Ierkqvo5QK,40
harrisonburg,Dining room furniture,00B0B_c6VVXkj732l,
harrisonburg,Coffe Table and Matching End Table,01010_7sWhoXC1P4Q,40
harrisonburg,End Table - Maple & Laminate by Young Republic,00303_lnfUpRXNaSg,40
harrisonburg,CHROME COAT RACK,00c0c_7N2l6IkD6cg,45
harrisonburg,"CONFERENCE TABLE CUSTOM BUILT 72"" CHERRY WOOD VENEER",00N0N_e6bBqwae9UP,1595
harrisonburg,MODERN HIGH BAR TABLE,00U0U_4NgLga6HMxJ,165
harrisonburg,KNOLL INSCAPE STAND UP OR SIT DOWN FREE STANDING CORNER DESKS,00C0C_gIrVCUJeUF1,295
harrisonburg,KNOLL LATERAL FILE CABINET TWO DRAWER,00N0N_jTSIplbDrsA,135
harrisonburg,PALLISTAR FAUX LEATHER SOFA,00A0A_gtef0J8qiV2,165
harrisonburg,MODERN HIGH BAR TABLE AND STOOLS SET,00l0l_lLDD50P9ejY,245
harrisonburg,KNOLL PEDESTAL FILE CABINET,00q0q_7XwP75pSMv6,85
harrisonburg,PEDESTAL LEGAL SIZE,00J0J_cXIPWJj2Twl,95
harrisonburg,WALNUT LAMINATED DESK AND PEDESTAL FILE CABINET,00B0B_fy1GQKDajfn,175
harrisonburg,GUEST RECEPTION CHAIR KIMBALL STACKABLE,01111_e2z5P1GRhjg,58
harrisonburg,"CONFERENCE TABLE 42"" HON LIGHT CHERRY WOOD",00j0j_2YypmHaWHTv,285
harrisonburg,BRETFORD POLY TRAINING TABLE,00b0b_auY7ymo2FHQ,295
harrisonburg,MOBILE HON DESK WITH A PEDESTAL FILE CABINET,00v0v_efDAHdSbFN0,195
harrisonburg,HON DRAFTING CHAIR,00909_egSCVh8unow,125
harrisonburg,PRINTER COMPUTER MOBILE TABLE,00u0u_UrrZ1hJpxs,50
harrisonburg,NEW KITCHEN CAFE TABLE AND TWO CHAIR SET,00000_78KXTYSzYD7,145
harrisonburg,KNOLL/REF BOOKCASE CHERRY WOOD VENEER,00a0a_hFR4FYv82aZ,295
harrisonburg,KNOLL/REF OFFICE WARDROBE AND STORAGE CHERRY WOOD VENEER CABINET,00F0F_gy0WF80EYZP,395
harrisonburg,"HON LATERAL FILE CABINET 30"" 4 DRAWER LOCK AND KEY",00n0n_kdjuFO9RhFL,325
harrisonburg,LATERAL FILE OAK WOOD 2 DRAWER,00P0P_l3V1UKHi1nq,145
harrisonburg,EXECUTIVE DESK CHERRY WOOD VENEER and LAMINATE,00505_kaPYWGSUdhB,150
harrisonburg,Rolling Double-Sided Bookcase,00C0C_lKTJSJys8c9,60
harrisonburg,Small Dining Table,00F0F_8Kjc5MlWzCL,25
harrisonburg,"DINING, WORK  OR PLAY TABLE",00303_76iqR4LKA09,165
harrisonburg,"Ornate Used ""Stickley"" Wooden End Table",00U0U_dgH8yFtUCgU,125
harrisonburg,Entertainment center/CD and game holder,00w0w_eg7hfaSuOWF,
harrisonburg,OAK DESK AND CHAIR,00808_gEPoFyTqLsi,25
harrisonburg,OAK DESK,00v0v_fOkHdqELpKg,40
harrisonburg,Rug,00909_k0S2yUO1JHV,100
harrisonburg,DRESSER top with Mirror,00V0V_iRDG2QHHiVB,50
harrisonburg,Large Jewelry Box with Lock,00000_dPQxLcX4lEe,90
harrisonburg,Commercial Grade Used Office Chairs,,1
harrisonburg,Furniture,00b0b_1a6zAfuHIQg,750
harrisonburg,Chair,01111_9UXsdDMcc4l,50
harrisonburg,maple dining table,00o0o_203Ykmy0w1N,80
harrisonburg,26 inch Emerson tv,00i0i_h9zRp3B32F6,80
harrisonburg,Sumter Cabinet Co. Bedroom Set - Cherryvale,01717_4hdSSskcim9,1600
harrisonburg,Wooden bench,00R0R_f1JzKUbXgPf,
harrisonburg,Dining Room Table and Chairs and Hutch,00v0v_b8meemEAxRY,
harrisonburg,Like New Queen Mattress and Box Spring,00E0E_aNKEf3omJXm,200
harrisonburg,Patio Dining Set,00N0N_5SelblX846t,400
harrisonburg,King mattress,00j0j_eSaXs8NQABB,100
harrisonburg,Wooden chairs,00q0q_8D8fcumdWxx,5
harrisonburg,Wooden desk,00d0d_3FDers2gf6E,60
harrisonburg,Big vanity mirror,,500
harrisonburg,Stanley Furniture Wood (solid) Bunk Beds and/or Drawer,01515_dJCvg8HNwMP,625
harrisonburg,Oak Dining Room Table,01111_eJzU5PuOqH1,175
harrisonburg,Red Wire Display Rack on Wheels,00M0M_jDeEAiA9G0G,50
harrisonburg,Allen + Roth Electric Fireplace & Media Mantel,00z0z_7QpWKUb3Cg,500
harrisonburg,Beautiful butcher block prep table,00H0H_eFMR8paUg4S,375
harrisonburg,New Book Shelf,00n0n_cWwyi0AxtrY,25
harrisonburg,Beautiful Bird Cage Chair,00f0f_dBTEGj8Z6rJ,325
harrisonburg,Couch and love seat,00A0A_kDexXv6Jswm,
harrisonburg,Antique Desk,00c0c_4UHpDGXQsUJ,100
harrisonburg,Living Room Console Table,00101_c2kJBFYXo8Y,175
harrisonburg,cedar chest by Lane,00z0z_krLWH4a2Jpx,100
harrisonburg,Office Chair,00N0N_3VZcjCmzbp6,75
harrisonburg,Magazine Rack,00Z0Z_67unIZIftKT,5
harrisonburg,Brass Colonial Williamsburg style chandelier,00F0F_3swTkApi7kS,39
harrisonburg,Couch and Recliner (Less Than Year Old),00606_dms7bCtUMdG,600
harrisonburg,Pennsylvania House Solid cherry end tables and coffee table,01212_9VtwI978msV,275
harrisonburg,5 Shelf Solid Wood Book Case,00303_6QIM7B26YNL,65
harrisonburg,50's Dining table,00T0T_bKEZQZ1IIS4,25
harrisonburg,AMISCO designer desk,00B0B_3BkbU7f83i7,40
harrisonburg,Office Chairs by Herman Miller,01515_h1UKrNBOAti,25
harrisonburg,Wicker set,00O0O_1s5DWhbBAzo,125
harrisonburg,Wicker set,00O0O_1s5DWhbBAzo,125
harrisonburg,Kenmore Washer & Dryer,,250
harrisonburg,Lightly used Kenmore Air Conditioner,00g0g_3qlAXnA6DKd,180
harrisonburg,Couch,00G0G_btz7g7KFElK,150
harrisonburg,"PRINTER/COPIER STAND, OAK LAMINATE",00909_86stQWuiki2,50
harrisonburg,POLISHED CHROME CONFERENCE TABLE SUPPORT FRAME,00W0W_g6r2xjymvsw,195
harrisonburg,BAR STOOL OAK WOOD VINYL SEAT,00X0X_9vZHJKZFyzg,38
harrisonburg,Dining Room Set,00D0D_hFAQtBWyHgq,1400
harrisonburg,Computer desk-Armoire,00m0m_3p9bWTocmvO,30
harrisonburg,SPECIAL KING BED,00W0W_l4qasqhDUqP,500
harrisonburg,Oak trestle dining table with built in leaf,00D0D_fKsQeCdp0Jv,575
harrisonburg,Kimball desk,01616_12sGEi9tSzc,50
harrisonburg,Light Brown Office Desk,00M0M_dmhxIbNTyCB,100
harrisonburg,Living room set,00S0S_3cZMnPQi9g2,650
harrisonburg,Wooden desk with glass top,00s0s_bAytXB1PDTo,50
harrisonburg,Two Early American Style Chairs,00X0X_b1lIEWR215z,40
harrisonburg,Bombe Style Dresser w/ Ornate Mirror,00Q0Q_2M1c4JLDchZ,325
harrisonburg,collapsible table with 6 chairs,00404_j7sHFzCVEoq,250
harrisonburg,Antique China Cabinet,00w0w_jhEMmD2BmkB,250
harrisonburg,King Bedroom Set,00w0w_l0Wp0Xq54mR,2000
harrisonburg,Secretary Desk,00E0E_7hz1Ju3LlwM,100
harrisonburg,Small IKEA Sofa,01010_5zVZy7jJHnn,25
harrisonburg,Moving sale,00505_cFB4WoKcKkv,
harrisonburg,Sofa frame,00o0o_fLVraXohQmp,125
harrisonburg,One Unbelievable Deal! Furniture-Appliances- & More!,00r0r_8oTSJRy50Ry,2500
harrisonburg,Basset Couch and Love Seat,00S0S_bkQ0Iwe1rmE,1200
harrisonburg,Bar,00B0B_fkJJ9EykBTF,50
harrisonburg,primitive wall hangings set,00a0a_aaYSnCV09YI,30
harrisonburg,braided rugs set,00T0T_dIjrTwpjPvs,150
harrisonburg,BRAIDED RUG 8.5X5.5,01111_7VriltS1GTW,100
harrisonburg,"table and 6 chairs, matching buffet",00g0g_3qAOkxczbQ2,300
harrisonburg,Foot Stool Wool with Steel Base,00c0c_1BLaTtErclH,25
harrisonburg,Dining Room Set,00F0F_l1c62H2sWMG,399
harrisonburg,Brown microfiber couch and love seat,00w0w_gXAmr8dvIfI,200
harrisonburg,4 bar stools,00B0B_4aINGxNMSHO,140
harrisonburg,Roll top desk,00M0M_gzhQ8YQxK7S,350
harrisonburg,6 kitchen chairs,00q0q_jBInOZRhYIe,75
harrisonburg,Entertainment Center,,50
harrisonburg,Antique Bed and End Tables,00606_keNBDD3DcmB,150
harrisonburg,"Custom 74""Jabot & Festoon Window Treatment",00Y0Y_FuKwCV1DsM,25
harrisonburg,Solid Oak Bed -king,,1500
harrisonburg,Like new sofa,00c0c_fA8ur4edib2,150
harrisonburg,Wooden office table,00202_dIznsB5cPof,30
harrisonburg,Porch glider needs a new home,,19
harrisonburg,Nice maple futon,00Y0Y_2F6tdpTiLAz,100
harrisonburg,Living Room Set (7 piece+2 pillows),00000_7UuPXx1eWxS,350
harrisonburg,Outdoor chairs,00l0l_jQtGT4MS5P9,50
harrisonburg,DIY Furniture/ Wood Window Projects * MOVING SALE * Coming to VA Beach,00K0K_fAFViSazuAH,10
harrisonburg,Cherry Book Shelf,00u0u_1Ekw2qcne7P,300
harrisonburg,Dining room set,00303_2UW8g74d8nR,450
harrisonburg,Office Chair,00I0I_i5aEYpCMqTO,10
harrisonburg,Cast iron umbrella base,00J0J_hJCXy8UH8Ca,25
harrisonburg,Porch Glider,00j0j_6zaCO2UwwN3,
harrisonburg,Queen Serta iSeries Mattress & Box Spring,,
harrisonburg,Vintage metal typewriter stand,00H0H_9zXdZFh09m2,45
harrisonburg,B L Marble vintage wood banker lawyer chair,00I0I_85Oq5q2Esoz,65
harrisonburg,Pair of Sikes lawyers chairs stanolind,00909_jaORFFRz7rw,70
harrisonburg,Vintage Hi-Lo metalstand typewriter stand,00q0q_jzG3soQVzEL,45
harrisonburg,Desk Hutch,00m0m_gy6oxctgzfq,20
harrisonburg,VINTAGE FRENCH PROVINCIAL NIGHT STAND,00a0a_jYLkA3MiKV7,100
harrisonburg,FRENCH PROVINCIAL DRESSER,00T0T_4n5K8RIBQsm,200
harrisonburg,VINTAGE FRENCH PROVINCIAL DRESSER,00505_fzfDJnMgRkm,150
harrisonburg,VINTAGE FRENCH PROVINCIAL DESK WITH HUTCH,00x0x_5ogPUn7IsIW,150
harrisonburg,World Market media cabinet  -,00a0a_5GF27om62RZ,50
harrisonburg,Entertainment Center,00z0z_hFeHCstCnAU,40
harrisonburg,Entertainment Cabinet w-Rolltop cover,00404_ctGPDMwmcGj,75
harrisonburg,Love Seat - multi-color-rose-blue-green,00h0h_bfFguj5qzHE,65
harrisonburg,Chair - Upholstered - multi-color leaf pattern,00u0u_lt5s7i6mBq4,15
harrisonburg,Loft bed w/ built in desk and drawers,00j0j_aYwgqQe0Dr6,1100
harrisonburg,Wood & Marble Plant Stands,00P0P_6scYMSydQnt,150
harrisonburg,Desk & Stool,00q0q_lx45W4vqhMa,100
harrisonburg,Buffet,00E0E_8gRCp4JX3OX,180
harrisonburg,Dresser,00d0d_lDNDndV74Ll,180
harrisonburg,Wooden Handmade Storage Crates Custom Made,00V0V_hrsz15pB7gA,10
harrisonburg,"""Map"" sofa table.. reduced",01010_hh5ILFHbxYq,50
harrisonburg,Antique oak czech cabinet,00O0O_gjCGoVKPUjJ,400
harrisonburg,Large round dining table $140,00000_l3Uby0Q4He1,
harrisonburg,Entertainment  Center,00C0C_gby7X4IZMMm,100
harrisonburg,Metal Bed Frame-Full (double),00W0W_18SnZf1mDrc,15
harrisonburg,Two Person Soaker Bathtub Tub (2 available),00O0O_6CD4hHgezM8,175
harrisonburg,Pedestal Sink (Beautiful!),00303_ifcoUIqd1fi,80
harrisonburg,Dining Room Chairs (4),00Y0Y_8lBPbMDynmU,300
harrisonburg,Desk,01515_fJeTYL4xL2z,150
harrisonburg,Oak table and 6 chairs,00B0B_c6VVXkj732l,650
harrisonburg,Pantry Cabinet,01313_iSTsLbwUUIa,125
harrisonburg,Mid Century Magazine Rack,00I0I_2l5A1YkJOhz,50
harrisonburg,Storage Shelf,00B0B_azxOH3fBQPc,30
harrisonburg,Stool,00J0J_1Kl7eIIUfes,10
harrisonburg,TV Stand,00101_aJ7zBGgTztn,20
harrisonburg,Entertainment Center,01414_lzJQnTJG3Ef,125
harrisonburg,Swivel Stools,00W0W_inWc2tQIGUy,150
harrisonburg,Beautiful Inlay Teacart,00S0S_5uf33EG4jfp,150
harrisonburg,Modern dresser,01313_l3PGvTeKulg,280
harrisonburg,Antique Marble Top Vanity,00M0M_9sKCXrhwynH,350
harrisonburg,Computer stand and file cabinet,00k0k_derSne1EslQ,25
harrisonburg,Ashley recliner,00t0t_5aEOutSZpqq,175
harrisonburg,Set of 4 center island/dining table chairs,00v0v_6N7WjCH2kGR,350
harrisonburg,Wood Side Table with Glass Top,00A0A_3QcK4qQxMMl,20
harrisonburg,Bookshelf,00Q0Q_d0iOjNlihGB,60
harrisonburg,Mattress - Symbol Mfr. Brand New,,75
harrisonburg,Bar height chairs,00V0V_6LciZRSjCxV,40
harrisonburg,Office computer desk,00M0M_eb2G4yuBhXz,100
harrisonburg,New Oversized Franklin Rocker Recliner,00606_23HNEnGurnR,540
harrisonburg,Used Vintage Heavy Metal & Glass 6 Seater Patio Set - 2 Rockers & Umbr,00F0F_lWYUwEfuvrF,750
harrisonburg,Wooden Dresser,00Y0Y_6hq0KwSSabg,50
harrisonburg,Beautiful Pink Decorative Ceramic Pitcher,01414_9J44UxW1m20,25
harrisonburg,Odd Heavy Metal Candlesticks,00x0x_lSbxyeM2vpE,75
harrisonburg,Vintage Worn Gold Hanging Mirror with Shelves,00t0t_estuRdWlpmP,125
harrisonburg,Sewing table,00j0j_4pgP1a5sYgw,20
harrisonburg,Tommy bahama cooler,01515_12SEVzHNzW2,75
harrisonburg,Table with wheels/patio table,00a0a_cjHSEg7cXGM,50
harrisonburg,Leather Loveseat and recliner,00c0c_hmNwVs5simJ,750
harrisonburg,Couches and love seat,00505_304Vj7vR0t7,300
harrisonburg,3 Piece Set,00g0g_52ogzfOQBiy,250
harrisonburg,Bunk bed-full size,00W0W_fyAV91ZOY0A,150
harrisonburg,Book Stand headboard,00707_kMFVUKINnWc,45
harrisonburg,Large Loveseat,00E0E_2H6KcCt7Oqq,50
harrisonburg,Vintage Furniture - Couch and two chairs,00Y0Y_loYMTkGRw2I,300
harrisonburg,Firewood Box,,20
harrisonburg,Oak Chest of Drawers with Matching Twin Headboard,00707_j8YKRyg0AQk,150
harrisonburg,Ethan Allen Table with four chairs,00B0B_iIVeS6ijpYS,125
harrisonburg,Living room chair,00b0b_7Ocl3m7MNhr,25
harrisonburg,Dining Room Table and 4 Chairs,00H0H_480iDILkxZG,150
harrisonburg,Moving sale,00V0V_7MPufXKsGWJ,
harrisonburg,Queen Anne Standing Mirror\,00404_hnkIvgs0D3s,50
harrisonburg,Ottoman(Large),00505_3NQ6Jox9zyq,125
harrisonburg,Oak end table,00l0l_liGPSIU3gzR,35
harrisonburg,Double reclining love seat and sleeper sofa,,400
harrisonburg,chest dresser,00u0u_bAopRRr1q6d,225
harrisonburg,Solid wood computer desk/hutch,00u0u_a5XhP2Qjlch,200
harrisonburg,Solid wood desk,,100
harrisonburg,Roll top desk,00M0M_8jZ2zcTiV0O,100
harrisonburg,REDUCED....DESK,00E0E_kIqbIq40mlc,15
harrisonburg,Antique Drop Leaf Shabby Chic French Top,00V0V_544qPHnjRQh,250
harrisonburg,Antique Bed Frame Bench Foyer / Table / Outdoor Bench Solid Wood,00l0l_ebn5Dgp8nFq,175
harrisonburg,Antique Maple Virginia House Dresser Nautical,00808_6sOIJsBeQXn,235
harrisonburg,Used Pair of Brass Vases - Made in India,00M0M_ks9V7NbbNXm,50
harrisonburg,Expanding sofa table,01414_ahMdQKjoNXG,200
harrisonburg,Mission oak dresser,00s0s_5DtSNzuHrTH,175
harrisonburg,Sofa and loveseat Ashley,00909_DpW3PtMW2q,200
harrisonburg,Great condition floral chair,00u0u_fVEVr1ZNLJW,50
harrisonburg,Great condition child chair,00U0U_iJFL82kPcpi,30
harrisonburg,"Light pink, electric rocker recliner",00808_9apYf3mgLjQ,150
harrisonburg,Solid Wood Queen Bed Frame,00i0i_9pvGWumD3Zy,250
harrisonburg,overstuffed chair,01212_eqc5flMCeeq,35
harrisonburg,Solid Wood Queen Sleigh Bed,00o0o_2CTRXTNt9QB,450
harrisonburg,Petite Children's Patio Set with Folding Table,00S0S_3wtWgKBIF1z,125
harrisonburg,Sofa and Loveseat,00C0C_3lElD050HWF,
harrisonburg,Loveseat,01313_dIOI4XVT7Hy,100
harrisonburg,Sofa,01111_8znVIqv398V,125
harrisonburg,Red sofa and chair,00B0B_1jUOEBcnipV,575
harrisonburg,Oak table and 6 press back chairs,00B0B_c6VVXkj732l,650
harrisonburg,Sofa and loveseat,00F0F_3gPHw2a6hIY,975
harrisonburg,Gently used 3 seater couch,01010_jkQ42CmcQKk,350
harrisonburg,BRASILLA by Broyhill,,300
harrisonburg,REDUCED...LARGE HEAVY MIRROR,01515_gvSGfLX46rO,30
harrisonburg,File cabinet,00J0J_fe5arcVwPXD,75
harrisonburg,File cabinet,00a0a_6EBi5PK56nG,200
harrisonburg,Entertainment Center,00k0k_l2jfoxi6KZL,600
harrisonburg,Queen-sized Serta Pillowtop Mattress,00k0k_44P5tDArV59,100
harrisonburg,Black Leather Chair/Ottoman,00A0A_6md77ckhCAW,80
harrisonburg,Cherry Oak Hardwood Floors,00t0t_4uMRscsjOC,500
harrisonburg,3 silver stools.,00S0S_5svAAByQgXS,30
harrisonburg,Love seat leather recliner,00u0u_65vRoq463Uf,750
harrisonburg,Book Shelf,00n0n_4OufsHZZAmP,250
harrisonburg,Curio Cabinet,00i0i_8fDFT4D7qQM,50
harrisonburg,Schoolhouse desk,00R0R_kU6naOgwoA1,40
harrisonburg,Oak Artist's worktable,00u0u_70m2xHxYluQ,120
harrisonburg,Table and 6 chairs,00Z0Z_aGvpjQ9ESfO,150
harrisonburg,Polyester sofa sectional charcoal gray,00f0f_jB30qsBIeuw,870
harrisonburg,Cappuccino coffee table square like new!!,00808_aFgyI9N7Fbl,100
harrisonburg,Tufted  Ottoman coffee table dark grey,00606_7thcFenR5z1,380
harrisonburg,King Bed set with 2 nightstands White & grey,00V0V_dT2m1Ha7eJv,1400
harrisonburg,Toddlers bed tufted white and gray,00Z0Z_2ygy4cn9vbz,100
harrisonburg,Ashley furniture Signature design DINING SET 9 piece,00a0a_l3cDzfi2tIu,1800
harrisonburg,Oriental Iranian Rug 14x12 (obo),00j0j_jqCE45Thg4G,225
harrisonburg,Sofa,00X0X_8511c5RjMVS,10
harrisonburg,nice older china cabnet,00k0k_3FoTebWNRGS,75
harrisonburg,Table w/chairs if wanted.,00B0B_bkKS1EPFARq,75
harrisonburg,Have room for everyone this holiday!,00z0z_5FQGpElGVCi,650
harrisonburg,Beautiful Handmaid Bookshelf TV stand combo,00404_hnWYl6GnxRQ,200
harrisonburg,New Twin Mattress,,275
harrisonburg,Bar Stools and Kirby vacuum cleaner . CHEAP!,00V0V_5NcRqu00hca,
harrisonburg,Glass and Wrought Iron Coffee Table,00O0O_2JYvDCOgIN0,60
harrisonburg,"Terrific wide, sturdy chair",00O0O_lXgDi3yrT5Z,20
harrisonburg,Bedroom bed set solid wood nightstand and lamps,00g0g_2Ryt1Loe6Fw,450
harrisonburg,Large sectional couch,00R0R_fjOg8LYOyoy,350
harrisonburg,Solid wood table,00k0k_7FPTNwWNaTk,50
harrisonburg,Full size bed frame,00h0h_hMJ0cJERy82,75
harrisonburg,Leclerc Weaving Loom,00D0D_7mmOU05l32g,750
harrisonburg,Toy Box,00M0M_1gGxM4BV495,125
harrisonburg,Solid tv wall unit,01212_cCkyhQRYZJK,300
harrisonburg,CURIO CABINET,00Z0Z_bLcevL6Lrmw,125
harrisonburg,poker table,00000_7L2oovt5PyP,550
harrisonburg,School desks,00505_ci6WmciuFOc,25
harrisonburg,Lazy Boy 8 Foot Leather Couch,00x0x_l9P9dGnQHM0,89
harrisonburg,Dining Table and Chairs,00Y0Y_uUKNMyUbOo,400
harrisonburg,CRIB FOR LIFE,00q0q_bhm8LttxZxn,55
harrisonburg,OAK TABLE,00a0a_4AdrrYXqzv8,70
harrisonburg,OAK HEAD AND FOOT BOARD,00B0B_c7TM4YZQmB6,50
harrisonburg,Beautiful farmhouse hutch,00x0x_aBcwi3iNW77,750
harrisonburg,ST. TIMOTHY GUEST VISITOR FABRIC CHAIR,00b0b_ju0IVnpRh4g,295
harrisonburg,"HON GUEST RECEPTION FABRIC CHAIR SET,",01212_kHPwfN2iyO8,220
harrisonburg,Fake Fireplace,00A0A_kGL0YKYU9WF,25
harrisonburg,End Tables(set),01111_jyObEr2Hi3I,25
harrisonburg,Primitive Storage Trunk,00909_hLkDO86C5hl,40
harrisonburg,Pair of nice couches,00l0l_awHzit3z4gH,250
harrisonburg,Wood End Tables,00n0n_d3c1SrEBCvw,15
harrisonburg,Entertainment Center,00B0B_apbRIyWs5HG,50
harrisonburg,Wingback chair,00U0U_6i7EWDojSSa,85
harrisonburg,Antique black leather recliner,00101_jbsA8dqwAfs,65
harrisonburg,New in box medicine cabinet,00A0A_9g7YCqL6uIq,200
harrisonburg,Dresser Top Mirror with Drawers,01717_4hWLBFUq5B7,100
harrisonburg,Chocolate Brown L Couch,00c0c_7wF4P5INehA,750
harrisonburg,5 foot rear finish mower,00k0k_7FF2tqjANnE,350
harrisonburg,glass table and 4 chairs inside or outside,00e0e_hEpDRSmWJEW,50
harrisonburg,Entertainment Center,01515_VHqGYfC4jW,800
harrisonburg,Couch and Love Seat,00Y0Y_314XszDhEV8,850
harrisonburg,Like new power reclining couch with matching oversized recliner,00H0H_5tpd9PVZHin,1100
harrisonburg,Wicker Love Seat,00y0y_aebVcl7Vt8s,35
harrisonburg,Wicker Chair/Rocker,01212_dLEbLkpXsJK,40
harrisonburg,outdoor patio chairs,00E0E_cZohyEJlQbf,25
harrisonburg,Swivel Rockers,,60
harrisonburg,Kitchen table,,60
harrisonburg,Dining table (6),00t0t_eo034Q8F3Ey,550
harrisonburg,Sleigh bed frame,00o0o_1JBxP8Eq9Mr,500
harrisonburg,Used Glass & Metal Patio Set with Cushions.,00000_bSQ2p82SLTg,275
harrisonburg,Odd Heavy Metal Candlesticks,00w0w_4LsEKIrWtV3,75
harrisonburg,Lazy Boy Sofa,00M0M_dg4DvnNprfO,200
harrisonburg,Designer Folk Art Mirror,00l0l_bB4vq9OD43o,75
harrisonburg,Norwalk Genevieve chair ottoman,00101_eGQz2upsAwj,300
harrisonburg,3 piece living room set,00Z0Z_hmbow8gRhLE,875
harrisonburg,Table with 6 chairs,00M0M_etAzIGffe0B,550
harrisonburg,Gray couch and ottoman,00a0a_9H3HYLZ69ok,425
harrisonburg,Rocker recliner,00S0S_3hPKysm2Aay,40
harrisonburg,SOFA BED,00303_6iswsGYPom0,50
harrisonburg,Nice couch,00606_ckRvHowqg69,20
harrisonburg,Sauder Transit L Desk,00b0b_k5SKcr5YVWB,200
harrisonburg,Faux leather sofa,00o0o_gQDjpBA4fuT,250
harrisonburg,Used High Quality 10 Piece Patio Set,00101_8ijKKSgcGHM,1200
harrisonburg,Oak Entertainment Center,00D0D_55i0GrHwmfU,50
harrisonburg,Storage ottoman,00k0k_kd8LCdLDst9,20
harrisonburg,Two bookshelves,01616_3Ya8erMchmW,85
harrisonburg,End tables,00v0v_jqcFiIwWj8K,80
harrisonburg,Couch,00Z0Z_3rneWLG2i3A,150
harrisonburg,Sealy Posturepedic Hybrid Silver PlushÂ Queen,00v0v_46evlA1PN9I,650
harrisonburg,Desk,00X0X_1lNe5EZn3e2,
harrisonburg,"LIKE NEW Dresser, Bureau, and nightstand or drawer on dresser",00X0X_9zoMWuuNxYz,
harrisonburg,Lay Z Boy American Collection Couch,00V0V_6rLjqcNssPC,200
harrisonburg,triple recline sofa,00u0u_3iWW5VL231u,580
harrisonburg,Sleeper sofa,00505_itybotF6IPq,580
harrisonburg,Office Desk Chairs,00404_1eTfmg68zO1,15
harrisonburg,Counter stool,00X0X_chFTJ57GSwm,30
harrisonburg,Ceiling Fan,00p0p_7pqLCa5uWLC,30
harrisonburg,Hardwood computer desk,00A0A_8Or86s0171p,100
harrisonburg,"Comfortable, wide sofa!",00J0J_dm2cnxXVez7,300
harrisonburg,shelf,00e0e_jtbvWonu9Cp,35
harrisonburg,2 recliners and a couch,01414_fKNkKSqQT3u,200
harrisonburg,Bakers Rack - Wrought Iron and Wood,00R0R_4FsXKvUkf2L,125
harrisonburg,STAND UP OR SIT DOWN COMPUTER DESK,01515_3UZbKwfRV8c,150
harrisonburg,BOOKCASES CHERRY LAMINATE,00W0W_9yY5U6grO8d,120
harrisonburg,HON BOOKCASES OAK WOOD LAMINATE,00N0N_jZ0pk2Sb1dn,120
harrisonburg,Towel Ladder -,00y0y_a2WBgI3Gh5O,30
harrisonburg,double bed with drawers,,300
harrisonburg,"Black Wooden 48"" TV Console",00d0d_lXfFfjVfFUA,50
harrisonburg,Dresser,00B0B_6JXrMI8yq8E,30
harrisonburg,Dresser with mirror,00x0x_11ZKfEjlr8b,40
harrisonburg,Solid wood coffee table.,00202_2xUyg9zRtQ1,20
harrisonburg,Gun Cabinet,,150
harrisonburg,Primitive Queen size Headboard,,150
harrisonburg,furniture,,
harrisonburg,Handmade Wooden Coffee Table with Metal Legs,00H0H_gGZGmMZbG8G,199
harrisonburg,Wicker set,00P0P_4oovNc1ED86,75
harrisonburg,Wicker table,00808_hfdUZezLAll,90
harrisonburg,Glass tables,,30
harrisonburg,TV Stand/Media Cabinet for sale,00303_eVyIXkHifxd,100
harrisonburg,Antique sofa with new upholstery,00n0n_4OHSRs8PjUn,99
harrisonburg,Vintage metal Desk Great for School/Work,00u0u_6zv2osGIlQr,10
harrisonburg,Amber Pine Wood Coffee Table Set (3 Pieces),01212_5tcUHyarHDD,300
harrisonburg,Antique Upright Hanger for Clothes,00K0K_jlafZd7yV1s,26
harrisonburg,Patio Umbrella Base,,12
harrisonburg,Sofa,00j0j_e6GLbCUzaFV,350
harrisonburg,TV stand and media console,00P0P_j4rHinggYta,55
harrisonburg,Antique Twig Arm Rocker,00G0G_k8icPJUsm9Z,175
harrisonburg,Sofa table,00s0s_eMVz4yZzjPt,125
harrisonburg,Solid wood NASCAR bedroom set,00x0x_8GnVGZHi364,500
harrisonburg,Lighted China Cabinet,00H0H_hXBcrVP3M5d,350
harrisonburg,Glass Top Dinning Table,00l0l_3LOVEtjRi6s,200
harrisonburg,Cute Hutch,00S0S_k9HgYNyfn7U,200
harrisonburg,ETHAN ALLEN 40 Inch  Buffet w/ Grilled China Cabinet,00x0x_e9LtoCGZib2,325
harrisonburg,Victorian Love Seat,00I0I_96pYRJiVrT1,250
harrisonburg,Storage Basket,00g0g_5br1OGcUmWg,20
harrisonburg,Mirror,00G0G_eRvg9PsiAr7,25
harrisonburg,Large Round Mirror,01212_jQnqXaF22FK,30
harrisonburg,Wooden Shelf,00o0o_9u51U3gfdSp,35
harrisonburg,Tile Top Table,00k0k_4jS00F7itOx,60
harrisonburg,Variety of furniture,00F0F_jq79DiI4wPF,
harrisonburg,Oak Swivel Bar Chairs,00k0k_8nZRw1VL24H,150
harrisonburg,Lion ivy runner fountain,00q0q_cagBB5EgWHx,200
harrisonburg,Red Grape Bistro Set,00U0U_gYDruTf6hQU,200
harrisonburg,Beautiful hurricane lamp,00808_5GjIBh9GrxA,150
harrisonburg,Oriental dresser,00Z0Z_jhE4Ry8GX4H,350
harrisonburg,MOVING SALE - chair/bed/wardrobe/table/dresser/couches/washer dryer,00W0W_li9mzsXALEU,
harrisonburg,Dining Room Table,00E0E_f24UQGC1MlJ,200
harrisonburg,Living Room Furniture for Sale- Moving Sale (6 months-3 yrs),00U0U_dWwernGJyj,250
harrisonburg,Brown recliner,00K0K_kItJC9Qzd2H,100
harrisonburg,Wicker Papasan and Stool w/ cushions,00z0z_JD5jR7tF3f,175
harrisonburg,Love seat,00T0T_g1Q27qpDqdx,100
harrisonburg,Double wide (cuddler) recliner,00E0E_aBtwU21HSOJ,200
harrisonburg,Charlton Home Maywood Curio Cabinet,00F0F_2IibncGL3Ge,250
harrisonburg,Sewing Table Antique Singer Base,00l0l_f32QjcfvLOL,295
harrisonburg,Counter height table with 6 chairs,01616_1JM8MM1c43T,550
harrisonburg,Foot stool,00F0F_iGxUg6Qu4tu,15
harrisonburg,Leather Sofa & Ottoman,00w0w_9JhfRIOluEW,1150
harrisonburg,Mission Style Desk,00Z0Z_bXKrise1Lo,500
harrisonburg,Very Nice Queen Bed Comforter Set,00q0q_h8a64xh3I14,25
harrisonburg,Like New Picture Frame!! 14x18,00N0N_5ZYE01TamUn,12
harrisonburg,7x10 Rug - Excellent Condition,00M0M_hzrQu7HV0ri,50
harrisonburg,Assorted Desk Chairs,00A0A_lT0LPsDt0KK,5
harrisonburg,Standing Shelves - Set of 3,00D0D_jujvBWw1WLe,75
harrisonburg,Half Red Sectional w/ Ottoman,,75
harrisonburg,Full Living Room,01616_3Ya8erMchmW,500
harrisonburg,End table,00v0v_8JB0vUODVJ9,10
harrisonburg,Lazy Boy Recliner,00000_dbwUIZrfVq5,150
harrisonburg,Power Recliner,00h0h_5uNWvSBJnhr,250
harrisonburg,Wicker file Cabinet,,20
harrisonburg,TV Stand/Entertainment Center,,90
harrisonburg,Lazy Boy Brand Couch and Recliner,00404_hkiylI2i94p,50
harrisonburg,Solid Wood Entertainment Center,00i0i_5s6GpRGj98N,125
harrisonburg,Gun Cabinet,00s0s_163pgxAx38b,200
harrisonburg,Dining room Table and Chairs,00G0G_b9Zh9dByAoj,250
harrisonburg,Dresser or Changing Table,00z0z_5i0UDtujIvW,75
harrisonburg,Bathroom Vanity w/ sinks & faucets,00H0H_cNbyiJcQhPV,375
harrisonburg,Bentwood Rocker,00q0q_32ytl3egASU,75
harrisonburg,Desk,01111_hI5WjeH3BR4,150
harrisonburg,Nice Dining Room Set,00U0U_lw9WfuDc4aJ,350
harrisonburg,Desk,00P0P_exvT8tFpNqn,250
harrisonburg,Natalie Light Gray Sofa and Chair,00909_17EApe9HIkO,700
harrisonburg,Giving away couch,,
harrisonburg,Ashley reclining sectional,00F0F_5UKqs7M3fGv,475
harrisonburg,Used File Cabinets,00J0J_ctmSPwZ6Qjv,150
harrisonburg,Oak Gun Cabinet,,225
harrisonburg,Black like new loft bed,,120
harrisonburg,Banquet Chairs & Tables,00D0D_iw2qsMFYkbE,15
harrisonburg,Cabinet,00M0M_jJlluQQPTk7,15
harrisonburg,Black & Gold Glass Display Cabinet,00808_3jLi9lARZjN,80
harrisonburg,Pendent light,00x0x_hbOicKMDn3Z,10
harrisonburg,Fireplace Inserts,00s0s_3fFVBCEODoG,200
harrisonburg,Shelf,00o0o_1Ffya0qzqOH,20
harrisonburg,Table,00Z0Z_hunwL9JNfq7,100
harrisonburg,3 chairs,00f0f_gQLaZMU76dx,25
harrisonburg,Queen cherry headboard,00m0m_4u0wBUsqeQy,100
harrisonburg,Free sectional in Old Town,00W0W_h5lMcE3RDwf,
harrisonburg,Cafeteria large folding table seats 12 with wheels,00g0g_9AhWeUTkoys,50
harrisonburg,Low profile box spring NEW,01414_6UP7e69KqHc,100
harrisonburg,Chair,00r0r_hEr6ZmRqsDg,50
harrisonburg,Small leather sofa with pullout mattress,01313_hHuHqgsdnwb,75
harrisonburg,Office Furniture 50 % off prices,00o0o_4HznAVF5AsP,
harrisonburg,Twin Box Springs New,01010_5Ug38MQqihE,45
harrisonburg,Tv Stand Black,00O0O_f98pHu8ddcb,65
harrisonburg,Fiddle Back Rocker,00E0E_7nHPqGqEsd3,85
harrisonburg,Yellow Mid Century Upholstered Chair,00B0B_ltNrS9hgII,70
harrisonburg,2 Black Mid Century Chairs,00U0U_4aEnZzkk5WV,45
harrisonburg,nice older china cabnet,00S0S_3AYiljZaTf5,65
harrisonburg,Lazy Boy Recliner,00D0D_heADNbU1j1I,100
harrisonburg,Dual reclining couch plus recliner,00h0h_1V6Hmdxptcp,100
harrisonburg,2 Wooden Rocking Chairs,00m0m_hq6qiEmSMEt,20
harrisonburg,12 GUN Seely Cherry Cabinet,00l0l_gioY8CrdSTl,1195
harrisonburg,6 Solid oak stools,,595
harrisonburg,Pulaski Wall Shelf,,95
harrisonburg,Bookshelf/media shelf,00d0d_5p4lFOevUHC,
harrisonburg,White bookshelf,01111_6G7C3cTJyGM,35
harrisonburg,Couch and chair and a 1/2,00d0d_8KnzNJCoERF,150
harrisonburg,"Living room furniture. Couch, love seat, end table, coffee table",00G0G_eocNOKVTK42,10
harrisonburg,Vintage Vanity table and mirror,00q0q_3pvYGP0L6nO,500
harrisonburg,TimberNest Dorm Loft Bed,00O0O_icvI6SEZ5y6,125
harrisonburg,Bakers rack,01515_5IOJ7s8qhCg,35
harrisonburg,Oak drop leaf kitchen table,00F0F_klbwAuB1bju,100
harrisonburg,Handmade oak quilt rack,01515_4d4h2PIXFHX,75
harrisonburg,Amish style coffee table,00F0F_6KO811mHJL5,20
harrisonburg,Bentwood  frame black cloth comfortable chair,00V0V_17Jh0hhRbI2,15
harrisonburg,Antique Coffee Table,00e0e_6lKibrolk8F,30
harrisonburg,Wooden storage box,01616_JH1YuD70Hj,10
harrisonburg,3 - piece bedroom furniture,00I0I_12SYxRQu7jY,420
harrisonburg,"wooden table, folds into a bench--bench has storage",,50
harrisonburg,Rocker glider,00D0D_eoMPmOwo6yB,70
harrisonburg,Patio Dining Set Outdoor Furniture Wicker Garden Chairs,00l0l_hKfelZLV1nY,200
harrisonburg,Red couch,00Z0Z_5wAvEnYa5vK,25
harrisonburg,Dresser set,00Q0Q_g3gNyjPBd2q,80
harrisonburg,Vintage Arm Chair,00p0p_gU5RD5OVEaE,40
harrisonburg,Vintage arm chair,01717_doEiA4UuOPH,50
harrisonburg,Bookcase or storage shelves,00Y0Y_8KJaPc3agHE,50
harrisonburg,Retro 3-drawer display storage,00k0k_hz2msVz8a0g,75
harrisonburg,Computer/printer table,00F0F_bt84l7Ybnl0,25
harrisonburg,Couch loveseat recliner,00707_bi79I9ogm5g,
harrisonburg,Table and 8 chairs,00z0z_3LBewoKT2vK,450
harrisonburg,China Cabinet for sell,00I0I_4N1y2PNrCYl,200
harrisonburg,Living room set,00505_6vqnihJ2VZS,1000
harrisonburg,Beautiful custom made sectional LEATHER,00H0H_cjVwKquA8ya,3500
harrisonburg,"Church, meeting, classroom, office chairs and furniture",00M0M_2yBtpXeFLkk,
harrisonburg,"Mahogany  dresser,",01717_aeWmdYzkhD8,100
harrisonburg,Lateral filing cabinet( 5 drawer),00y0y_9nTG27YR0Zt,175
harrisonburg,Brass Colored Bed,00g0g_eiB66hTiqBK,30
harrisonburg,General Electric Floor Model TV,00j0j_6qRjMtxaTDm,
harrisonburg,Distressed desk,00o0o_a5STZpitCqj,175
harrisonburg,Loft bed like new,,140
harrisonburg,Dvd tower,00h0h_jCdNVWk9Fth,25
harrisonburg,Entertainment center,00G0G_iNjpW0B9Sk8,150
