lacrosse,Kitchen table,00i0i_2sLQVpArkE0,100
lacrosse,Entertainment center solid oak mission,01111_9RVkgDHmDo8,150
lacrosse,Table,00m0m_ajESSxsv9HN,
lacrosse,Lane furniture,00606_i8E76PC1QfU,
lacrosse,Sofa Table \ Entry Table,00b0b_3edMsIsVIKW,55
lacrosse,Sofa table / entry table,00l0l_eWRynfJi553,75
lacrosse,Sofa Table / Entry Table,00l0l_eWRynfJi553,75
lacrosse,Chair /  Windsor chair,00S0S_chvQG0VcqEr,75
lacrosse,Pub tables,00I0I_gPeGT6A2bOv,150
lacrosse,Sofa / entry table,00j0j_7p3X3x6I08N,75
lacrosse,Full size pull out hide a bed couch,00E0E_e90aogMxsuq,50
lacrosse,Coffee Table,01313_1EMBV0kUuXY,85
lacrosse,Coffee Table and End Table,00o0o_1J1aDbkD77H,75
lacrosse,Ceiling Light Fixtures (3qty),00o0o_kFnRV4N4lPb,15
lacrosse,Treasures On Main Resale and Antiques,00M0M_i7sBbOCcg0v,
lacrosse,~ New sapphire blue 5x8 rug,01616_1FkOQP0Hcdj,65
lacrosse,GREEN RECLINER CHAIR ...MAKE A OFFER,00p0p_6UIeeaZTiB3,1
lacrosse,ROCKER ... MAKE A OFFER,00D0D_dBwjHBUd4Uo,1
lacrosse,PATIO SET .... MAKE A OFFER.....,00D0D_kZYTPBcK9EJ,1
lacrosse,OUT DOOR BENCH AND 2 TABLES ....MAKE A OFFER,00H0H_7XsasPPe8eP,1
lacrosse,IMITATION FERN AND  TREE... MAKE A OFFER,00909_e5KB5wjm2ro,1
lacrosse,TWO OAK CHAIRS ....MAKE A OFFER,00202_72DbKmYpvBo,1
lacrosse,HANDMADE  BENCH WITH STORAGE....(MAKE OFFER),00p0p_j6p9mSOkHlp,1
lacrosse,Oak DINNING ROOM TABLE WITH 6 CHAIR,01717_bNBu5XPayVC,1
lacrosse,4 GLASS TABLES and  3 LAMPS....MAKE A  OFFER,00c0c_33QE8hqoc1M,1
lacrosse,3 MARBLE GLASS TOP TABLES...MAKE A OFFER,00J0J_caiQtc7Nhn3,1
lacrosse,~ Solid wood dining chairs,00c0c_alQ22PFqtSs,165
lacrosse,~ New Rattan accent chair,00808_jLHpqvh5p9c,95
lacrosse,Folding table and chairs,00z0z_1k5ay6jhm6y,40
lacrosse,Pottery Barn Sleigh bed w/Trundle,00202_6B6vvi1h66A,175
lacrosse,Vintage Vanity and Bench Set,00y0y_akrS54mGu99,
lacrosse,COFFEE TABLE-DANISH MODERN,00y0y_ajEk7hZV5D9,100
lacrosse,Log bedroom set,00c0c_4Bvfnh5Rgk2,1000
lacrosse,King Size Head Board and Foot Board,00O0O_15egTnbcM8Q,700
lacrosse,Electric lazyboy,00W0W_17z6zskJc50,75
lacrosse,~ New 6x9 Safavieh rug,01010_d6Oninoctjf,65
lacrosse,Wooden frame futon,00101_fAoJIvsBZ9F,100
lacrosse,Dinette table,00x0x_jLjY76a6Rz3,100
lacrosse,Counter bar stools,00m0m_caQMGMYf0dQ,50
lacrosse,Sofa/chaise,00b0b_3ZwRkUuNKbj,200
lacrosse,Desk,00g0g_gbfgVe7GHgH,150
lacrosse,Woodstove end table,01111_kuYjmnqDIQ5,200
lacrosse,Entertainment center,00Q0Q_4Ao7ZzeAH7a,75
lacrosse,~ Lovely velvet sofa,00V0V_86kKrSj1deu,395
lacrosse,Bookshelf,00202_dp6RSxwc4zs,100
lacrosse,Three antique dressers,00O0O_eusV7O3IkTB,200
lacrosse,Wingback chairs,00p0p_fBuUmBfdvNf,100
lacrosse,Leather chair...love seat,00E0E_jtCGHBgheSo,350
lacrosse,Love seats,00I0I_c3zjYOUkIdN,200
lacrosse,King size bed,00U0U_gPLZiMo2WHN,500
lacrosse,- Set of 4 dining chairs,00D0D_fgdlr7ISYof,150
lacrosse,Dining room table and hutch,00C0C_17q40Jao8Wf,1200
lacrosse,Sectional and ottoman,00X0X_dr97mpOm2kQ,400
lacrosse,Thomasville Corner China Cabinet/Hutch,00D0D_4RFhNZM1j0W,550
lacrosse,Twin bed frame with 2 drawes,00x0x_Ym5JZzsjlX,30
lacrosse,Barn wood cabinet,00u0u_j6xj77KCcJ7,300
lacrosse,Chrome Craft RCA Victor Promotional Chair,00000_dch6NVUf1jY,125
lacrosse,"Laundry Basket / Bin, New Never Used",01212_8X577UvNAOx,50
lacrosse,Shelf / Table / Stand,00909_blNxoWCoiAC,75
lacrosse,"Recliner Cover/ Chair Cover, NEW never used",00I0I_3Rqivvf0AH9,50
lacrosse,Mid Century Cabinet / Hutch,00X0X_1wzz9Q6f28R,150
lacrosse,"Rocking Chair / Glider, Oak Like New",00K0K_beQ1OoWjhQF,100
lacrosse,~ Beautiful coffee table,00T0T_cA84jGTFgyS,95
lacrosse,Lap Top Stand/Desk New in Box,00Q0Q_6QP6Qoxwvio,40
lacrosse,"Bedroom Set: dresser, chest, night stand",00h0h_b6iHB2NSrTd,299
lacrosse,Vintage Dresser & Chest & Night stand,00J0J_1j30MVDs1Hl,299
lacrosse,~ Abbyson living club chair,00S0S_dNY8ryKVFRn,145
lacrosse,Albany Sofa & Loveseat,00S0S_gWcPyakVXa4,500
lacrosse,~ 3x5 blue/brown Safavieh rug,00v0v_6Ulr7aYp0lB,35
lacrosse,90 gallon fish tank w/stand and all equipment.,01111_icplQtNXuug,
lacrosse,90 gallon fish tank w/stand and all equipment.,01111_icplQtNXuug,
lacrosse,Complete furniture set w/lamps&wall hangings,00b0b_iEUArA4C1Ig,675
lacrosse,Oak Dining Table and Chairs,00M0M_8VfStVCKo4t,800
lacrosse,Set of bedroom dressers,00b0b_cufpsEgyVil,375
lacrosse,Black futon,01313_82uAC8wANQH,200
lacrosse,Cedar cest,,200
lacrosse,Brand New Memory Foam Mattress and Boxspring,00P0P_i0KCd0j3zD,650
lacrosse,Brand New Pillow Top Mattress and Boxspring,01515_dkBdRI9ZpHy,399
lacrosse,Brand New Double Sided Mattress and Boxspring,00m0m_1LiF0HDJTyb,199
lacrosse,Brand New Platform Bed Frame with Drawers,00000_gIa9YVDYBZv,399
lacrosse,Brand New Bedroom SET,00707_2oiTGRQYVNL,549
lacrosse,Brand New Twin/Full Mattress,00v0v_d3tFV1PDZR4,89
lacrosse,VINTAGE FORMICA FOLD DOWN TABLE AND FIVE PLAID CHAIRS,01717_NvoW3kjhnz,125
lacrosse,VINTAGE BOTTOM CABINET,00O0O_e74vDTDucll,100
lacrosse,VINTAGE SCHOOL DESK,00f0f_8iDnEXjxXLd,60
lacrosse,FLORAL RECLINER CHAIR,00x0x_20mxbzopFP9,50
lacrosse,MID CENTURY SWIVEL CHAIR,00T0T_lePI9zyV7EW,15
lacrosse,RECORD PLAYER OR DISPALY STAND SHELVES,00000_lnPHPWJ6xR7,10
lacrosse,prayer altar,00l0l_5ycf84mzKey,25
lacrosse,Modern wall shelf,01212_fwSzQLC8bE3,199
lacrosse,Brand new three piece coffee table set,00a0a_brrFdB7icPn,250
lacrosse,New three piece coffee table set,00b0b_fyB7cxzRojY,219
lacrosse,Lazy Boy Loveseat,00H0H_a7mIH3a5DcG,250
lacrosse,** Top Glass Display - OAK CHINA HUTCH -REDUCED**,00v0v_acU6tHNwvbf,119
lacrosse,** HEAVY DUTY METAL BRACKETS **,00606_9u10SWsN03s,10
lacrosse,** COFFEE TABLE **,01616_dOTKiWie818,59
lacrosse,** OAK SOFA TABLE **,00909_5nUcJHYRytH,117
lacrosse,gorgeous Amish desk,00W0W_iYGha3ENdZY,375
lacrosse,Classic Italian leather chair,00K0K_cZADm02fgN4,60
lacrosse,New Amish end tables,00303_ibof6UMDGAe,219
lacrosse,Brand new accent chair,00707_1EfJaHiDPYS,269
lacrosse,New elegant sofa table,00M0M_dUV2zCPs8oB,239
lacrosse,New set of end tables,00k0k_5v7y8KxH7Yl,229
lacrosse,New coffee table,00W0W_b5NzM8tDvT3,159
lacrosse,New coffee table,00W0W_exWJxaVkcyw,199
lacrosse,New rustic candle holder,00T0T_63cTmbNkVJj,49
lacrosse,New sectional with chaise lounge,00x0x_f6F26gySidw,599
lacrosse,New farmhouse table and chairs,00n0n_s1laFXEqFE,399
lacrosse,New queen boxspring,00P0P_6miCxYsPkCm,99
lacrosse,Airplane seats,00D0D_ksGeifryqHW,200
lacrosse,Whiskey Barrels,00E0E_4s4kCdLS2Ai,175
lacrosse,Couch and loveseat truckload sale! Sale extended!,00t0t_3hoG6XePa1n,499
lacrosse,SALE! New sectional with recliners on both sides,00M0M_eg0friUrLPA,999
lacrosse,Beautiful white washed and Barnwood designed queen size bedroom set,00u0u_3gVgPdAr4Zs,899
lacrosse,New recliner,00v0v_jXLtyE6XEl1,239
lacrosse,Brand new recliner,01111_baMHa1n4vBH,249
lacrosse,New couch with recliners on both sides,00a0a_5xUuY7GkWv9,599
lacrosse,SALE! New couch with chaise lounge,00w0w_f4Q2t7eC5UD,399
lacrosse,Brand new sectional with chaise lounge,00D0D_kTLmEYli3bZ,899
lacrosse,New couch with recliners on both sides and fold down center console,00000_8ZJm9iC6g28,599
lacrosse,Clearance!Rustic Amish made live edge log table and chairs,00P0P_nQNNImkHsn,1099
lacrosse,Rustic bench,00b0b_dt5VxLFw3mJ,219
lacrosse,Rustic windmill clock,00x0x_5FWl0RTPawO,99
lacrosse,Barley used full bed set,,150
lacrosse,New beautiful Amish counter height table with 4 barstools,00p0p_h1e9jMhEXH5,1399
lacrosse,Floor model clearance! couch with recliners,00S0S_gy2JgZAJyW6,599
lacrosse,Beautiful sofa table,00c0c_j7mGzmeOhnI,199
lacrosse,Floor model clearance! Amish hickory queen size bed,00m0m_lWJANkeOf1J,419
lacrosse,New Amish end tables,00303_ibof6UMDGAe,219
lacrosse,New beautiful Amish hand crafted oak table and chairs,00D0D_kpa7u9gSOcD,2499
lacrosse,Beautiful Amish made live edge sofa table,00z0z_czQszlNX8We,599
lacrosse,New rustic buffet,00D0D_lbe7JUNyYKe,299
lacrosse,Brand new Amish made queen size log bed,00l0l_2nyVoDq5kHX,499
lacrosse,Brand new dresser with mirror,00P0P_3d9Zg1sqOMo,399
lacrosse,Brand new rustic cabinet,01717_bVHyhAUXtsN,189
lacrosse,Beautiful rustic counter height table with 4 chairs,00U0U_8pFfNdnZQg6,899
lacrosse,Leather couch and loveseat set available in 3 different colors,00202_dKsb9FCjqkb,699
lacrosse,Leather sectional available in 3 different colors,00Q0Q_7jiB4oRmL7j,699
lacrosse,Amish Barnwood table and chairs clearance price $599! Regularly  $1199,00J0J_ffCt1o8FDdi,599
lacrosse,Futon,00k0k_2T26RpJp9yl,250
lacrosse,Chairs- 3 Matching Available,00t0t_6LqlSkmyZpH,100
lacrosse,Leather Look Expresso Colored Modern Chair,00202_iHpnSD53fCd,250
lacrosse,"3 Chairs, Perfect for Office, Home, Dorm, Waiting Room",00t0t_6LqlSkmyZpH,50
lacrosse,Oak Pew/Bench,00202_7UNCVmTDdyj,250
lacrosse,Leather Look Expresso Colored Modern Chair,,250
lacrosse,Coffee Table with glass top & display drawer,00z0z_7lCTfn8Skps,200
lacrosse,"Solid Wood Hutch, China Cabinet, Curio",00Z0Z_Eehxf46s9o,200
lacrosse,8 folding New chairs,00p0p_8rPFoJP25VW,150
lacrosse,Sissoo Dining Room Table w/ 6 Chairs,00l0l_bfVwDSLo9wT,800
lacrosse,Refinished Nine Drawer Buffet / Media Stand / Dresser,00I0I_lidWnUmRrw,450
lacrosse,Refinished Two Piece Black Hutch / Buffet,00101_kNQJwFYGqgn,425
lacrosse,Refinished Sofa / Entry Table,00o0o_clbO37xMl7K,225
lacrosse,Brand new queen $150,00Y0Y_3sllO3NmFmh,150
lacrosse,New queen set starting at $300!!,00Y0Y_bcHDBbUT7Ze,300
lacrosse,Leather loveseat,00R0R_kJWC1znlbn2,40
lacrosse,Retro 70's Table and Chairs,00W0W_g1Ndivp9mSz,
lacrosse,sold. twin bed mattress and iron frame,01717_bcCWx3mwHTy,50
lacrosse,Rolltop Desk (Old)  Roll Top,00W0W_3v2URI4KMkU,350
lacrosse,Decorative Mirror,00U0U_6jkQnpxzzL7,225
lacrosse,Refurbished furniture,00f0f_a6gtqOYiKSq,25
lacrosse,Small table,00Z0Z_b7vjw7fVPbm,22
lacrosse,Dresser,00N0N_7ywQLY7DnaQ,135
lacrosse,Refurbished sidetable,00M0M_l7YmSWXBlI7,40
lacrosse,Coffe bar or serving tray,00z0z_lEN14ae3KZg,64
lacrosse,Sage Dresser,00E0E_5eQinS95d3c,150
lacrosse,Entryway Table,00101_iPpp9T5tLkn,80
lacrosse,Coffee / End Tables + 2 Cd holders,00101_28lU3zVqrm5,100
lacrosse,"Chair, rocker/ recliner lazboy",00202_6HtJySGWTbp,250
lacrosse,Sofa Lazboy reclining,00h0h_iSPnvYy2zeP,250
lacrosse,Wooden table.,00V0V_fknURtTCsHy,50
lacrosse,Wooden TV trays,01515_3uUmPoI0oi0,10
lacrosse,Table and stools,00q0q_5Hm65lN0Py8,35
lacrosse,Roll top Desk,00l0l_i5F4pZ334lM,250
lacrosse,Office chair,00l0l_39Zr8DudUl4,30
lacrosse,Nice solid mahogany desk,00i0i_7JpSsaaxXQS,150
lacrosse,entertainment center cabinet armoire shelving storage,00V0V_OQ9BrcWDHG,95
lacrosse,Solid oak corner curio cabinet,00g0g_bRqjLfSzq4p,100
lacrosse,Blanket Chest for sale,00m0m_6jTjYtXWQIi,450
lacrosse,Sleep made king memory foam mattress,00o0o_lnWqCBFZhpx,80
lacrosse,Roll Top Computer Desk & Chair,00G0G_kycQhSzXkqq,795
lacrosse,Ashley coffee table,00A0A_2jtScHUfNba,30
lacrosse,Beautiful oak bedroom set,01313_ax02xFmseMm,850
lacrosse,Dining Room Table and Chairs,00W0W_5EHkE0OXl6s,795
lacrosse,~ New vintage look 5x8 rug,00l0l_ct5wtDu2R8o,65
lacrosse,Dining Room Hutch,00L0L_hS9lPW1a5Pm,895
lacrosse,waterbed heater,00404_8Vflz2lwJfh,15
lacrosse,Full Size Headboard/Frame and Mattress,00w0w_67TSC6nxfKF,100
lacrosse,DHP Silver Screen Metal Twin-size Loft Bed (2 ea),00M0M_gxkEEbYdNyz,100
lacrosse,7 panel mirror,00u0u_42ooafIvACa,75
lacrosse,Mid Century Cocktail Bar Retro 60s 70s Man Cave Wood Tufted Vinyl,00808_bI0IpRWyjMy,50
lacrosse,Black 3 tier TV stand,,60
lacrosse,Office chair/stool,00k0k_8XcN8UdIaaQ,50
lacrosse,Mid Century Sofa Loveseat Green Pristine Eames Era Nubby Fabric,00s0s_gxiJmkrz1Ku,495
lacrosse,Stereo Cabinet,00t0t_lmQC18vxKaP,15
lacrosse,Oak tv cabinet,01616_erRinWRULP8,225
lacrosse,Solid wood bookshelf - Handmade - shabby cottage rustic,00l0l_g7UMwyAkChD,250
lacrosse,BIG & TALL office chair - very adjustable,00K0K_x5yHXzzLJO,40
lacrosse,VINTAGE SEARS SEWING STORAGE CHAIR,00L0L_aqLkbnWqgwI,40
lacrosse,3  SMALL VINTAGE CHILDREN SCHOOL CHAIRS,01111_em9SGzIFPYr,45
lacrosse,HONEY OAK TRI FOLD MIRROW,00X0X_ljpOghHfnkV,20
lacrosse,HOMER SMITH FUNITURE BABY TODDLER SLIDER CRIB,00V0V_a0xYd4DgNCa,35
lacrosse,VINTAGE COFFEE TABLE,00q0q_d1gGcdWBbiU,25
lacrosse,VINTAGE SCHOOL DESKS,00M0M_eXAH8ohzGeZ,100
lacrosse,ANTIQUE STORE DISPLAY CABINTE,00d0d_6vd1KqX7mew,380
lacrosse,WOOD STAND WITH SHELVES,00101_8EVv8X8NRDr,15
lacrosse,Custom work center with side desk/hutch,01414_34bco2Zkaia,400
lacrosse,"Ashley leather sofa, loveseat, relciner and ottoman",00y0y_h1DwIyUbwy9,800
lacrosse,Theatre seats from Adams Theatre (1980's),00l0l_aFw6lO33Al5,200
lacrosse,Sofa Table and Lamp Tables Solid Oak,00S0S_8JvlgDGkpqp,175
lacrosse,Queen Size Solid Oak Platform Bed w/ Bookcase Headboard,01010_3boN96LzQ3H,200
lacrosse,Vintage Military-Style Folding Chairs/Set of 2,00z0z_ldoNKU5xT4M,75
lacrosse,"Mid-Century Bertoia Diamond Chair - Large ""Rocking"" edition",00i0i_eMtRVWJ3Avh,775
lacrosse,Mid-century Chrome Cantilever Chair,00808_e1dgRrmUsyn,375
lacrosse,Mid-century Heywood Wakefield Corner Table,00606_k1PenSRtLsp,275
lacrosse,Pair of end tables,00J0J_deJeSHB86N0,60
lacrosse,Mid-century Bertoia Side Chair,00b0b_a6NRb9YCzkP,225
lacrosse,Vintage Mid-Century Adrian Pearsall Walnut Coffee Table Base,00P0P_9bKfuAbCgle,325
lacrosse,"Mid-Century Herman Miller Eames Stacking Chairs, Set of 4",00d0d_gyqS3BSntvQ,750
lacrosse,Table,01616_gkAXzMehbFf,50
lacrosse,Tv stand,,10
lacrosse,Table,00D0D_817tVfpBkvu,40
lacrosse,~ Wall rack/hanger,01212_bULFFvYWEKR,15
lacrosse,Counter stools,00c0c_fxxVC2BAZar,200
lacrosse,Dresser,01414_cRD4UrHYOyU,
lacrosse,End table,00303_c1FZznM5Gp3,
lacrosse,Bookcase,00X0X_aoOAOm2GF7x,10
lacrosse,Slipper Chair,01313_hsbALiwL7Ga,40
lacrosse,Bookcase,00x0x_jvOyz6JASe8,25
lacrosse,Floor shelf/ stand,00E0E_dV1GUa6i1ZK,15
lacrosse,Stand,01616_uropEjoT6W,10
lacrosse,Glass & Metal coffee table,00H0H_lFzR2jPmr1h,40
lacrosse,Entertainment center,00X0X_lezLJViiuab,100
lacrosse,Pub height table and stools,00X0X_3er5wioKHZg,40
lacrosse,Rattan Chair,00c0c_kQIK1sm4Wj8,10
lacrosse,Dinning table w/ 6 Chairs,00E0E_d6O5TGRh9bK,200
lacrosse,Oak China Cabinet & Entertinment Center,01313_8bRa6ADje0T,300
lacrosse,LIKE NEW Full size recliner couch,00E0E_4MbZYOy6KVQ,450
lacrosse,Coffee and sofa table,00R0R_dNvDJCCndX0,250
lacrosse,~ 8' round Persian legend wool rug,00Y0Y_hRzTQRenuUO,145
lacrosse,STEAMER TRUNK,00L0L_2vRngFkweXc,70
lacrosse,Solid Wood Table,00606_56CB8czLg05,95
lacrosse,Antique solid oak desk,01414_6bb5Ha7bBFZ,50
lacrosse,Mid Century Style Office Desk Chair - vintage made in USA,00303_b9BVznu2B6f,30
lacrosse,Antique wooden dresser,01414_2smWlHDct8r,200
lacrosse,"Hand Painted Accent Cabinets/Cupboards, etc.",00W0W_c66du1urjkf,
lacrosse,~ New wool 8x10 rug,00h0h_b6DID4hhg0O,150
lacrosse,~ 2 piece canvas set,00Y0Y_5Rp6iaGxGfs,20
lacrosse,Cast Iron Bench,00E0E_2qxIbcBLBR2,45
lacrosse,Reclining Sofa and Matching Love Seat,00303_hxYmwpNpWXh,425
lacrosse,Office Chair,00i0i_aWiha81Tni1,100
lacrosse,Couch,01414_lXBX0WJqye8,325
lacrosse,Amish glider - mission style - excellent condition,00b0b_7hGmSlNPsQ6,600
lacrosse,TV Stand,00000_6MGEUr88Kvg,40
lacrosse,Upholstered Rocker/Recliner,00f0f_h6Pr7gvstca,150
lacrosse,Blue upholstered swivel rocker with ottoman,00d0d_lMRc66wiTjO,150
lacrosse,"Twin bed with headboard, footboard, frame, mattress, boxspring",00303_1bDPdnorLKr,100
lacrosse,Foldtop Desk,00707_hL6FINaWxMR,150
lacrosse,CHERRY Armoire,00J0J_bMUN7Pjxrnu,185
lacrosse,Solid wood bookshelf - painted white adjustable shelves - book shelf,00i0i_8CMPunHiStp,40
lacrosse,solid wood bookcase,00I0I_5N8Sx0nfeFX,100
lacrosse,Chair,00202_j7qqujiQao,1
lacrosse,Bar Stools,00G0G_3FbeJE7yfbm,
lacrosse,STORAGE SHELVES,00p0p_iOCopIvTGHq,1
lacrosse,Bar Stools,00G0G_3FbeJE7yfbm,
lacrosse,Large newer 4 piece sectional couch,00N0N_iUq61BNEiG,999
lacrosse,Corner Lighted Curio Cabinet,00L0L_7kx7tn3IzCt,50
lacrosse,Love Seat,00G0G_k1ghoVhjmSW,225
lacrosse,Modern Red Cedar Live Edge Coffee Tables,00k0k_b6giITh8OoR,250
lacrosse,Aquarium stand,00505_iWo0DIQWSWw,40
lacrosse,Antique Treadle Sewing machine Table,00D0D_e1q0xlTPBCj,80
lacrosse,king size bed frame,00D0D_kE59u5xcDmv,20
lacrosse,~ New 6x9 red rug by Safavieh,00K0K_6X7wLTHKMm8,65
lacrosse,Stand,00n0n_hc30BFZVnIx,20
lacrosse,~ Beautiful yellow sofa,00e0e_79QIudp6SJz,395
lacrosse,Hutch,00G0G_5LhwoVUyKIA,139
lacrosse,Bench,00N0N_1cSw8AmEDJY,119
lacrosse,Living Room Furniture-$100,00W0W_e5EoZhBnUwa,
lacrosse,Dresser/buffet w/mirror,00c0c_kJtivdkamzQ,129
lacrosse,Cedar coffee table,00K0K_993d9zzfUh5,219
lacrosse,Coffee table/bench,00K0K_WnI8wDpTAf,99
lacrosse,Hutch,00S0S_fwHRBc5gKpM,99
lacrosse,Refinished Quality Furniture,00Z0Z_S5OcLr9mjo,
lacrosse,Round Oak Table,00P0P_ftwPuKYfVpR,125
lacrosse,Couch and Loveseat,00N0N_4qEB0n71gXW,450
lacrosse,DISTRESSED BENCH,00303_lBsqGN7OdCP,175
lacrosse,barn wood furniture can make anything your looking for,01212_aRza3vBEvkp,100
lacrosse,Zero-wall recliner,00J0J_5okImoITuqR,30
lacrosse,white  wood table,00505_h6YcEcCC7AX,20
lacrosse,Wood cupboard,00d0d_5kHIOQB6WhJ,75
lacrosse,"Custom Farmhouse Dining Room Table, Desk, Entertainment Center, Coffee",00s0s_4mCUOCP6J5,550
lacrosse,Twin Size Mattress,00N0N_dFRPtcmetJx,20
lacrosse,vintage bedroom set,00O0O_gu1gSzZFMyY,175
lacrosse,China hutch,00e0e_lsOXR8TzCAq,100
lacrosse,recliner love seat,01313_7feV5zyZpWP,150
lacrosse,China Hutch/Buffet w/lead glass windows,00r0r_j6gpRhPbk8L,100
lacrosse,Outdoor patio table and chairs (metal),00Z0Z_i1vH3jIEvcl,175
lacrosse,Ethan Allen (?) solid wood dining room set with 5 chairs and extension,00O0O_egBSINlhUNs,400
lacrosse,Ethan Allen buffet sideboard,00S0S_4C2gaQTLna6,400
lacrosse,Antique dressing table,00606_6oS6XzUeRLM,150
lacrosse,Solid wood antique sewing cabinet.,00Q0Q_7LBZwNP0YZT,300
lacrosse,2 Corner Hutches,00k0k_3UnvGIeExb0,75
lacrosse,Queen size bed frame,00b0b_gTM5lXkmOw9,30
lacrosse,~ Hand-tufted burgundy are rug,00w0w_9wC7ZUORW2k,65
lacrosse,Recliner,00B0B_81b6pDHbaa4,150
lacrosse,Plush brown sofa sleeper,00L0L_84K2aKSe9rE,150
lacrosse,3 piece cabinet,01515_i9XpoeAaVcz,50
lacrosse,Solid Oak End Table and Coffee Table Set,00W0W_hsCBgWAEzzn,120
lacrosse,Bunkbeds,00P0P_gS3p6QexLsE,60
lacrosse,Electric fireplace Tv Stand,,250
lacrosse,Entertainment Center,00o0o_ezQgcNYGD27,35
lacrosse,Mid-Century dresser with mirror,00c0c_cBnvSPo9g7E,100
lacrosse,"Sofa, Love Seat, Recliner and Swivel Rocker",00l0l_7eL8koCNzUn,250
lacrosse,Loon On Silver Lake,00606_lX1FDTDFjTF,175
lacrosse,Passing Storm-Canvasbacks by Ron Van Guilder,00v0v_lvfzzt3ihNm,195
lacrosse,1960s Solid Wood Bed Headboard & Footboard,00r0r_iqKtP2oCnIz,40
lacrosse,BOOK SHELF,00B0B_aQg1FqtPVj1,1
lacrosse,Entryway Bench,00O0O_3pBegMJt6Gn,1
lacrosse,Wood heart shaped stand,00A0A_36jNXosm3HQ,50
lacrosse,Accent table,00n0n_fzPGJO83PQH,125
lacrosse,Antique Murphy Bed,00G0G_kFqJhTbtyYS,1500
lacrosse,Rocking Chair,01616_9DMc0vcHn6E,100
lacrosse,Desk,00V0V_8NLXPHTyULT,100
lacrosse,Dining Table and Chairs,00K0K_kU1tidrlR0k,1500
lacrosse,Side Tables (2),00V0V_OACpnmODDd,
lacrosse,Screen..room divider,00B0B_boGomY22KZH,25
lacrosse,LR Chairs (2),00g0g_hRsdId695xw,
lacrosse,Rustic Table,00z0z_b4AC9yW3bhx,125
lacrosse,Twin Bed with Bookcase Headboard,00707_bTRPGYR9WVb,250
lacrosse,Brand new recliner,00c0c_9Cz7c7qCPJO,279
lacrosse,Western Cowboy Lamps Prices Slashed for Christmas,00202_91oKM1VLWMN,12
lacrosse,Wrought Iron Scroll Wall Decor,00a0a_khGx178OGFI,125
lacrosse,Kesler metal and glass end tables,00u0u_9le7OaYLXNE,250
lacrosse,Leather Couch Set,00y0y_d5HUFyzIbhC,650
lacrosse,Fruit wood Coffee and End Tables,00000_9B9IvOFyPTK,350
lacrosse,clearance!Beautiful new Amish Barnwood table with four leather chairs,00s0s_aR1YJwtAhsA,1499
lacrosse,New sofa,00000_dLy2Eh1KJGZ,599
lacrosse,New beautiful hand crafted Amish live edge wine rack,00Q0Q_11C4hD4XgUY,699
lacrosse,Clearance! New Amish saddle barstools,00s0s_2Un82eIWhUN,119
lacrosse,New set of three barstools,00S0S_8HdmQGaJTCP,119
lacrosse,New set of barstools,00U0U_8M1g5tzVCQq,99
lacrosse,Clearance! Amish made pub table with two saddle barstools,00l0l_4WSzC7nGQYk,499
lacrosse,New throw pillows  2 for $20,00000_cBezCRbw5pP,20
lacrosse,Clearance !New Amish made hickory rockers,00p0p_3iyp0KK8kGI,
lacrosse,New Amish cedar log pub table,00W0W_he6ZaOFAHo1,999
lacrosse,Rustic Amish made snowshoe log lamp,00505_5jicw5xgSuY,199
lacrosse,Clearance! Rustic Amish made Barnwood table,00p0p_fIqjzAYUT1O,999
lacrosse,New couch,00909_kND0WIrzuy0,499
lacrosse,New queen size sofa sleeper,00j0j_36MwvksZFLo,499
lacrosse,Church Lectern (wood),00V0V_fhfecRTFkjn,40
lacrosse,Brand new rustic coffee table,00n0n_c9xrv2qaAwf,239
lacrosse,Amish made log  night stand,01717_2R78d9hyK4S,249
lacrosse,ceiling fan,00i0i_6ycEs0daBf1,40
lacrosse,Antique hall tree,00N0N_22eZHX1cCWl,150
lacrosse,"End Tables (Seneca, WI)",00404_aC0WIru0kgM,45
lacrosse,Medical bed like nem,00707_1LOLLIuenbz,200
lacrosse,Unique Wrought Iron Floor Lamp,00z0z_5gaaqgpafXF,90
lacrosse,Coffee Table and matching End Table,00k0k_2TsTCxVefFU,50
lacrosse,Cabinet,00R0R_hf5S8cehKHV,80
lacrosse,Hide A Bed Sofa and matching Love Seat,00o0o_klSdewb4YkA,300
lacrosse,Twin Beds with Matching Dresser & Night Stand,00I0I_9w7IRAV0Hgy,450
lacrosse,Beautiful Solid Oak Table and Chair Set,00R0R_hM4lXNfyacu,450
lacrosse,Large Drop Leaf Table with 6 Chairs,00m0m_ftPoSiikugl,300
lacrosse,New Ashley Leaf Table & Chair Set,00202_jPXZCH7VlGy,250
lacrosse,Cabinet,00101_hFe3LIIxZlu,25
lacrosse,Retro Mushroom Stool,00505_kSo6oG6cKHX,50
lacrosse,Two Lazy Boy Recliners,00x0x_bRNQbRr0Uib,200
lacrosse,Two Lazy Boy Recliners,00C0C_bSZOAkF8Cum,300
lacrosse,Entertainment Center,00F0F_goxpx4oGwDm,20
lacrosse,TV Stand,01212_lBnocZ96RYE,35
lacrosse,Beautiful Alenya Quartz Sofa By Ashley Signature Design,00t0t_iA6enJzYdvG,225
lacrosse,Ashley Glass coffee & end tables,00f0f_lV1gh93g85C,25
lacrosse,Twin Sleigh Bed (with drawer set under bed),01212_VfcgelfPNv,80
lacrosse,Complete furniture set w/lamps&wall hangings,00b0b_iEUArA4C1Ig,675
lacrosse,sold. twin bed mattress and iron frame,01717_bcCWx3mwHTy,50
lacrosse,sold. twin bed mattress and iron frame,01717_bcCWx3mwHTy,50
lacrosse,Collapsible folding backrest,01212_ln4yZHazGZf,25
lacrosse,Computer armoire,00B0B_iQIc3z2nHko,75
lacrosse,Glass Entertainment Center,00e0e_iNtS8PCECJZ,75
lacrosse,BIG coffee table/display table/more!!,01515_f2tSoomsX0h,40
lacrosse,Barnwood pub table,01111_2E5dkf2mQZl,335
lacrosse,Rustic dining table,01313_8uXKUEAOljt,290
lacrosse,Boat-Shaped Bar & 4 Stools,00t0t_2TvIxMid5Ts,750
lacrosse,Dresser good condition,00606_cZRpbyplC8P,15
lacrosse,CD/DVD shelf,00202_gCncJ5pThnG,20
lacrosse,Barn wood faux fireplace,01111_iwRTc46v5n1,75
lacrosse,Two piece solid oak entertainment center,00j0j_2MMt3tIfZv6,275
lacrosse,Sofa & Loveseat Set,00A0A_6nMXuzzGq4h,100
lacrosse,Leather couch,01313_61ySFt8oA7S,70
lacrosse,Electric fireplace and shelving,00303_jhdpfGbjBRT,199
lacrosse,"Reciner, rocker, lazy chair",00t0t_oH9kyWkcjm,150
lacrosse,Solid Table / Desk,00m0m_iR7MEs0dbVf,25
lacrosse,Filing Cabinets,00f0f_jNcYfuBitL8,150
lacrosse,Desk chair,00e0e_5ocs8xpvgvL,25
lacrosse,Solid commercial work desk,00Z0Z_bjKrpiZi80t,100
lacrosse,Round Tabel,00M0M_rAOxlbS77f,75
lacrosse,~ Large cool Bean bag,00P0P_jFNNqCQFdu1,45
lacrosse,Oak Ashley Furnt. Dining Room Table with 6 chairs and leaf extension,00g0g_6ey6krep7Fa,275
lacrosse,Farmhouse Style Table and Chairs Set,00C0C_6IZ5GFuSgqF,150
lacrosse,Floral Sofa Sleeper,00k0k_7WVBd5MGcNM,75
lacrosse,Hon Volt leather computer chair,00n0n_9BdSJgYQIqT,75
lacrosse,Futon for sale,00505_4gMLg6uvJWh,35
lacrosse,Pier 1 Wicker- 2 Chairs and 1 Loveseat w) Variety Cushions,00101_5LYc6zw44TA,1
lacrosse,Farmhouse table and 4 chairs,00L0L_cK57O66OXGC,180
lacrosse,Vintage storage cabinet,00N0N_jWoskvkNrYs,225
lacrosse,Dining Table and 6 Chairs,01111_9H6psIIj5zg,90
lacrosse,"Dinning Room Table, Couch, Matching Loveseat, Piano",00H0H_89a3BwqjtTD,250
lacrosse,Power stand up chair/recliner,01010_8VBM0HTIEVl,350
lacrosse,Small Couch/loveseat,01212_6KreQeMZ4I7,250
lacrosse,High Table & 4 Bar Stools,00H0H_5KwZO6DLgXQ,300
lacrosse,Solid oak END TABLE,00u0u_2JMn16t628d,25
lacrosse,Retro vintage COUCH,00w0w_dNnbq7QEZdU,100
lacrosse,"large desk, very functional",00M0M_l4LW65lMJp1,40
lacrosse,MATTRESS and Box QUEEN SIZE,00000_l0HR3BG9fbX,120
lacrosse,"Full size bed, box spring, frame.",00H0H_gVLHVjZApgQ,250
lacrosse,claw foot wing chairs,00O0O_jvevmKAQg52,230
lacrosse,East lake Spring Rocker,00505_Q71Sgxomyp,325
lacrosse,"Couch, chair, TV sale",00N0N_6NCGk45hzGe,1
lacrosse,Brand New Double Sided Mattress and Boxspring,00d0d_aBjkDi855yS,199
lacrosse,Brand New Twin/Full Mattress,00v0v_d3tFV1PDZR4,89
lacrosse,Brand New Leatherette Bed Frame,01414_2BVI01gLODz,185
lacrosse,Mid century modern table and 4 chairs. Bamboo,00d0d_kMl4dZOnk8F,100
lacrosse,Sofa sleepers. Plaid CLEARANCE PRICED,00h0h_gvKTZmUy66q,50
lacrosse,Love seat,00303_6hfXWOWnxIo,100
lacrosse,Couches - sofa chaise and loveseat (like new),00a0a_d6umcGEsgh0,450
lacrosse,beautiful tv cabinet,00b0b_1Xy4vKmtmob,75
lacrosse,Buffet / tv stand,00S0S_dJ1EIQcvMbl,50
lacrosse,Cabinet for Entertainment Center / Armoire,00M0M_de8v2ohpIMN,30
lacrosse,Quality Brand new flippable mattress and boxspring sets..,00I0I_3ULB1Gq9IEd,
lacrosse,Corner armoire,00F0F_3DDN95iQ3gP,150
lacrosse,Cultehaster Group Maple Birch Dresser,00J0J_5oS3TBwUz8Y,125
lacrosse,Cedar porch swing,00z0z_5f7WHIkw1pM,90
lacrosse,2 burgundy chairs,00h0h_l5WvssWNPgq,90
lacrosse,6 chairs,00W0W_f0qydoGdvhb,100
lacrosse,Household furniture,01616_biBhEHtL4k5,
lacrosse,LIKE NEW WHITE BUNK BEDS,00H0H_23lPSs2UrHX,275
lacrosse,Flexsteel sofa and recliner,00x0x_56iArKYTI8o,100
lacrosse,Mattress for sale queen $150,00M0M_g5PhjbHY7uP,150
lacrosse,Brand new Queen mattress $150,00M0M_g5PhjbHY7uP,150
lacrosse,Dresser Chest Of 9 Drawers Credenza Buffet,00k0k_k1xQ5WTGnEG,150
lacrosse,Dresser Chest Of 4 Drawers Credenza Buffet Solid Wood Dovetailed,00l0l_ikdMcvrvZDa,125
lacrosse,Slate side table. REDUCED!,00909_dUNUu9Mzuf9,45
lacrosse,Hollywood style Lighted Vanity Mirror,00c0c_lgGlENDztUf,175
lacrosse,Sewing Cabinet,00d0d_3WbZNmgi6fh,15
lacrosse,Twin bed,00000_3IXtofXEwFF,50
lacrosse,Antique Cain Back Chairs,00w0w_jLAjly6rfyp,40
lacrosse,Floral Print Sofa,00Z0Z_68nkGC95qoq,85
lacrosse,Antique Rocking Chair,00o0o_aOrMjTFxZ0z,45
lacrosse,Antique End Tables,00F0F_gcZ47HcupDp,35
lacrosse,Padded Chairs,00K0K_8xg0mUNUJkg,28
lacrosse,Oversize Chair and Ottoman,00k0k_dPm9PHTTkQf,80
lacrosse,Leather oversized chair,00N0N_ecaxwLT3hxr,40
lacrosse,red sofa sleeper,00p0p_jKHZUQsvRZY,80
lacrosse,Nice like new heaters,00404_hvcasAKTAoW,35
lacrosse,Misc Furniture - Prices Reduced,00M0M_2xUpUlLfCeO,
lacrosse,Full size bed,00S0S_kVk5AlokXya,75
lacrosse,New Mattress's starting at $79.99! Includes a free Mattress protector,00p0p_7O8NFqHrjJa,
lacrosse,* ~ Beautiful Large White Wicker Armchair / Chair ~ *,00c0c_16glujT6if0,50
lacrosse,sheer curtains,00z0z_a05hm22Wfc,45
lacrosse,Rustic Style Coat Rack,00l0l_bf5PPT1qsqx,20
lacrosse,King size box spring / or 2 TWIN XL Box springs,00m0m_23yRM0J4jsl,25
lacrosse,"Genuine Leather Sectional, Recliner, and Side Tables",00M0M_cjfpOlStgif,800
lacrosse,King Size Sleigh Bed,00e0e_djIsuHVlgZZ,400
lacrosse,Coffee table,00Y0Y_OGxvwTRBif,50
lacrosse,Bar Stools,00909_dGNctJ9AUku,240
lacrosse,Furniture,00M0M_kxCvROEOBPN,
lacrosse,Ethan Allen China Hutch,00x0x_6L1R0opaxHY,200
lacrosse,Mid century office desk,00404_6oktfnmrnkL,45
lacrosse,Brand New Affordable Mattress,00v0v_d3tFV1PDZR4,89
lacrosse,metal/wood desks (2),00g0g_4z2aBuytTzH,25
lacrosse,Golden Lift Chair,00P0P_e5OXrgWvg8k,450
lacrosse,Bar Stools,00c0c_fqOR13SZmx,25
lacrosse,Coat rack,00j0j_eF8fl0VTgUN,20
lacrosse,"Large chair cushions; 23""Wx23""Dx4""H",00e0e_1NhKsY1MBsC,10
lacrosse,Four chairs,00G0G_12LZauEC6Yl,85
lacrosse,HANDCRAFTED!! Solid LIVE EDGE Wood CHAIRS/TABLE/OAK/ASH/WALNUT,00O0O_1EmZXtWVDcA,75
lacrosse,CUSTOM SHELF Made of CHERRY/CURLY MAPLE/OAK Art Piece - One of a Kind!,01010_3EAvcTLFUmb,150
lacrosse,Newly Made Side Stand/Night Stand,00j0j_8seXheOv28m,40
lacrosse,Ashley Furniture Pouf...BRAND NEW,00V0V_cDPNVFJAk27,60
lacrosse,3 bar stools,00w0w_cJj7ERz3bFj,30
lacrosse,"Headboard, Bed, King size",00101_bbHc7khPSmO,40
lacrosse,Entertainment Center,00j0j_kPrEI2kZgkF,10
lacrosse,Brand New Memory Foam Mattress and Boxspring,00P0P_i0KCd0j3zD,650
lacrosse,Log dining room table.,00g0g_kErgNc8235W,800
lacrosse,Rocking Chair,01616_7AGUGIfaPNJ,15
lacrosse,Microwave Stand,00Y0Y_bIfN723EUcO,10
lacrosse,Table and 4 Chairs For Sale,01515_l1R2Oyhhz3r,75
lacrosse,Gun Cabinet,,50
lacrosse,Dresser With Mirror Top,00v0v_genNgJzoWX0,55
lacrosse,Headboards For Sale... Pick up near Dorchester,01313_bVQOBSbd8Sa,15
lacrosse,Dresser/ entryway table,00W0W_bp0WeltaUBe,129
lacrosse,Red Little Tikes Racecar bed,00606_ZpALDCmChF,50
lacrosse,quilt hanger,00n0n_5Vyx8O3YyPP,110
lacrosse,Miller Eagle mirror,00A0A_3Cnkg5bBRfv,30
lacrosse,Gliding Chair,01010_iMlMe0XSyh5,150
lacrosse,Bedroom set,00g0g_9EU4vlSRvXj,600
lacrosse,Classroom Desks,00I0I_4zkAgwWBB6O,
lacrosse,Gliding Chair,01010_iMlMe0XSyh5,150
lacrosse,Bunk beds twin and full futon on bottom,00707_d40m77TbCYV,100
lacrosse,Primitive new shelf,00a0a_6lWhmxfCrQY,100
lacrosse,Tan futon,00505_69cgwqTprTw,60
lacrosse,Reclining loveseat,01111_h6buZZNGmqJ,550
lacrosse,Metal bed frame for bottom,,25
lacrosse,Recliner chair,00J0J_4v0wJGeSxyI,125
lacrosse,Two identical chairs,00c0c_4K2uICLdUDw,80
lacrosse,Queen Bed Metal headboard OR  Frame,00o0o_8gcyVPBFiNb,30
lacrosse,1913 Barn Wood Storage Shelf Unit,00D0D_ksH1LmNuM0Y,200
lacrosse,Entertainment Center,00y0y_5KIfTN6IXh7,50
lacrosse,Oak Table & 4 Oak Chairs,00U0U_gKQfQBlxUDE,150
lacrosse,Amish Oak Table w/chairs,00T0T_fb0zgDTH3VY,350
lacrosse,Smith Brothers Sofa,00W0W_8WNuziNv9vy,595
lacrosse,"office furniture, last chance",,5
lacrosse,Coca Cola sling lawn chair - price drop $30,01111_cdG8NQE4MNI,40
lacrosse,Oak Curio Cabinet,00z0z_hqoHSYPY4YW,100
lacrosse,Ethan Allen table with 2 leafs,00O0O_dMItxngg4yn,25
lacrosse,"Twin bed frame, matress, and box spring",00a0a_7pngsxY5iFK,20
lacrosse,Nice computer stand,00A0A_33WYnbndrf3,20
lacrosse,Pillow top mattress,00e0e_5xOrUYZeZW5,
lacrosse,Leather recliner,00303_4EBkP4MamxN,
lacrosse,Brand New Queen Size Bed,,700
lacrosse,Extra large hide-a-bed chairs (two),00S0S_b7qMZcyAs2b,
lacrosse,New Beds starting at $79.99! Includes Free spill proof protector,00f0f_efEad7Rbo0O,
lacrosse,New Beds starting at $79.99! Includes Free spill proof protector,00T0T_oxYybHn8yO,
lacrosse,Free Mattress Protector Included with every purchase - Mattress Outlet,00A0A_ioQpAWjpaCX,79
lacrosse,20 VIRCO TABLET ARM STUDENT DESKS $5 EACH,00A0A_FJX9oax6fe,5
lacrosse,"5' X 7' 9"" Black/Gold Area rug' X 7' 9"" Black/Gold Area rug",00t0t_8RFFZajWcmL,60
lacrosse,Queen Size Sleigh Bed,00N0N_3gkTkH5Nm3E,300
lacrosse,Broyhill China Cabinet,00C0C_kcJPy7lJDw9,75
lacrosse,Farmhouse Style Kitchen Table,00G0G_3IlqsZvX1hb,
lacrosse,** BEAUTIFUL END TABLE - REDUCED**,00K0K_arsRzBhGAl9,79
lacrosse,Computer Desk,00707_LfaHyOeesw,50
lacrosse,Queen mattress Brand new,00M0M_g5PhjbHY7uP,150
lacrosse,Entertainment center,00b0b_e0Pp5EZoh9i,25
lacrosse,Entertainment Center,00S0S_1wusN5wlVmT,50
lacrosse,Couch and Love Seat w/ Ottoman!!,00X0X_aDZsZAFqzV,400
lacrosse,Full bed,00S0S_9o91LNJTjWv,50
lacrosse,Bar stools,00m0m_loCdGB2Kk4W,40
lacrosse,Blue Power Lift Recliner,00m0m_adF4DpPy4nK,400
lacrosse,Queen bedroom set with 3 month old mattress,00i0i_YdQQvD9Ovd,1000
lacrosse,Like New Couch/Sofa,00Q0Q_93XAx56Mry,200
lacrosse,"Astonishing Table, Desk, and End Table",01616_4h1IZMIPCno,
lacrosse,California King Platform Bed,00c0c_dWzacMMPTQU,275
lacrosse,LIKE NEW - CRATE & BARREL DINING ROOM TABLE,00n0n_8QRi1NnGRpX,500
lacrosse,LIKE NEW - CRATE & BARREL NIGHT STAND,00E0E_9z23PX70EXa,175
lacrosse,Unique animal print sectional,01717_hYIRogdh1RZ,50
lacrosse,Million Dollar Rustic Bistro Table,00e0e_f2dqOkYc0DC,275
lacrosse,Aromatic Cedar Chest,00X0X_6ndwx2T1hhP,300
lacrosse,trash and recycle containers singles or doubles solid oak or walnut,00404_2e4qluxa32L,100200
lacrosse,Need king size bed,,
lacrosse,Oak entertainment center,00505_468eEiX0kKt,900
lacrosse,Bar stools,00o0o_fdbqJA36h1y,50
lacrosse,antique chair,01616_KxmUeqHdEL,45
lacrosse,vintage couch,00505_7cceldPYSvW,50
lacrosse,Girl's White Twin Bed,00G0G_8DzqxuY92b,40
lacrosse,"DVD racks, tall, wood",00V0V_krd9r6PNhD3,30
lacrosse,Sewing Table and Chair,00O0O_ewMOM5kBaW5,75
lacrosse,"New King Mattress, $0 down, no credit needed financing",00S0S_dfqID64yp0C,
lacrosse,"New Queen Mattress, $0 down, no credit needed financing",00A0A_ioQpAWjpaCX,
lacrosse,"New Full Mattress, $0 down, no credit needed financing",00d0d_2kUQCMoAW44,
lacrosse,"New twin Mattress, $0 down, no credit needed financing",00d0d_4LW4Un33aLM,
lacrosse,"New Queen Mattress, $0 down, no credit needed financing",00x0x_kDXTl0nGIYG,
lacrosse,Chest of drawers,00Y0Y_kCyhOVHgrbr,50
lacrosse,Dresser with mirror,00W0W_6PcjlqnxnMg,50
lacrosse,Stools,00l0l_5ZC4FpmawcE,20
lacrosse,Table/ 4 Chairs  2 Leaves,00c0c_aUHpZZThkDp,250
lacrosse,Couch for sale,00r0r_7o2sF0DRu60,75
lacrosse,Wood Bed Frame,00909_MInooamb1h,50
lacrosse,Decorative Area Rug,00E0E_dV7Vv5cOWrM,75
lacrosse,Coffee table,00303_2nvCcRTTt0S,20
lacrosse,Electric Entertainment stand with Remote controlled Heating Fireplace,00p0p_4qQzWgeAkPd,200
lacrosse,Headboard Full or Queen,00000_8hvDqKrVoZe,25
lacrosse,Love seat - nearly new - price reduced,00o0o_dvFnotcVZKN,200
lacrosse,O'Sullivan Storage Cabinet,00u0u_kFLOkabzQLi,20
lacrosse,Ethan Allen Coffee Table,00a0a_7SFpIFkRB2,40
lacrosse,Loveseat,00W0W_20n4I76kkMU,150
lacrosse,wood and glass curio cabinet,00o0o_ewWNAygMBiR,150
lacrosse,Oak Bar w/ mirrored back bar and game table,00M0M_5cUXESxZWef,400
lacrosse,Handmade Throne,00Z0Z_2TtROLBlobx,400
lacrosse,Kitchen Table and 4 Chairs w/ 6 Leaves,00X0X_1NaC34qWZ6b,475
lacrosse,2 Shelving Units,00t0t_cg4Afn5kLgi,75
lacrosse,Antique 4 poster bed frame - south La Crosse -,00W0W_80J1yTO18eo,100
lacrosse,Dining room table,00K0K_8kNHQ8EMjew,400
lacrosse,Catnapped Power Lift Full Lay-out Recliner,00606_jJawm6C1Uow,575
lacrosse,"Amish Barnboard Furniture, Harvest Tables and Antiques",00808_1G4lkSKuE2o,
lacrosse,Like New TV Stand (black stained glass),00p0p_4bia5zxNWmd,40
lacrosse,Chair,00u0u_gxRt7pclHDs,75
lacrosse,Large Sectional Couch,00T0T_cUs4raa4Okt,650
lacrosse,Solid Wood Dinning Room Set,00g0g_7gaa25Oq9b4,140
lacrosse,Set of tables,,20
lacrosse,Bed frames,00b0b_aJ4N5f0zWf9,15
lacrosse,3pc livingroom furniture set,01717_gxn6yIFxme7,800
lacrosse,Barn wood pub table,00p0p_crXENXGoPdj,370
lacrosse,SHABBY CHIC WOODEN TRUNK,00r0r_3BxxzRTipUJ,80
lacrosse,"FlexSteel Couch, Chair and Ottoman",00U0U_bHCMlhoKiXT,800
lacrosse,SOFA,00Q0Q_hqBHyEyCJOW,150
lacrosse,Used yellow sofa,00s0s_eyLNXo59pKj,50
lacrosse,Sofa & Loveseat,00505_3SwP5Tt9y3J,95
lacrosse,An Incredible Executive Desk,00J0J_jceYAz08saT,275
lacrosse,Two End Tables,00202_eKWSFfWJX26,65
lacrosse,Blonde three piece bedroom set,00x0x_bq9ZyXBb9vp,225
lacrosse,"Dinning room, Thomasville Furniture- Fisher Park dining room and more.",00S0S_gHIcxwNWT1,500
lacrosse,High Quality Furniture For Sale,00f0f_4uQ0wIcy7Fr,
lacrosse,Jewelry Chest,,125
lacrosse,Oak Bar,01515_i91CghzOQgJ,200
lacrosse,Antique Buffet,00909_csv2y7LzxvA,150
lacrosse,Twin over Full Bunk Bed $60.00,00H0H_ctTyxVgcs0i,60
lacrosse,New Mattress Blowout Sale,00C0C_jvLw8whgOl2,
lacrosse,Solid Oak Table,00n0n_b8KRvxoDXDH,300
lacrosse,Futon- next to new- compact,00c0c_azG6VN38ZGI,50
lacrosse,3 stands living room.,00J0J_2ocmAoTHFWZ,40
lacrosse,Large Shelving Unit,00K0K_4wmdvxam2Am,125
lacrosse,Dining table with leaf and 4 chairs,00S0S_iZbkHdGwnoR,150
lacrosse,Solid Oak French Throne Chairs,00404_kI0sWAAggk6,20
lacrosse,WE ARE OPEN TODAY...SUNDAY!!!,00C0C_l7GXmhdwr85,
lacrosse,Two Chair covers - new,00h0h_aZYsKgqpehD,40
lacrosse,Glass Entertainment Center -,01717_jo2XUQHZ1ZW,40
lacrosse,MONTGOMERY WARD 8' SPARTAN   POOL TABLE,00e0e_iIDUgvUX9hj,1000
lacrosse,MONTGOMERY WARD 8' SPARTAN   POOL TABLE,00e0e_iIDUgvUX9hj,1000
lacrosse,Corner solid oak display,00c0c_7ZSgbB8ntfr,125
lacrosse,China hutch,00r0r_hHDOYeTS3Fz,100
lacrosse,Marble mahogany table,,75
lacrosse,"Ashley Cottage Retreat Set (table, chairs, hutch, etc.)",00G0G_3JOwhSA9axp,1800
lacrosse,Dark brown traditional desk,00K0K_ke1muVERDYc,75
lacrosse,Deer picture,00d0d_8IVyngtlG4z,75
lacrosse,Oak rocker,00K0K_cRqHz0Q3nqw,75
lacrosse,Like new chiro cabinet,00q0q_at4vnvDhDup,150
lacrosse,Nice Amish built Log Glider,00404_jqNCl8T8dgj,175
lacrosse,Amish built chest of drawers,00808_gL3aB95MvYS,105
lacrosse,TV CABINET,00H0H_1lyU4nbNBN6,60
lacrosse,Oak Cabinet,,225
lacrosse,Free piano,00Z0Z_1Yteeibwopy,
lacrosse,Sofa,00Q0Q_emHj60LZBPd,80
lacrosse,Sofa,00909_b9rIpMH9Mr7,225
lacrosse,"Armless sectional chair, like new",01515_mnG7v2Bsg1,10
lacrosse,Couch and loveseat set,00j0j_9zO48jOIxBW,500
lacrosse,End Table with Storage,00F0F_5BcqAwEDeC1,10
lacrosse,Sofa,00n0n_2c6eGwn1aYz,200
lacrosse,Matching sofa and love seat,00v0v_bc6bLhCpBmx,300
lacrosse,Twin Loft Bed,00x0x_8gQFIqL8dSS,225
lacrosse,Glass Top Table,00I0I_pua72wxjIi,25
lacrosse,Chair with foot stool,00W0W_cFOW2a68pMp,25
lacrosse,Beautiful Outdoor Furniture,00j0j_1NJidr6hFOc,
lacrosse,6' merchandise stand with adjustable shelves,00b0b_5KDIWGMmcr7,15
lacrosse,Wicker side tables,00707_27Ek2KXurit,40
lacrosse,Oak shelf,00w0w_am1KGPAXNrm,10
lacrosse,Oak shelf,00C0C_6oxwp3LEgrc,10
lacrosse,Curio cabinet,00Z0Z_gTHQAZym2cs,250
lacrosse,Hurricane lamp,00n0n_QiKMnTiVaK,20
lacrosse,Farm house style chairs,00W0W_cQU4XpIWe2C,20
lacrosse,OAK DESK,00o0o_9LCVE6Qbtbo,150
lacrosse,metal table base,00W0W_dUZAzh8arWs,25
lacrosse,Cloth Recliner Padded Comfortable Deep Colors OBO,00w0w_5GQTzb7tczD,100
lacrosse,Mid century couch / sofa,00E0E_9s4ENvKzQxS,200
lacrosse,Ashley Furniture leather sofa recliners,00T0T_kRrG0AjJJW2,300
lacrosse,Vintage Dining Set,00a0a_h6u8bi10jX5,100
lacrosse,Cheap desk - moving sale,00606_17RGtz0Llug,20
lacrosse,5 door  lawyer shelf,00v0v_4PbVfHPkRnm,250
lacrosse,Tan leather reclining couch.,00d0d_jeygXvN8XuX,450
lacrosse,Bedroom Dresser w/mirror,01515_4NjaeboX24l,200
lacrosse,BLUE LIFT CHAIR,00M0M_1xZx7CbTRbm,650
lacrosse,Coffee Table-Reclaimed Lumber,00G0G_4i21xL2JpJ5,100
lacrosse,Reclining Couch,00m0m_hglk5zpJqdr,395
lacrosse,Rocker recliner,00S0S_5H4aueIAx8O,130
lacrosse,Amish Made China Cabinet,00C0C_kfnJOABpuPR,2200
lacrosse,Recycled Plastic Boards,00p0p_52qSOdKkd7l,
lacrosse,Upright dresser,00S0S_5JWzZDUZsAG,350
lacrosse,Table and chairs,00B0B_gvR8FWrkpyz,200
lacrosse,Matching table lamps,00x0x_3nSphQO0mQR,25
lacrosse,Storage Shelf with Coat Hooks,00p0p_aJqaJTVzFkg,75
lacrosse,Charming China Hutch,00W0W_cFfk5iXzR5q,399
lacrosse,Accent Chair,01212_468cokbHtIo,100
lacrosse,Lane Vintage Walnut Coffee/Side Table Glass Top,00x0x_bIoRCxQmXWf,30
lacrosse,Circle rug,00B0B_bhRHGkpQJeY,100
lacrosse,Dresser set,00D0D_5rUTpJ5pbKm,300
lacrosse,Hydraulic Bed,,200
lacrosse,Antique Roll Top Desk,00E0E_aJ5nPt0SeGc,
lacrosse,2 chairs for sale,00707_gWppPRr0kqA,100
lacrosse,Kitchen Table,00r0r_k5PPr8ppXVu,250
lacrosse,Rustic creations,01717_2Qe01jfy48Y,
lacrosse,matching end tables,00H0H_gAcJFMsJRgM,20
lacrosse,Saddle bar stools,00H0H_cYGTkepDaHv,100
lacrosse,Padded steel chairs $5 each,01515_1UwCUJsoGuO,5
lacrosse,SOLID WOOD 4 PANEL  DOOR,00404_ius1rqte6ZI,30
lacrosse,Couch,00j0j_ae8IZoIlrHd,50
lacrosse,Large Macy's Clothing Rack.,00h0h_hTLWWVkT5ag,30
lacrosse,7 drawers dresser,00J0J_9BxgBcxv9kP,60
lacrosse,Hardwood Dresser,00v0v_eOLk4NyI2F9,60
lacrosse,Kitchen counter on wheels.,00E0E_bSiPcZrPLiU,160
lacrosse,COUCH IN GREAT SHAPE!! must sell,00I0I_4PpNiHwTlwV,100
lacrosse,Office Desk,00Y0Y_cQbKlhXXgrs,25
lacrosse,Electric reclining couch (Holmen),00W0W_VnALyiaMc8,425
lacrosse,Loveseat,00808_dgrZFSisCs1,75
lacrosse,Flowered Apartment Sofa,00o0o_dDweanuMZoG,125
lacrosse,Loveseats,00j0j_43LG11EYzxw,200
lacrosse,GOLD WEDDING VASES+TLIGHT HOLDERS,00Y0Y_6iujz2TWhc4,100
lacrosse,Coffee Table,00505_6dgX9bRwMer,100
lacrosse,loveseat,00606_fBQEmInWvqb,175
lacrosse,Buffet Table,00B0B_2R9jQ2D3hyz,150
lacrosse,Sofa chair,00H0H_cQMo25qpeZ9,5
lacrosse,vinyl kitchen table chairs,00m0m_fzEMV4OKzNC,35
lacrosse,adjustable bed frame,00000_g9JQ8wD7IkR,25
lacrosse,Dresser,00U0U_2bP8fhPDIzS,40
lacrosse,Chair and  Footstool,00Q0Q_6PFb2qER3zd,40
lacrosse,Lift top coffee table with storage,00202_bG3E5aWbMP,220
lacrosse,Table and 6 chairs,00m0m_ahLAkDqx8Ba,300
lacrosse,Rocker,00h0h_9SQrtz6Vwge,60
lacrosse,Vintage school desk,00H0H_cKgIPF73Ymy,30
lacrosse,Sofa table,00O0O_6MpjPVv5WIo,150
lacrosse,Ornate Sofa/Hallway Table,00Q0Q_hnMh0Ve7EPz,300
lacrosse,Beautiful Custom-framed Wall Print,00g0g_cpfL4eXIEXT,250
lacrosse,Solid Wood Corner Unit,00E0E_2GFwc7xoXgU,100
lacrosse,Computer/Desk Chsir,00m0m_bg1lth6xMxZ,100
lacrosse,lamps,00R0R_iHSVAIu9GaG,20
lacrosse,Like New Couch,01111_cCtKqkCzpp1,225
lacrosse,nice bed n dresser,01616_1daqduwDeid,50
lacrosse,Chair,00Q0Q_jJKCWdlkHtm,20
lacrosse,cool dresser,00v0v_5AqowxT2stL,25
lacrosse,cool old chairs,00W0W_iYVNpbtAYyI,20
lacrosse,Regulator Wall Clock,01414_gXyoksHhFjt,485
lacrosse,King size headboard,01212_9N4qYXRHFSq,100
lacrosse,Wainscoating,00O0O_csO94zePgoM,125
lacrosse,Wainscoating,01010_dNenuF3UWDq,125
lacrosse,12' Mantle Piece,00a0a_12XxV525eau,125
lacrosse,Solid Oak Corner Office / Computer Desk,00B0B_cZ9gLkNZqHw,550
lacrosse,Painting,00404_hfCSnmdhddN,40
lacrosse,••HOTEL FURNITURE FOR SALE!! ••,00g0g_4aYwhwgsKmH,50
lacrosse,**COUCH / LOVE SEAT / RECLINER**,00101_89ctihGzJFk,100
lacrosse,**RETRO COLOR TV'S - 13 Inch**,00G0G_8uvKUOPgBwU,15
lacrosse,2 antique wicker chairs,00a0a_cilTWOoboO,10
lacrosse,ISO Twin Mattress Set,,
lacrosse,Reverie Adjustable Mattress Base,00e0e_4cbzfF3SmZw,600
lacrosse,Glass door cabinet,00m0m_cpQDrLjO30G,125
lacrosse,Flexsteel Chairs,01414_8tefYplnSnE,25
lacrosse,Passing Storm-Canvasbacks by Van Gilder,00v0v_lvfzzt3ihNm,195
lacrosse,"Custom Farmhouse Dining Room Table, Desk, Entertainment Center, Coffee",00s0s_4mCUOCP6J5,550
lacrosse,Pier One Wicker Sofa and 2 Chairs for Indoors,00Q0Q_kk5bsx3SW49,200
lacrosse,"Metal, 4-drawer File Cabinet",01111_iUy2xAaZR03,30
lacrosse,Three piece dining set,00b0b_9wT0nNuzgi5,2500
lacrosse,Cedar Chest,00t0t_d5knakFc54R,200
lacrosse,Refurbished rustic tall boy,00P0P_7QyAofsYRzW,140
lacrosse,Beautiful 4-drawer Roll-Top Desk,00C0C_jce8e9nv7nV,100
lacrosse,Antique China Cabinet,,400
lacrosse,Wood medicine cabinet,00w0w_43d2LWac9kg,20
lacrosse,Wall Decor Painting,00k0k_dpJeOMj8g5y,
lacrosse,7 drawer dresser with mirror,00k0k_drcAwi4IK8Z,150
lacrosse,4 drawer dresser,00l0l_fSVrFlV4Tk7,75
lacrosse,Roll-top desk,00Q0Q_bcg3Tf7aiPC,750
lacrosse,Furniture,00u0u_2IcOnDhnIRx,100
lacrosse,Oak Headboard,01616_4c3WVRcJ2ox,20
lacrosse,Pineapple mirror frame,01414_kHcOsYBJ1G6,60
lacrosse,Fireplace Tools,01313_5cgMBf64RMC,15
lacrosse,Wicker Bar Stool,00z0z_jBOmXe53GyG,15
lacrosse,Maple Cabinet,00101_8kh763Xte26,45
lacrosse,Custom-made log furniture,00808_8L8A9Fjt7NG,450
lacrosse,"New Mattress Set $0 down, special financing available",00d0d_4LW4Un33aLM,
lacrosse,"New Mattress Set $0 down, special financing available",00L0L_fFcqDQba4Zx,
lacrosse,"New Mattress Set $0 down, special financing avail",00C0C_jvLw8whgOl2,
lacrosse,Broyhill Four Post Twin Bed Set,00o0o_2InthTfIAJW,630
lacrosse,Large 5 Shelf Metal shelving unit,00e0e_2GzCpVSwflQ,75
lacrosse,Bent wood Chairs (2),00Y0Y_4eeGggnMz4,20
lacrosse,Oak Chair (decorative),00p0p_56gqVAzBe43,20
lacrosse,short Stool or Plant stand,01212_jDSZdz7rwgd,10
lacrosse,Cedar slab bench,00E0E_9sZxYC9kDJr,1500
lacrosse,Home 4 Holiday Presents,00y0y_dQ3qvdbgyv5,630
lacrosse,Re-purposed antique oak bookcase,00t0t_29DzxzNVIxC,135
lacrosse,New Twin Sets starting at $179.99! Only at Mattressoutlet lax,00a0a_c2IeRBlKSiO,
lacrosse,New Queen Sets starting at $279.99!,00N0N_kimPeJy2yE4,
lacrosse,New Twin Sets starting at $179.99! Only at Mattressoutlet lax,00T0T_oxYybHn8yO,
lacrosse,New Queen Sets starting at $279.99!,00L0L_g0K9cH8iOUZ,
lacrosse,New Queen Sets starting at $279.99!,00V0V_8HXeUmOvmGC,
lacrosse,Small table,00s0s_8HAxD5P6fB3,45
lacrosse,"New Mattress Set $0 down, special financing availble",00x0x_g6z6B7FICaR,
lacrosse,New Mattress blowout sale only at mattress outlet lacrosse,01616_5SPJZZpC051,
lacrosse,Hutch,01212_3PpOtssRyMQ,75
lacrosse,"OAK CURIO Cabinet with curved glass and shelves, Beautiful",00T0T_5PKyJCG4Dn,695
lacrosse,Amish made rocket,00z0z_73tZCK6DL4q,150
lacrosse,Office chair,00707_2977mEVmSmJ,40
lacrosse,Table w/ 4 chairs and leafs,00T0T_cbqfSMEphEw,50
lacrosse,Oak Entertainment Center,00s0s_etGlF4PEQWi,50
lacrosse,Table & 4 Chairs,01010_9SJancwfYjA,75
lacrosse,Solid Oak TV Cabinet and TV!!,00v0v_co5S0H4BP9X,125
lacrosse,Wayfair Jardins Desk Chair,01010_e1wbzt6jzUE,125
lacrosse,Brand New Affordable Mattress and Boxspring,00v0v_d3tFV1PDZR4,139
lacrosse,Computer Cabinet,01717_40OBaWzoh4u,200
lacrosse,Steel Piano Bench,00Z0Z_8oJmeeE6kIQ,5
lacrosse,Tv stand,00909_7pBM5jaqK4Z,20
lacrosse,Amish built hutch,00Y0Y_aXrn0Norrdl,2500
lacrosse,King size bed linen shams,00E0E_9czAUjz6ytr,30
lacrosse,IKEA Poang Chair and Ottoman,00p0p_2CG2YKjU0AM,30
lacrosse,2 high back wing chairs,00x0x_2BAJUGeoFAf,100
lacrosse,Unique cabinet with beveled tilt mirror,00q0q_gn2cyTljdnm,110
lacrosse,2 Solid Wood Shot Glass Display Cases,00b0b_lQsQ9slPiZS,150
lacrosse,Cherry Custom-made wood cabinet with an adjustable shelf,00V0V_bigibP5YRBX,200
lacrosse,Fruit wood Coffee and End Tables,00e0e_KQe9ysIFpb,350
lacrosse,"Dining room table, leaf, 4 chairs",00707_6jl2bU8Bqw4,150
lacrosse,Tv stand with storage,00R0R_dfmITERfIiD,100
lacrosse,Tv stand with storage,00R0R_dfmITERfIiD,100
lacrosse,Coffee Table and you may NEVER have to buy another one EVER!!!!!!,,30
lacrosse,Metal Futon,00i0i_bnWuAqylqSn,100
lacrosse,"Twin bed, dresser, book shelve",00N0N_jDHJQi93qYw,200
lacrosse,White Oak Church Pew,00k0k_l3FkoU4r5mW,45
lacrosse,Amish Constructed Furniture NEW,00f0f_2NXvrodeHuP,
lacrosse,Gold - Hollywood style Lighted Vanity Mirror,00606_btypnCJzI7T,175
lacrosse,Sitting hammock with stand,00s0s_lclGGxcWBAJ,75
lacrosse,White Folding Chair Covers (90),00Z0Z_fAsksPWA2VK,
lacrosse,Entertainment center,01616_3BxTpF4Rnkd,140
lacrosse,Buffet or Big Screen cabinet,00G0G_zWYidEHaQR,100
lacrosse,bunk bed,,200
lacrosse,Counter height table and stools,00t0t_iuLQtIOIOSk,150
lacrosse,wooden rocking chair,00A0A_dVSht5CaZX9,200
lacrosse,Ashley couch,00505_e8j6ZULdpWo,100
lacrosse,Table Top for Sale,00101_axhA03RD049,20
lacrosse,Oak dining table,00y0y_3VOsr6exKRe,40
lacrosse,TV/Entertainment Stand Oak,,25
lacrosse,Very nice China hutch,01313_b0T1k4zU3iE,999
lacrosse,Recliner chairs-free,00W0W_dp95y3LpVFD,
lacrosse,Dining room chairs,00W0W_2AVXLgjIYoW,50
lacrosse,Ashley Furniture wooden chair,00707_U7nGMwQ5El,100
lacrosse,Oak tables,00I0I_4NTMTXQUw14,160
lacrosse,Chair and Couch,00606_cGcOmvu2ee9,30
lacrosse,Furniture for sale,00C0C_aJpToAGUlt1,1
lacrosse,55 Gallon Aquarium,00Z0Z_aT3YgJRaF8i,100
lacrosse,3' x 5' dining room table with (2) captain chairs and (2) regular,00404_2o8FuhR7oef,250
lacrosse,Hutch,01414_4473GUoGvNS,
lacrosse,Table and chairs,00v0v_grneqXNRvLH,250
lacrosse,MCM Le Corbusier Lounger Chair,00H0H_7C6jOXBCKMm,150
lacrosse,Glass display case,00i0i_cHrBXy96Y5s,150
lacrosse,computer armoire and misc,00H0H_fG6L7Gze9h5,50
lacrosse,"Bench - 47"" - man-made rattan",,35
lacrosse,Provincial Bedroom set,00E0E_3OmDrIrBjDU,500
lacrosse,Provincial Foot Bed Cedar Chest,00a0a_2O7ZxBVFncI,190
lacrosse,Wooden Futon,00y0y_kq2DiwDxcEy,100
lacrosse,Dining table,01313_9PO9GMKG8zn,200
lacrosse,Lane Perception Record Cabinet,00M0M_cTCboo0Ndmh,300
lacrosse,Belart Teardrop Wall Plaques sets + kitschy cats+fish,00c0c_2bSwTTg0q5b,20
lacrosse,sold.  twin bed mattress and iron frame,01717_bcCWx3mwHTy,50
lacrosse,Wall mounted shelf / key holder,00707_JCd16ecSCJ,15
lacrosse,Entertainment Center,00909_aE9IxatqE1n,100
lacrosse,Solid Wood dresser,01515_4NjaeboX24l,225
lacrosse,hostess / waiter station,00i0i_2J0J0FWTcbl,200
lacrosse,Restaurant waiter counter,00m0m_12mrlwSHKiQ,300
lacrosse,Misc. Wooden Work Benches,,
lacrosse,China cabinet,00404_1SHnAar9eJy,175
lacrosse,Furniture For Sale,00V0V_7R39eah01T6,5
lacrosse,Roll top desk,,350
lacrosse,Patio Set - Iron,00Y0Y_gA1e1sMxc3B,100
lacrosse,Chromecraft 4 Rolling Chairs,00x0x_dbB6YQdLv2E,40
lacrosse,4 Stainless Steel/Chrome Chairs,00J0J_7iISOrpljVO,125
lacrosse,Couch and matching chair and a half,00707_hh7aEIDTdwl,355
lacrosse,Board Store solid Oak corner desk,,500
lacrosse,Metal Futon Bunk Bed with Mattresses,,300
lacrosse,Bar (Folds Closed) with 4 Chairs,00E0E_bpBrUGBjw0,800
lacrosse,"GORGEOUS DINING TABLE, CHAIRS, RUG, ART, ARTS & CRAFTS COFFEE TABLE",00i0i_1pjz5JaxhZQ,250
lacrosse,Oak Lamp,,30
lacrosse,Kitchen Table & Chairs,00S0S_cXjImQsj5Zl,350
lacrosse,Side table/Accent table,00y0y_loH3u0DeU5u,125
lacrosse,dresser,00n0n_1ZAdaFTeOOn,50
lacrosse,stand up dresser,00505_a0PmFMtIpNi,50
lacrosse,stand up tall Pine dresser,00A0A_fR6dIVRcn5N,50
lacrosse,V-I-N-T-A-G-E  Display Case,00404_2VZMpWCbNf5,195
lacrosse,"Loft bed twin size, steps, shelves, built in drawers",00606_lKrZ7b7zqlh,500
lacrosse,Brand New Memory Foam Mattress and Boxspring SET,00P0P_i0KCd0j3zD,650
lacrosse,Office Chairs,00D0D_iN9vZUZXUmn,20
lacrosse,Tv stand,00R0R_lPE3rycDWnV,75
lacrosse,England Sectional Couch,00505_57LJzDXAZFm,2000
lacrosse,China Hutch,00E0E_4llkeygIPgT,125
lacrosse,Classroom desk chair,01010_7gYMTK7D7z5,10
lacrosse,Head Board Full Size,00505_lpSwMm4Pl5a,20
lacrosse,Beautiful Old Settee and Chair Set - price reduced,00505_aeIE6IdJvee,300
lacrosse,Various home furniture pieces for sale!!,01313_1OaMHp53SdR,
lacrosse,5 Office waiting chairs,00505_kJRt13NXxlP,30
lacrosse,Girl's bed,00h0h_jDZjyXw5wFj,375
lacrosse,Recliner Chair,00V0V_i4IrzNr5dxB,30
lacrosse,Living room chairs . CLEARANCE PRICED. 30 available,01212_4zPIy6Exgol,5
lacrosse,Twin beds. Includes mattress boxspring frame . 30 available,00606_a3o9Rc6AjHu,139
lacrosse,Sturdy Old Couch,00j0j_9DNVzWEkz7X,50
lacrosse,Table and 4 chairs,00F0F_LUnhAGNUkF,70
lacrosse,Complete wooden bedroom set (blue),01111_hkCTo60M0DN,375
lacrosse,Purple heart table,,120
lacrosse,Computer desk,00505_dl2b5DWydT2,30
lacrosse,Dining/Bedroom sets,,100
lacrosse,Coffee Table,00d0d_aZyBXuROQA2,25
lacrosse,Carved Table,00a0a_67cJnpUoy3K,85
lacrosse,Vintage Record Stand/Cupboard,00E0E_8bnJfVIJbds,20
lacrosse,1970's Danish Mobler Chair made by Domino,00y0y_2YIq3B99qho,200
lacrosse,Solid Wood Mid Century Modern Set,00o0o_eGs9oHWW3zr,2000
lacrosse,"Solid Wood, Mid Century Modern Set",00w0w_9RufmBKwAOE,2000
lacrosse,"Table, Peninsula Table",00o0o_kf7gSRklks8,500
lacrosse,Mid Century Modern Set,00o0o_eGs9oHWW3zr,2000
lacrosse,Ethan Allen Antiqued Pine Bedroom Furniture,00606_j9PAHb5yRS6,400
lacrosse,Twin bed frame and mattress,00T0T_9ATyPotd0t4,100
lacrosse,Oversized chair and ottoman living room,00k0k_Pr4PKdSyPq,295
lacrosse,Nightstand with 2 Chairs,01414_cwvGGiAG3x,30
lacrosse,Accent pillows,01616_4hNTRQ7rDMj,2
lacrosse,Nice Desk,00Q0Q_aURPHLYph3W,20
lacrosse,Free TV Stand,00K0K_7D02f1Azg8V,
lacrosse,Modern Prairie Style Clocks,00P0P_jA4xbofndBQ,500
lacrosse,Custom Framed Mirror,00303_frVm64jLFc3,100
lacrosse,Sweet Heart Step Stool,00K0K_lLu8qo3WLhG,10
lacrosse,Brand New Platform Bed Frame,00000_gIa9YVDYBZv,399
lacrosse,Ethan Allen Early American Hutch - Maple,,250
lacrosse,Hitchcock Federal Style Stenciled Rocking Chair,,75
lacrosse,Coffee table and 2 End Table Set,00n0n_etcHBycZfCN,75
lacrosse,Oak Rocking Chair with cane seat/back,00y0y_527aAqgxSgD,25
lacrosse,Brand New Shelves (2 ea),00r0r_6bKL5aXsb4M,15
lacrosse,Reclieners,00909_cXNgXQ04GvB,120
lacrosse,Reclieners,00909_cXNgXQ04GvB,120
lacrosse,Solid Oak Chest,00Y0Y_lBOOiv8Udku,100
lacrosse,Lazboy couch,00404_c4XoPcJJl57,150
lacrosse,Beautiful Honey Oak Dining Table! Must See!,00z0z_je9sa1NvLJB,225
lacrosse,ELLO Furniture,00H0H_jny712g0T92,250
lacrosse,Nice Olive Colored Sofa,00f0f_5qDjh55VEU6,175
lacrosse,Night Stand/End Table,00X0X_gIDARCxlfwX,65
lacrosse,Innovex TV Stand,00Y0Y_9x4Agw6O7il,30
lacrosse,Dresser  with mirror,01515_4NjaeboX24l,250
lacrosse,very old vanity stool--x shaped and has nice wood,00Z0Z_ZftlCFpTLP,65
lacrosse,HUGE floral framed mirror,00I0I_eFYWgpe0fV1,200
lacrosse,Foosball Table,00707_gLRAMkqbMLV,80
lacrosse,Weight bench,01010_4LnM8y1gJ6S,50
lacrosse,King Set Blowout Sale! Only At Mattress Outlet LAX,00f0f_efEad7Rbo0O,
lacrosse,Queen Set Blowout Sale! Only At Mattress Outlet LAX,00a0a_3Mo4eTgB0mz,
lacrosse,Rocker/Recliner,00s0s_iyliolL6qM7,50
lacrosse,Blanket Rack,00U0U_5lx3hAVfWSF,40
lacrosse,TV Hutch,00U0U_3A68dQut3Dq,190
lacrosse,Entertainment Center,,300
lacrosse,Looking for something unique?,00303_jlO1bMdtKwO,
lacrosse,"Dining, kitchen, pub table",01212_X2nwRsJ1Br,350
lacrosse,Entertainment Center,00d0d_gjIvZi4TXv3,75
lacrosse,Corner TV Cabinet,01010_7VJ04bgg9Bf,50
lacrosse,Dresser,00O0O_dW6kJ2og6j2,100
lacrosse,Queen Mattress For Sale,00E0E_kiWIp28Dg81,50
lacrosse,coat rack,00H0H_e6pSmuOZKmd,125
lacrosse,Display Case,01313_xTPEg9w4kW,125
lacrosse,Wicker End Table,00O0O_b4pelvWzCgi,45
lacrosse,Couch,00p0p_gnmmZu67Xhe,100
lacrosse,Bed set with dresser,00b0b_aq61THvXhNG,250
lacrosse,Solid Oak Hanging Quilt Rack,01414_63nKzpbHyui,40
lacrosse,Glass Entertainment Stand,00a0a_hOc1QjabDEN,75
lacrosse,antique rocking chair,00m0m_sxGgVJZ00C,150
lacrosse,Eastlake Rocking Chair: PRICE REDUCED,00A0A_9HdbM0mFz7,200
lacrosse,"New Twin Mattress and Box blowout sale, only at Mattress Outlet Lacros",00N0N_kimPeJy2yE4,
lacrosse,Blonde three piece bedroom set,00x0x_bq9ZyXBb9vp,225
lacrosse,Recliner,00W0W_dp95y3LpVFD,30
lacrosse,Dresser and mirror,00A0A_5wmhhqbr1yW,30
lacrosse,Coffee table,00a0a_eJvPfwQA9Cm,80
lacrosse,Queen bed frame,00Q0Q_eeAdmhPPfV3,125
lacrosse,foosball table,00202_d7kvmrtBrzr,50
lacrosse,wood dresser with beveled mirror,00Q0Q_yfQ8ced92g,200
lacrosse,oak roll top desk,00L0L_bDdglUw5u4T,250
lacrosse,Mission style lamps,01212_fTNseRiaFgM,35
lacrosse,Mission Amish Oak Coffee Table,00B0B_5oijxwyxcKq,95
lacrosse,"2 Lane Recliners, excellent condition",00J0J_7b02z8blcVp,225
lacrosse,wanted highboy dresser,,
lacrosse,Man Cave/Bar Table- Automotive themed,00707_6dJgds9D7Ql,
lacrosse,Hollywood style Lighted Vanity Mirror,00l0l_8ozyZlFEG3G,195
lacrosse,Klafsun Cosmos Professional Tanning Bed,00s0s_bkd2deaCVgT,1200
lacrosse,Queen Sofa Sleeper,00C0C_5lnaGbpuXvm,75
lacrosse,SoloFirm Professional Exercise Bed,00G0G_grvXChRpLJs,1500
lacrosse,Custom Log Furniture - $450 (The Big Red Shed),00808_8L8A9Fjt7NG,450
lacrosse,outdoor chairs,00202_ZJ5SQbgA6g,25
lacrosse,picnic table,00C0C_gWasmuFpTp4,55
lacrosse,leather couch,01010_7N46tUvpW0T,275
lacrosse,MidContinent kitchen cabinets,,7500
lacrosse,Dinner Table-Mission Style,00W0W_4vxaUYMYFmT,130
lacrosse,Daybed. Repurosed crib,01313_4pFPFejKd0u,149
lacrosse,"Hospital Bed, Adjustable, Electric, Excellent shape",01717_8l4uKdmYeiV,150
lacrosse,TABLE AND TWO CHAIRS,00c0c_5McyY5itPI3,35
lacrosse,Oak frame upholstered living room furniture,00z0z_l1RPBH50yN8,400
lacrosse,Coffee/End Tables,00E0E_gndJ14drPSh,150
lacrosse,Cedar hope chest,01212_aAQzPndJmdh,
lacrosse,"Coffee table, mini fridge, flat screen",00f0f_1enozm83sIG,
lacrosse,Microwave or utility cart,00w0w_iJfI1Ayb2ou,5
lacrosse,Queen bed frame - Amish built,00w0w_FZEGv7LtAb,500
lacrosse,Storage Shelf with Coat Hooks,00p0p_aJqaJTVzFkg,50
lacrosse,office furniture for sale,,5
lacrosse,Drop Leaf Table,00z0z_bTOl09bNS3E,25
lacrosse,Hospital Bed,,500
lacrosse,end table and coffee table,00N0N_d5t9qSe0tJ6,
lacrosse,Tv stand/cd shelf,00S0S_fLiZDtIzCt5,30
lacrosse,Curio cabinet,00303_1GXkePB5G6I,200
lacrosse,"barn wood tables, benches and more ( New lower prices for summer )",01111_6u0lHgNNri2,
lacrosse,OLD CHILD'S ROCKER,00D0D_cyvFqjJhlo6,35
lacrosse,Decorative headboard,00v0v_99fKcEGUF2e,10
lacrosse,Love seat Excellent condition,00n0n_gkvLZ9ktlEE,40
lacrosse,Solid Oak Entertainment Center,00j0j_gb70JT6Elel,275
lacrosse,"""Ice Cream Parlor"" chair",01717_f0j6HJ2QFln,100
lacrosse,Flexsteel 3 piece chair set,00H0H_iNkgkr1FGWF,225
lacrosse,Entertainment center.,00707_fsritEc56BC,400
lacrosse,Glass case shelf cabinet,00303_jQ6WCH2tzBe,200
lacrosse,TWO INDUSTRIAL SCHOOL ADJUSTABLE FORMICA TABLES,01111_4FJmPWBQTbY,35
lacrosse,**New Mattress GIVE-AWAY only at Mattress Outlet Lacrosse**,00o0o_jK8omMqSVA3,
lacrosse,**New Mattress sets starting at 129.99! No credit needed financing**,00d0d_2kUQCMoAW44,
lacrosse,**Bed Set give away Only at Mattress Outlet Lacrosse**,00N0N_kimPeJy2yE4,
lacrosse,*New Queen Mattress sets starting at 279.99! No credit needed financin,00o0o_2h8Jz261zMN,
lacrosse,Maple table,00r0r_kxgypcQ4ISn,40
lacrosse,Octagon Table,00F0F_f8qsj5S5JmS,60
lacrosse,Folding Table/end table,00000_9yofSIbT0c8,60
lacrosse,Card table with retractable mechanism for legs,00303_gADmKwdqnvd,50
lacrosse,Card Table/2 drop leaves,01313_ivDm2zd85Un,60
lacrosse,End Table/Oval with glass top,00z0z_a9aStmFF0y,15
lacrosse,Tobacco Stand w/humidifier,00R0R_gJUrUzuAaQS,100
lacrosse,Patio Table and 4 chairs for sale,00202_j9aVVqcXUob,180
lacrosse,Solid oak entertainment center,00L0L_kJSzsacbu0D,
lacrosse,Stylish folding lounge chairs,00404_fvowMlQ7a9l,10
lacrosse,Magazine end table,00606_jHIm1OeBcZe,10
lacrosse,"card tables, kitchen table",00F0F_izjre5bmtTa,10
lacrosse,Love Seat,00D0D_GPNJxPYmOp,125
lacrosse,Solid oak hutch for sale,00303_blpCKfdrM4M,250
lacrosse,solid entertainment center,00l0l_46aVLa6MNx6,75
lacrosse,OAK TABLE//2 CHAIRS,00a0a_dNzLLaO0Ngq,125
lacrosse,Bar stools,00U0U_4Wu7hDIjY3j,20
lacrosse,Nice old fresser,00p0p_fnGuImhIjql,60
lacrosse,Ashley king size poster bed frame,00404_l6k8OM9sAMZ,875
lacrosse,Pearsall Style Lounge Chair,00v0v_kqpSLL5qhXP,275
lacrosse,Reclining love seat,00P0P_bQUZP6UeJKu,125
lacrosse,Oak Rocker,00909_6pLvJbvAkJe,75
lacrosse,Bunk beds,00N0N_6VA1evAaeSy,100
lacrosse,Table,00y0y_5IabhQ3bMB3,25
lacrosse,Queen bed,01111_huvDV2pYUsJ,175
lacrosse,New Mattress $0 Down no credit needed,00C0C_jY8KjKTobqC,
lacrosse,New Mattress set$0 Down no credit needed up to 12 months interest free,00d0d_2kUQCMoAW44,
lacrosse,comfy chairs,00303_7iRx24UmTVJ,15
lacrosse,Mattress Set $0 Down no credit needed up to 12 months interest free,00c0c_9XYGjgqSpIO,
lacrosse,**New Mattress sets starting at 129.99! No credit needed financing**,00d0d_2kUQCMoAW44,
lacrosse,**New Mattress GIVE-AWAY only at Mattress Outlet Lacrosse**,00o0o_jK8omMqSVA3,
lacrosse,**Mattress Give-Away valued over $500**,00d0d_2kUQCMoAW44,
lacrosse,Church altar and pulpit,01010_3uPxIKz6B60,150
lacrosse,2 beds/ portable washer,,100
lacrosse,Rocker for sale,,100
lacrosse,STEEL DESK,00I0I_bHwIWLjYri6,75
lacrosse,Table Lamps (2),00t0t_2fROmWd9KMN,20
lacrosse,Shelf - Repurposed pallet wood metal shelving. $85 OBO,00m0m_9rBKu5WdAVH,
lacrosse,Log Furniture,00B0B_bkkTFpCdMlf,
lacrosse,Reclining Loveseat,00x0x_f7mDAiffaIF,300
lacrosse,Matching side chairs from Ashley Furniture,00W0W_lgqahJY63A0,250
lacrosse,Wall decor and shelves,00f0f_dkgZDM96ttJ,20
lacrosse,Bissell,01717_cHxLuVdg1A3,20
lacrosse,OBO Invacare Hospital Bed,01010_7kG1UPaDewE,300
lacrosse,Inflatable Packer Couch for sale,01313_aJZCfdJJXxY,175
lacrosse,5 stools,00l0l_jth1hMoiXPX,475
lacrosse,Recliner $30,00f0f_2W7oCeRzau3,30
lacrosse,Tan micro fiber couch,,120
lacrosse,wing back chair,00303_b2PXOjcclfR,75
lacrosse,rocker recliner,00W0W_cNev78kNmOO,50
lacrosse,Queen size bed,01111_huvDV2pYUsJ,175
lacrosse,Queen size log bed for sale,00S0S_dYICvtI8ywk,500
lacrosse,Sofa - FREE!,00O0O_blYCklihcPe,
lacrosse,Adjustible electric Bed,00808_8dfgcMVNiZA,200
lacrosse,Charming China Hutch,00K0K_cOaHtm9CGvm,450
lacrosse,Power lift chair,00A0A_69LMOVqHLKX,650
lacrosse,Antique Bank desk Unique,00M0M_ky7c7IvDhLB,250
lacrosse,Distressed vintage dresser,00808_i6xJHOOlN7E,140
lacrosse,Leather Top Coffee Table,00u0u_fsxK5GR9DM8,45
lacrosse,Ansel Adams framed prints,00g0g_5kga4qWDE5J,10
lacrosse,One of a kind stool and guitar stand,00k0k_5YQSILX2Qqn,225
lacrosse,captain wheel twin xl beds,00l0l_9zdlo4OORG1,250
lacrosse,"Chair, ottoman, and throw pillows",00t0t_iX3Dk6GNEyf,50
lacrosse,Solid Wood Drop Leaf Table and Chair Set $100 OBO,01313_hIV2AFR9mSo,100
lacrosse,Cabinet Stand - Workcentre Multifunction Printer,00D0D_kfoAKvdqW6u,90
lacrosse,Desk,00101_s425e441ul,25
lacrosse,Chair - leather swivel and tilter,00R0R_9Yyja3TfqKn,50
lacrosse,Refinished Dresser & Night Stand,00M0M_4DNVUaWcTKN,230
lacrosse,Dinning Room Table and Chairs,00808_jZjzl38mHhK,300
lacrosse,Oak Entertainment Center TV Cabinet,00G0G_2PdNZM97sIN,15
lacrosse,4' round glass table,00D0D_ilb0lObUaDy,50
lacrosse,Dining room table /chairs /leaves,00O0O_8Y4phg0QPFW,150
lacrosse,**New Bed sets starting at 129.99! No credit needed financing**,00N0N_kimPeJy2yE4,
lacrosse,**New Queen Mattress sets starting at 279.99! No credit needed financi,00o0o_2h8Jz261zMN,
lacrosse,*Mattress Give-Away valued over $500**,00o0o_jK8omMqSVA3,
lacrosse,Couch and End Table,,100
lacrosse,End Table,00D0D_iyZhfTjV552,1
lacrosse,Round Glass Top Patio Table,00A0A_gZndrEXPxAC,2
lacrosse,Corner Entertainment Stand,00j0j_4Pac3PN48r2,200
lacrosse,China Hutch,00C0C_cuPNTmSM6Hb,150
lacrosse,Queen Head Board,00m0m_1aYnsLyWci6,200
lacrosse,Twin Head Board,00J0J_6aZ1Rn9Upez,50
lacrosse,Quilt Stand,01111_3BmBzKxCcG3,25
lacrosse,Shelf,00N0N_dF9AaZnYkPN,10
lacrosse,Twin mattress and foundation for sale,00o0o_eZGxpOzjWrF,40
lacrosse,Couch,00x0x_k5PKHs1IRAi,40
lacrosse,King Headboard.,00E0E_5JhFsKrNHrA,80
lacrosse,Sofa,01515_fOjvlQv6CnQ,15
lacrosse,New King Mattress Set! $0 down no credit needed!,00N0N_6q1dPTa5Ykx,
lacrosse,New Full Mattress Set! $0 down no credit needed!,00y0y_KLAaBG1vdN,
lacrosse,Electic 2 seat recliner,00X0X_7Fk0y6KZH5A,350
lacrosse,New Bed sets starting at $129.99 $0 DOWN NO CREDIT NEEDED,00y0y_KLAaBG1vdN,
lacrosse,TV Stand,00b0b_7Qvk7tfWJBt,75
lacrosse,Lighted Oak Hutch,00000_adzBH8S9Hw3,60
lacrosse,Large Oak Dining Room Table w/6 chairs,00E0E_fNvYaqxX5cC,900
lacrosse,Living Room Tables,00707_7JcOMTktqFq,75
lacrosse,Custom Kitchen Island,01111_RhQkgSG4kO,500
lacrosse,Twin XL  Custom made Mattress & Box Spring,00D0D_9dMPgTxIXcQ,130
lacrosse,"Patio Table, 6 Chairs, Cushion, and Umbrella Stand",00202_jp8tm1KrqZh,250
lacrosse,Wall Table/Plant Stand,00Z0Z_7VWAPYUmpWf,30
lacrosse,Jewelry Chest,00t0t_5FvAIEQggJb,100
lacrosse,Wood Bookcase,00v0v_PGMz2YbbBC,150
lacrosse,Grand Father Clock,01414_3WTBXGeWwr1,75
lacrosse,Work Bench/Tool Bench,00707_7B4V3dXs3W0,125
lacrosse,Extra Large Mirror,00C0C_jFosnOnGD7I,225
lacrosse,Karastan Area Rug,00000_2nlKduPZWVg,1200
lacrosse,Couch,00Z0Z_7tXd8YzMKnn,350
lacrosse,Kitchen table,00L0L_5yjn2GBTc7X,25
lacrosse,Rug 8x6,00202_2NLgLqLDkag,100
lacrosse,Circular Area Rug Large,01717_kfOe9gnocgz,200
lacrosse,Recliner,00X0X_721sBAOjFJy,100
lacrosse,Brand New Platform Bed Frame with Drawers,00000_gIa9YVDYBZv,399
lacrosse,PRICE DROP Antique (circa 1920's) French Provincial Clawfoot Desk,00D0D_3rAHxHbR5R6,550
lacrosse,Rug,00Y0Y_e36O0UK79LA,125
lacrosse,Cypress Table- Vintage and Collectable!,00A0A_cwj2qS45Wue,100
lacrosse,Full size pine futon frame,00303_bsGwDQMYV4O,40
lacrosse,Bumper pool/Poker table,00v0v_eiXZFedRUwS,100
lacrosse,AB LOUNGE - LIKE NEW,00K0K_hTcy1dTBzto,55
lacrosse,New Couch,00k0k_1SZ4De8dyXw,225
lacrosse,Cedar chest Reduce Price,,170
lacrosse,Brand New Bed MATTRESS OUTLET LACROSSE,00606_1sVb07TdUhI,
lacrosse,Mattress Give Away! @ Mattress Outlet!!,00S0S_2b6OM3FkqIW,
lacrosse,Lovely Oak Table,00o0o_lppsbsBvQ2w,35
lacrosse,twin size bed,00j0j_fjByb1262QP,25
lacrosse,Lift bed,00303_idc46jZPY4t,500
lacrosse,2 person couch,00s0s_6DGNpV8qTZc,20
lacrosse,New Bed Set / Mattress Set No Credit needed,00N0N_kimPeJy2yE4,
lacrosse,TABLE with PEDESTAL BASE,00z0z_3HYuIuCCm5k,90
lacrosse,Aromatic cedar live edge coffee table reclaimed drift wood driftwood,00l0l_lihAkeQaoQR,225
lacrosse,Chair - rocker recliner (green) from Ashley Furniture,00d0d_aNJgxC7vr2j,100
lacrosse,Oak Dog Kennel Crate,00Q0Q_kj79uJAzeB5,250
lacrosse,5pc Chairs,00g0g_8P38c1DZdZG,50
lacrosse,Oak desk w/hutch slideout keyboard,00P0P_aUk3gQim3aH,180
lacrosse,Queen mattress - adjustable air bed,,50
lacrosse,Papasan chair frame only,00k0k_23PVGOXPZw6,10
lacrosse,Twin Mattress,00Y0Y_1jHt01jMTEj,5
lacrosse,Toddler bed $40 obo,00Q0Q_aKaUvZipVc0,40
lacrosse,Nice dresser with mirror,00r0r_4ExJYEpFnAN,100
lacrosse,Bears Recliner by Imperial,00z0z_9FSEAe0t5x6,450
lacrosse,Office Furniture,00X0X_1Yzv3hxYlHY,300
lacrosse,Kitchen Table Set,00M0M_aaqTWGdzEB,70
lacrosse,Brand New Sleigh Style Bed Frame,00h0h_d3ZCnQGQsvU,225
lacrosse,Brand New Reclining Sofa/Couch,00N0N_96gr6304Pun,675
lacrosse,Brand New Leatherette Bed Frame,00w0w_74CFk3EaJJQ,185
lacrosse,Solid oak end tables,00303_1rsvRuMDsLY,80
lacrosse,Mattress and Box Set give away! Only at Mattress Outlet Lacrosse,00N0N_kimPeJy2yE4,
lacrosse,DINING ROOM TABLE WITH TWO CHAIRS,00t0t_biNiZqNyGdG,100
lacrosse,Leather oversized chair!,,50
lacrosse,Dining room table,00u0u_kxasBMbdYvM,50
lacrosse,"Corner china cupboard, oak",00t0t_dmWgEZA51iN,400
lacrosse,"TV cabinet, oak - good quality construction",01717_6lRbMuicKKa,75
lacrosse,White pine TV cabinet,00O0O_krcFDCRlFdB,75
lacrosse,Head Board,,75
lacrosse,Dining Room Table and Chairs,,150
lacrosse,New Bed / Mattress Set full / king / queen $0 DOWN,00P0P_7ljTqIwzdgZ,
lacrosse,Green 3 person living room couch,00h0h_cwVESuQN3Cb,150
lacrosse,Outdoor swing love seat,00707_900vJi6mYy1,125
lacrosse,Loveseat - Upholstered,00l0l_3LezH0FRpmA,75
lacrosse,2 Piece China Hutch / Cabinet Solid Oak,00u0u_3XsZDHyanDF,400
lacrosse,Crib/toddler bed,00o0o_cEId6TVXfIX,40
lacrosse,2006 Solar Storm tanning bed,00z0z_lQVoQeT8HT8,500
lacrosse,"Samsung 55"" 3D Slim LED HDTV",01515_8T8XGvHKfmH,950
lacrosse,"Used Twin Bed Set - Frame, Box-spring, & Mattress",00W0W_ewlOSAYjpwm,175
lacrosse,Hydraulic Work Bench,00b0b_kSDqMGsf0or,400
lacrosse,Rocking Chair,00r0r_8m1xvF3cKtX,50
lacrosse,Glass and wood finish end and coffee table,00g0g_dCuWNcxBcV9,50
lacrosse,Solid oak T-V cabinet,00b0b_30wiomKbVp3,85
lacrosse,Oak Cabinet,00Q0Q_avUVaI1P8ob,150
lacrosse,Solid Oak Dining Set,00R0R_ds8P9GM3M1Z,300
lacrosse,Lazyboy Lift Chair - New Condition,00y0y_6TEz8foARwG,600
lacrosse,office furniture for sale,,5
lacrosse,Small couch great shape,01010_ig5LGaQGMx5,225
lacrosse,Gel fuel fireplace,00A0A_kfEJjBwE3SH,100
lacrosse,**New Mattress and Box Set Give-Away!** Only at Mattress Outlet,00N0N_kimPeJy2yE4,
lacrosse,Custom Designed and Handcrafted Wooden Bench,00u0u_7pO5JT0WxEk,150
lacrosse,Box spring queen size 5 inch,00P0P_duIV0rlftHX,25
lacrosse,Mattress Give Away **Only at Mattress Outlet of Lacrosse**,00A0A_eAysc8Q40Ac,
lacrosse,Bed Set Give away **Only At Mattress Outlet of Lacrosse**,00n0n_1dH33I2qRpt,
lacrosse,New Mattress No Credit Needed!,00u0u_l1nvsqR8Fpl,
lacrosse,**New Mattress and Box Give-Away!** Only at Mattress Outlet,00u0u_l1nvsqR8Fpl,
lacrosse,New Bed Give-Away! **Only At Mattress Outlet of Lacrosse**,00u0u_l1nvsqR8Fpl,
lacrosse,Furniture,00h0h_iCbcm76fI6F,20
lacrosse,Matching Couch and chair,01010_k7vAxIyunmA,150
lacrosse,Lounge chair,00D0D_hhsFDePul1M,25
lacrosse,Dining set Ethan Allen,00C0C_ayIj6gp128,349
lacrosse,Sofa,00s0s_d8UvrW0nhZX,800
lacrosse,Bissell,01717_cHxLuVdg1A3,25
lacrosse,Futon frame,,35
lacrosse,Tv stand and end table,00J0J_af37DlQizdI,75
lacrosse,Antique Victorian furniture set,00g0g_kLMJwg6dMBK,700
lacrosse,IKEA red book case and storage,00m0m_66krTA92L8V,225
lacrosse,Dining room table/chairs/china cabinet,,999
lacrosse,Metal file cabinet,00h0h_330HptyPNeO,25
lacrosse,Dinning Room Table,01212_eT5m912YeY,400
lacrosse,Fouton,,40
lacrosse,Entertainment Center,01616_9aYWlUapRJp,1
lacrosse,Entertainment Center,00G0G_3ffDVVKBjh9,50
lacrosse,Bluetooth speaker,00Q0Q_3GTCIeTp6UA,20
lacrosse,Tall cupboard,00E0E_H0xbZISEjs,30
lacrosse,Rocking Chair,00z0z_aXShc26ZTdV,20
lacrosse,Rocker/Glider - Like new,00m0m_eJtj95mOCGP,50
lacrosse,Antique sewing rocking chair,00E0E_bFMb8vTic0F,15
lacrosse,beds for sale,,
lacrosse,POKER TABLE,,250
lacrosse,Leather Couch,00000_cPwCeA9V2EB,
lacrosse,Hide-a-bed sofa,00303_dboqdk86l1N,100
lacrosse,King-sized mattress and box spring,00g0g_2dhHbTkCXYX,1400
lacrosse,King-sized mattress and box spring,00g0g_2dhHbTkCXYX,1400
lacrosse,Couch and love seat,,75
lacrosse,Rustic sofa table/desk,00h0h_86uV03QKkKZ,80
lacrosse,Oak pedestal dining room table with leaf and 4 rolling chairs,00404_7YVB7Rac5GZ,125
lacrosse,Hide-a-bed couch,01717_d5Tx86SRfo2,50
lacrosse,Zero Gravity Chair with Side Table,00606_5GygEvu7iHI,45
lacrosse,Desk,00I0I_gFrfwk8WYLB,50
lacrosse,Nikken mattress topper,,250
lacrosse,Sofa & Chair Set,00x0x_iNjtBJoSHMq,100
lacrosse,Entertainment stand,00o0o_5SUInpZkDxG,50
lacrosse,leather love seat and chair,00101_kemWDqVPeQ6,300
lacrosse,6 counter top stools,00T0T_dz4kzrUlhrf,120
lacrosse,Solid Oak Curio Cabinet,00g0g_aakDjrqH3Nw,125
lacrosse,Entertainment Center,01010_jijsYK5QXp8,85
lacrosse,computer chair,01616_rhUJxGtWHo,30
lacrosse,Bar height stone table,00202_eucQzoYIzBJ,300
lacrosse,Piano $50,00R0R_fanryQJoEXP,50
lacrosse,Dresser,00R0R_87PRHQf0LsS,40
lacrosse,upholstered carved chair,00d0d_k5g3apVa6hM,125
lacrosse,Thomasville Dresser,00Q0Q_32WAipSlBGC,150
lacrosse,NEW BUNK BED $0 DOWN,00e0e_e3JAYZ0kPZ3,
lacrosse,Jenny Lind crib; wooden highchair,00k0k_nDXpqXJzgU,150
lacrosse,CHERRY LOCKER UNIT-NEW-CUSTOM MADE,00i0i_9mJ4jpyHPG7,1200
lacrosse,Chrome craft dining table,00g0g_2G1lbg2onYs,80
lacrosse,Twin mattress and box spring,00b0b_ksw4kbN9Zox,100
lacrosse,Hutch For Sale,01414_dOwRh0gWKxl,100
lacrosse,"OLD AND VINTAGE FURNITURE: wicker sofas couches, chairs, dressers, etc",00303_fkPn5uJXrIj,
lacrosse,Mattress Special,00M0M_cJvQ0s1P9rI,
lacrosse,NEW MATTRESS HALF OFF,00M0M_cJvQ0s1P9rI,
lacrosse,Mattress Special,00M0M_cJvQ0s1P9rI,
lacrosse,New Bed Set,00M0M_cJvQ0s1P9rI,
lacrosse,Coffee Table - Bronze Glass Round Top,00b0b_8lfowHVhViv,50
lacrosse,Mid century modern chairs,00v0v_3TKOnzNuR7z,15
lacrosse,New King Set,00L0L_fQ0aNmDc45A,
lacrosse,Vintage end table /night stand,00v0v_fTVnmhMBu7U,30
lacrosse,New Mattress set 50% off,00M0M_cJvQ0s1P9rI,
lacrosse,small Ikea table,00F0F_6weXqnafuSS,30
lacrosse,set of 4 stackable side chairs,00303_gc1yWhc0Naj,200
lacrosse,New Queen Bed,00E0E_cWyPQJZEajo,
lacrosse,Full Bed Set,00808_le9ubdU1bNS,
lacrosse,New Mattress,00808_le9ubdU1bNS,
lacrosse,Chair from Pier One,01212_dKXftNXTUus,20
lacrosse,Desk,00H0H_7NdAgV1x2r8,20
lacrosse,Refurbished rocking chair,00E0E_3O25aXwNPeW,55
lacrosse,Reclaimed Oak Barn wood Bench with storage under,00L0L_2Io1bKmKsH8,250
lacrosse,"Westwood Design Stone Harbor 4 in 1 Convertible Crib, Cloud",00a0a_kyEZdoRfBuj,300
lacrosse,Recliner sofa kitchen table,00707_e9ooW3Qrgrk,1
lacrosse,12 months interest free financing with up to 50% off your Dream Select,00A0A_ibT5DCPHffu,
lacrosse,50% off new mattress sets ! No credit needed financing,00E0E_gygu8JXDXHH,
lacrosse,Ready for a better nights sleep?,00404_3waf62cKCXN,
lacrosse,New Queen Mattress sets at affordable family pricing,01313_3mGJ5GG9Y1f,
lacrosse,New King and Queen Mattress sets at Mattress Outlet,00d0d_5dCurDVWQkK,
lacrosse,New Queen Mattress sets at affordable family pricing,00404_f7v5ogCoFCs,
lacrosse,No credit needed 12 months interest free financing available!,00d0d_5dCurDVWQkK,
lacrosse,Ready for a better nights sleep?,00A0A_eAysc8Q40Ac,
lacrosse,"Pub height woodent table, two chairs two stools",00u0u_huuVSevkvFf,400
lacrosse,Ceiling Fan + Light,00909_7PGKMeA2Rk7,
lacrosse,New Mattress Set,00Z0Z_1nVFTANkq5E,
lacrosse,Box spring and Frame,00909_hblGM4ZTxzc,40
lacrosse,Mission style rocker,01313_lGSn0OWxzpc,25
lacrosse,Coffee Table+End Table.,00W0W_4n7M89Q0hMK,100
lacrosse,$0 DOWN NO CREDIT NEEDED FINANCING (Gillette St),00F0F_6u6LYV6ZmPB,
lacrosse,Brand new queen size mattress for sale $150.00,00I0I_bXRujO4V4yJ,150
lacrosse,Twin Mattress Set $0 down!,01717_eGEsTxbdf5b,
lacrosse,Current Back to School Special for students/ 50% off new mattress set,00N0N_a6vMewK83n5,
lacrosse,"Leather office chair, black",00Z0Z_jHEbF68bhmb,200
lacrosse,New Mattress Set,00x0x_a8gwA3FTUHK,
lacrosse,New Twin Bed,01313_3mGJ5GG9Y1f,
lacrosse,Wanted good twin xl mattress,,
lacrosse,Indoor/Outdoor Chairs (2),00a0a_axY3NwkMUZZ,50
lacrosse,Century sofa and loveseat,00G0G_5xMoheN0DuL,300
lacrosse,Indoor/Outdoor Chairs (2),00a0a_axY3NwkMUZZ,50
lacrosse,Century sofa and loveseat,00G0G_5xMoheN0DuL,300
lacrosse,$0 DOWN NO CREDIT NEEDED FINANCING (Gillette St),00F0F_6u6LYV6ZmPB,
lacrosse,"Everyone deserves a nicer, newer mattress!",00F0F_6u6LYV6ZmPB,
lacrosse,Current Back to School Special for students/ 50% off new mattress set,01515_lwCsTb07g4U,
lacrosse,Current Back to School Special for students/ 50% off new mattress set,01515_lwCsTb07g4U,
lacrosse,Twin Mattress Set $0 down!,01717_eGEsTxbdf5b,
lacrosse,Twin Mattress Set $0 down!,01717_eGEsTxbdf5b,
lacrosse,Current Back to School Special for students/  50% off new mattress set,01515_lwCsTb07g4U,
lacrosse,"Everyone deserves a nicer, newer mattress!",00F0F_6u6LYV6ZmPB,
lacrosse,$0 DOWN NO CREDIT NEEDED FINANCING (Gillette St),00N0N_a6vMewK83n5,
lacrosse,$0 DOWN NO CREDIT NEEDED FINANCING (Gillette St),00N0N_a6vMewK83n5,
lacrosse,"Everyone deserves a nicer, newer mattress!",00F0F_6u6LYV6ZmPB,
lacrosse,Current Back to School Special for students/ 50% off new mattress set,01515_lwCsTb07g4U,
lacrosse,Twin Mattress Set $0 down!,01717_eGEsTxbdf5b,
lacrosse,Excellent Condition Sectional,00l0l_iAPLEB511Mz,1400
lacrosse,Wood Bench,00y0y_aCPF0B01faC,130
lacrosse,Entertainment Center,00505_ijgmXd3AUQJ,150
lacrosse,42.5 x36.5 inch mirror,00A0A_36yhxVCbwVB,125
lacrosse,Custom Table,00G0G_g7XUyFYxpU8,50
lacrosse,Kitchen Island,00101_dMIlHeLfsY3,85
lacrosse,Bookcase/Dvd holder,00D0D_eLB4pQ4I0BU,15
lacrosse,Loft Bed,00000_67ET9U5oj3K,25
lacrosse,Barn wood shelf and wine rack,00H0H_46YMJcomQKb,20
lacrosse,Aqua Slingback LawnChair,00U0U_hrtArBhn8O8,25
lacrosse,Custom Solid Oak bar,00x0x_4nJhR88T4Fa,1500
lacrosse,Grandfather clock,00R0R_lvRGSZouDFQ,850
lacrosse,"Beautiful, solid wood mirror",00U0U_kOHslICnaI9,90
lacrosse,"End table - fancy, decorative, restored MUST SEE",00K0K_aj9rZ8MA8cn,35
lacrosse,Hand built baby cradle,00S0S_5A8pglG0MQd,100
lacrosse,"Grey Couch, just cleaned & re-uphohlstered in 2016",00000_7fyG12r8f0F,250
lacrosse,twin bed mattress and iron frame,01717_bcCWx3mwHTy,75
lacrosse,twin bed mattress and iron frame,01717_bcCWx3mwHTy,75
lacrosse,Quality Amish built log furniture,01313_hyej270rXBS,1
lacrosse,Padded wicker storage bench,00n0n_gDs2fVKWlOI,75
lacrosse,4 month old bed queen size bed set.,00o0o_iKhecOuGT7r,400
lacrosse,"CHAIR, DINING ROOM - PRICE REDUCED",00h0h_jU10YHiWyWD,50
lacrosse,"ROCKER, WOOD - PRICE REDUCED",00101_eSJ59SF8ksl,50
lacrosse,Fruit wood Coffee and End Tables,00e0e_KQe9ysIFpb,350
lacrosse,WICKER ROCKER - PRICE REDUCED,01212_ktCj24rwiKY,50
lacrosse,"CHAIRS, WOOD (2)",00606_cIvBM3kJN3e,60
lacrosse,"CHAIRS, PLUSH (2) - PRICE REDUCED",00U0U_qVY3qDAsNN,50
lacrosse,Solid oak TV cabinet,,300
lacrosse,Bunk beds,00202_hBmg4oEKHnh,75
lacrosse,Log Bed Frame Full Size,00E0E_eGNXxQp11i0,60
lacrosse,T.v. stand,00L0L_ahHFXcdPkU8,20
lacrosse,PolyWood Outdoor furniture,00p0p_iFO4ZqZ0NFp,85
lacrosse,8 Bentwood Chairs,01111_2jsgy9TpcXT,145
