logan,Sofa,00R0R_gTdqpzLRFex,695
logan,Dinning room table,00909_7JHtjE931uk,550
logan,Black Wood Cubby Shelf / Bookshelf / Shelving Unit,00A0A_k7l190WApFv,25
logan,Simple Black Desk / Vanity Desk,00s0s_fEV8hZUFwc2,25
logan,Farmhouse Dresser,00x0x_avBiaRw7Vbe,150
logan,FREE *new* Queen 8.5 inch Box Spring,00D0D_ipVvZHZ49Pr,
logan,Coffee/Card Table,00L0L_j7auhCHdPZr,85
logan,Refurbished Coffee Table,00k0k_k7DT0TOB22Y,70
logan,Chair and Loveseat,00p0p_8VLN3jXXle4,100
logan,Beautiful Dining Room Table,00101_6SExVzr8F3n,100
logan,Rolltop desk,00k0k_H67BfF8k2L,35
logan,Kitchen table tops and stand,00N0N_jlaJINdwCXI,60
logan,Black 4 drawer chest drawers,,10
logan,3 person leather couch,00l0l_gJe0JTOXw4p,200
logan,8 Inch Twin Memory Foam Mattress *BRAND NEW*,01717_bnWF1Cw1SEb,100
logan,Two leather high back chairs,00000_1ga6jucwkVI,250
logan,Belgian Shrunk,00Y0Y_5j673n5haNj,3500
logan,Dining table,,650
logan,"SÖDERHAMN Sectional, 4-seat corner GRAY",00i0i_l0DyfD0ndab,500
logan,Futon,01616_jC0LqBBNWBb,50
logan,Leather Chair,00a0a_4axLocssZm8,75
logan,Rug. Large Persian Area Rug,00606_8LALkRVN8HI,2900
logan,Handmade in India Jute Area Rug 6' X 9',00b0b_efOAH5iJ0zh,100
logan,HARDWOOD ENTRY TABLE EXCELLENT CONDITION,00t0t_8ySh62hAR3U,85
logan,Grey Sectional + Ottoman,00r0r_4wBf9PcXjkz,900
logan,Sofa,00R0R_gTdqpzLRFex,695
logan,Hope Chests,00I0I_b5G1kn693tR,70
logan,White IKEA desk with shelf and compartments (Salt Lake City),00E0E_6m59GMwqMCO,50
logan,Grey Sectional & Ottoman,00r0r_4wBf9PcXjkz,900
logan,Nice student desk,00c0c_5WrT3T7Au2M,75
logan,Wooden Spool Table on Casters,00j0j_6oBa3Xq5OyQ,15
logan,Restaurant quality Chairs,00L0L_a06DBk9leXX,30
logan,Gray Tufted couch *brand new*,00A0A_e4dCrAmpkzL,750
logan,Large File Cabinet,01111_7YWNsGQpe0t,20
logan,Office Waiting Room Chairs,00Z0Z_gVQRoRIonUQ,10
logan,World Market wood couch bench daybed,00m0m_7pJ935LJlxO,
logan,Sexy Leather Armchair,00404_a4lz4x8vigW,80
logan,Sofa,00R0R_gTdqpzLRFex,695
logan,Bariatric Hospital Bed with trapeze bar and base,00T0T_dUs8FXHppp7,800
logan,Two Beautiful Antique Chairs,00E0E_bEpx0uPfLJ8,150
logan,Comfy Maroon Couch,00N0N_asQErfzmTcH,50
logan,"New 6"" Queen RV Mattress",00J0J_dKQYwhV0H3a,65
logan,Vintage School Desk,01313_jclKvoXnKuU,25
logan,Sharper Image Robotic Massage Chair,00C0C_dOv5cYMwoIy,800
logan,Sofa,00f0f_gZt0qgwykp,695
logan,Computer  desk,00202_bNvqmOtCBcL,30
logan,Cute white desk,00U0U_810aWYpwF4b,50
logan,dresser,00y0y_2ws0HHJnhlI,90
logan,cute white dresser,00J0J_eltIAiwzzI5,70
logan,Cute baby changing table,00x0x_8p6Y7lSRH1x,50
logan,Sauder Barrister Lane Corner Entertainment Stand In Salt Oak,01515_9Jes3GD9Dp9,150
logan,Rustic Framed Mirrors,00z0z_cxM2oslRHiL,100
logan,Framed Mirror,00O0O_a1ZKUM724iU,50
logan,Box spring full - almost new,00i0i_6KWCwn6CEoq,129
logan,Vintage Drexel Kensington Fuax Bamboo Tallboy,00505_OfRWXwKZxE,399
logan,counter height table and 6 chairs,00303_ihfmscsAtOj,500
logan,Vintage Drexel Kensington Fuax Bamboo 3 in 1 dresser,00G0G_bs938FujS8W,399
logan,3 -White 3 shelf organizer,00B0B_dvtnEkxTvN3,20
logan,throw rug,00H0H_kxXYBosds9T,30
logan,End Table,00s0s_jr8CIMiIWWD,30
logan,Shelf brackets,00j0j_92Dhch3GaUE,75
logan,Floral Couch,00c0c_bUzZxy26IDp,75
logan,Western Store lighted Display Cases (2) and reclaimed lumber table,00o0o_hs58UuddjJp,450
logan,Hide-a-bed Couches,00909_d0NqGJPiBOw,300
logan,Set of 3 Light Oak Swivel Bar Chairs,00m0m_6nunIdfe1SS,75
logan,Nice rug- gray and white,,200
logan,Quilting frame,00R0R_8ksgbt4CQh9,200
logan,Couch and Loveseat,00u0u_AFsjnCtRzY,500
logan,Solid wood dresser,00b0b_hcEX7G8Rubi,200
logan,Sell your furniture!!!,00202_irQeJ6QoeMj,20
logan,Sturdy Wooden Shelves,00o0o_DPphSHJ230,15
logan,Large Framed Café Art. Beautiful Quality,01717_dJEInx38WDY,20
logan,Beautiful Brass Lamp,00w0w_d8RugLops26,25
logan,Black Wood Entertainment Center,00W0W_fZyBdxuph3b,75
logan,Double Pillowtop Mattress & Boxspring,00000_kWpAFHj9wpD,140
logan,Antique Sleight Bed,00V0V_d1e6aEohe96,150
logan,Full Boxpring,,75
logan,Beautiful 5 ft. Solid Walnut Pillars / Columns,00606_76MF1F57hE2,200
logan,Wood Cabinet,00U0U_8bNBaWn9T9z,20
logan,Soild Oak Chest/cabinet,00b0b_gbT5swnUTY9,10
logan,lighted curio cabinet (new price),,450
logan,Small Decor Mirror,00000_6kEjiMRImig,5
logan,King Size Memory Foam Bed,00e0e_ewpmUd0XGIj,100
logan,Couch,00H0H_b7WnJZ15amf,150
logan,small couch for sale,00j0j_bZf3wPp2pkr,40
logan,Cloth Lift Chair,00707_5cJPSGzl3Lz,200
logan,Couch for sale,00j0j_3zuSShSDuTs,40
logan,Leather Couch Sectional,01717_clOrntjWzDb,350
logan,Cabinet,00v0v_dE1wGkH8lWI,50
logan,Head Board,01414_jzbY1DMj1Ti,75
logan,Ethan Allen Armoire,01414_dhiVgMPV3ZB,250
logan,Human Touch Massage Chair with Matching Ottoman,00G0G_1YHOc2FbamQ,500
logan,Like New Electric Fireplace with Mantle - Electric Heat,00Q0Q_6T8i7GDK0DM,600
logan,Oversized couch,00c0c_dTLK08fmhAf,100
logan,Night Stand,,75
logan,Pair of Compass End Tables,00N0N_hxxPk9xBmO5,70
logan,Pair of End Tables,00x0x_iVRmKxNf8iM,35
logan,Black Glass tv stand,,100
logan,Infinity Home Speakers,00K0K_8897cS7B66w,100
logan,Decorative clay Pots,00l0l_i4ERjAtYo1G,40
logan,Chairs,00w0w_hYvPhOR4NoW,20
logan,Farmhouse Coffee Table,00303_gaHw8Imsi4Y,175
logan,Upcycle ready nightstand,00y0y_2CqrtrL13Jr,20
logan,Queen Bedroom Set,00707_i9CmFSCVD6S,500
logan,White 2 Piece Sectional,00L0L_kKlVNC9T1Uf,200
logan,Brown Microfiber Sectional,00k0k_6TThMUvLi6S,500
logan,Windows (pella),00303_8Nm9XQxvRSD,100
logan,Nice recliner with claw-feet,00n0n_2CXrav0P15s,40
logan,Brand new Good To Go 5 Shelf Bookcase,00x0x_ffFt6yyJOXX,25
logan,Bed and nightstand,00202_dAOTEL1zxLv,285
logan,Ikea queen bed frame,00t0t_3Wvb8zCR2l4,100
logan,Table and chairs,00n0n_3QhiR7vEGy1,95
logan,TV Stand,00Z0Z_aR1rRXjTxRC,300
logan,"Platform Bed, Mattress...Queen",00Y0Y_7zkF8VBH6q5,130
logan,Reclining swivel chair and Ottoman,00m0m_2Of46wbiOgZ,25
logan,Bed frame + mattress,00e0e_1O8SEQJtQEP,20
logan,Desk chair,01010_2GEyHLXV6Tw,10
logan,Desk,00O0O_k78jjaKSSy6,50
logan,2 leather couches and chair with ottoman,00Y0Y_cubs1RyE6Yq,1100
logan,"62"" Toshiba flat panel television with matching stand",01414_iYQRxBvpgzV,350
