monroe,Pair of corner book cases,01212_8e9lCzBR4gx,84
monroe,Queen slay bed with beautyrest pillow top,01717_2YJIpqWug75,400
monroe,Bookcase,00m0m_3ZWMV6FeiRy,49
monroe,Metal Bunk Bed,00i0i_1gDKwLdoHSQ,39
monroe,Ceramic bar with two stools,00I0I_3vFC5l83qDo,
monroe,Kitchen or dinette table with 4 chairs for sale,01313_6XpCnnQnuv8,
monroe,Real wood Coffee table and two lamp tables 3of,01616_1cSLgqGN5UE,125
monroe,Pier 1 wicker furniture,00y0y_11n4mDiwYuU,
monroe,TODDLER BED (with Mattress),00D0D_5e4GR75cyWB,25
monroe,BED RAILS (Full-Queen Sz.),00f0f_a0qbHt0XQ6F,30
monroe,Entertainment center,00L0L_50OHmjX3iQ4,300
monroe,LazyBoy Chair & Queen Sleeper Sofa PLEASE  LOOK,00Q0Q_4zTI0HFadzy,200
monroe,White Antique Bed ~ Full Size $85.00,00101_oASkdV1GSA,85
monroe,Vintage footlocker,00K0K_kr1tuN1BC5s,80
monroe,Custom Farmhouse Furniture,00s0s_2pJXOSFnRyi,150
monroe,Farmhouse Rustic X Tv Stand,00Z0Z_ap2exQK0Ihh,180
monroe,Farmhouse Rustic X Matching Coffee Table & Side Table,00B0B_8xDR1hcTNXT,230
monroe,Desk-Like New,00d0d_imi1DsY8oa4,100
monroe,5 Rot Iron Chairs,01010_ef8zpoR2iiI,150
monroe,Red swivel chair,00h0h_ga2OlV0i5tw,25
monroe,Coffee Table and End Table,00j0j_azu5hmDWMA6,35
monroe,Display Case,00P0P_kgoX40bZJ22,35
monroe,Twin Sized Lounger/Sleeper-NeutralStainResistant Fabric 75x35x32,00N0N_gXxAlNz4jWB,250
monroe,BEAUTIFUL COFFEE TABLE & MATCHING END TABLE,01515_6i53EvDpW59,300
monroe,Living room furniture,01414_7DSMdCkzIZj,400
monroe,Computer desk,00606_aPqhVrpsz52,30
monroe,Antique recliner and love seat,00H0H_aFYTMgTWNJD,160
monroe,Vintage Kingsize  bed frame and kingsize mattress,00p0p_dQfk5qo19hu,200
monroe,tan microfiber couch,00Z0Z_eRHEB5QzxA7,150
monroe,"Couch, coffee table, two end tables",00j0j_hsM6IpcIC9P,250
monroe,Coffee table,00o0o_6yr1lSXMNex,42
monroe,Solid wood computer desk,00t0t_bzkfxLfHj6d,100
monroe,Vintage solid wood chest,00r0r_cwTJAJHHQkI,80
monroe,Vintage full size wood bed,00Y0Y_3Vxf5fhKS6S,130
monroe,Vintage twin size iron bed,01616_i4HHjRibYcX,100
monroe,2 Bar Stools,00b0b_6tjDyTBtFUL,78
monroe,Sectional Sofa,00E0E_jK84jMnKiPD,282
monroe,Sofa,00v0v_8Db3jCziDkq,128
monroe,Chaise 75x35x32-Lounger/Sleeper-WoodAccents/StainResistant Fabric,00N0N_gXxAlNz4jWB,250
monroe,Sofa,,128
monroe,Metal Office Desk,00202_gQt39kXS5mM,29
monroe,Full mattress and box spring,00G0G_guHZtw0fYiz,99
monroe,Distressed White End Table,00R0R_j6b9Mtrde8p,22
monroe,Beautiful Wood Bunk Bed Set,00r0r_lA6pKSUkzfl,199
monroe,Leather Chair & 1/2 Recliner,00G0G_aHzgLN3LXvE,475
monroe,Entertainment Stand,00101_fU0Q1K4EaHk,47
monroe,Matching end tables,00000_3iCDQu9vxCT,42
monroe,Makeup or Jewelry Vanity,00n0n_4DzzSe0rgba,40
monroe,Twin Mattress,00E0E_iR8M1Pt0E3i,52
monroe,Two couches,00H0H_iyQkebiQtJf,350
monroe,We giving away FURNITURE and SALING FURNITURE this Nov.3-4;8am to 8p (,,
monroe,Desk,00g0g_i42QmrPoofG,50
monroe,Breakfast Table,00303_8uQgAs5tX0T,75
monroe,Table,00l0l_4ZUPDE9YKs5,75
monroe,"ANTIQUE MIRROR MANUFACTORED AUGUST 2,1960",,55
monroe,POWER RECLINER,,75
monroe,4 Poster Rice Bed + Mattresses  ` KING Size,00q0q_42Bg3YBd6yO,650
monroe,Large Shelf,00q0q_lW2kyJkBCV9,39
monroe,Sofa Couch,00X0X_2l6NzvCU5e9,100
monroe,Coffee Table w/ glass inserts,00909_kwqpIHJtT8h,150
monroe,cypress knee table,00303_1gNLYuMwcNA,75
monroe,Vintage full size bed,00P0P_Wrgcoe9rbj,130
monroe,Vintage full size bed,00s0s_lMcVkvnqdO0,140
monroe,Vintage twin size bed,00b0b_kjFZ6tZf7m2,125
monroe,Victorian Chair,01111_8T3tFTOIGRa,79
monroe,Chairs for sale,,150
monroe,"King Mattress, Box Springs , Frame",00z0z_czC0NAmz5vQ,175
monroe,BEAUTIFUL DINING TABLE,00i0i_2cHo1uzMXsF,300
monroe,BEAUTIFUL DINING TABLE,00i0i_2cHo1uzMXsF,300
monroe,Dining Table,00d0d_2Y1OfOSGwAB,200
monroe,Gun cabinet,00o0o_bGW8WMftlqZ,150
monroe,Armoire,00l0l_1uEisvwnCx1,150
monroe,Heirloom Quality Hand Crafted Furniture,01515_7GbIrbtPxcq,1
monroe,"Pre Civil War style Swing Bed . Fall SALE, $100 off reg price",01313_88eCsEnHjyJ,650
monroe,Joanna Gaines-Magnolia Homes Desk and 2 Chairs,00F0F_jvTReRGdBaQ,400
monroe,King Bedroom Set,,600
monroe,Coffee table,01616_g3PNOag8vZP,75
monroe,Rug,01414_lvMviP9ZWDN,75
monroe,TV Console,00F0F_4dqbVoDYlZ4,125
monroe,Kitchen table,00t0t_40LSTPj2BBZ,175
monroe,Bedroom suite,00P0P_eebzKXHwHkH,400
monroe,queen size mattress set,01313_5XeEvd3vR5X,130
monroe,lighted armoire,00U0U_fdJ5NvQ6X4o,225
monroe,Free brown leather couch fold out bed with mattress,00Q0Q_1CUIsdJgHod,
monroe,Suede sectional,01010_igirKlzQoVn,425
monroe,Bed rails for Queen or full bed rollers ALSO 30,00H0H_hNy3s9u5rEw,30
monroe,U Shaped Office Desk,00T0T_dNagIGRLXrW,750
monroe,Legend Woodworks,00d0d_i10igO07mBv,
monroe,Vantage French provincial bedroom set,00m0m_fJlzLK0LwmA,450
monroe,Office Furniture,00i0i_5E0GHFgCUg5,5
monroe,Coffee Table,00Y0Y_hV65W4waU27,70
monroe,Need to Sale ASAP Queen Wicker Bedroom Set - $1300,01717_ajkJsh8ow4O,1300
monroe,Wingback Chair,00F0F_4vWrAK0QbBL,36
monroe,3 Shelf Black Glass Entertainment Center,00N0N_aP5fBi8Q2kR,75
monroe,Twin Mattress,00T0T_lAZsdrXex1V,50
monroe,Tv stand television stand Grey,00m0m_4YZsb2lWTpl,10
monroe,Raw Finish Handmade Palette Table,00w0w_3ndojSydnTc,200
monroe,Handmade Wooden Benches,00B0B_iLqbtws33D8,100
monroe,Cypress Stump Side Tables,00t0t_j4l3ObnabGi,500
monroe,Beautiful Vintage Round Solid Oak Dining Table on wheels,00X0X_hfIOpIc8vwF,125
monroe,4 Dining Chairs,00u0u_aEjl1jNmsaC,72
monroe,Chest of Drawers,00H0H_lMkK4zMdzL,67
monroe,Small White Chest,00e0e_iqGXJPgg4Q2,42
monroe,Recliner,00t0t_1u5uLYCYtKi,49
monroe,Dining Room Server w/ Wine Rack,00303_6bqoVcU84U8,450
monroe,Iron Queen Headboard,,62
monroe,Solid wood bar stools,00z0z_9KhHZOyTGNp,185
monroe,Wrought iron chandeliers,00V0V_85qYcLOyBIt,300
monroe,Western Sofa Table,01515_hw2k3ZMEOKz,75
monroe,"Broyhill TV cabinet, purchased at Haverty's",00X0X_8A2sIdaV1sa,500
monroe,Indonesian Teak Porch Rocker,00J0J_6cmo9dEivoz,325
monroe,5-Drawer Tall Dresser,00e0e_7XUC8EcA9iX,175
monroe,Set of Chairs,01313_euyMGHYvmgL,59
monroe,Custom made chain Chandelier 37K retail,01212_cOXtyax8UCV,18000
monroe,Cypress Swings and Chairs,00000_dbYAFOMvAId,
monroe,Custom LSU Art,00J0J_kfhCHnjerTs,60
monroe,Full size mattress,00v0v_c9AEjn9xo5g,57
monroe,"""Hexagon Aquarium"" LED's",00z0z_bItvYNaCODV,200
monroe,Twin cot mattress,00d0d_9ScmI2gY3MI,19
monroe,Vintage Singer sewing machines plus serger,00s0s_229ekXRB62n,35
monroe,Wooden Double Bed,00j0j_7baHeZ5xNGv,75
monroe,Vintage living room or den furniture,00808_c0eLtLGAOEP,200
monroe,BROWN WOODEN FISH TANKS,00Z0Z_1ryGlc57z03,1
monroe,Vintage Full size 4 poster bed,00H0H_lcSRh9coOHu,300
monroe,3 Wood Bar Stools - Brand New,,125
monroe,Everything MUST GO!,00s0s_lOnGWIiRwNK,
monroe,Bar Stools,00Y0Y_dPihxEx4x7W,25
monroe,Dining table & chairs,00Q0Q_lcRUVOaaJ7v,600
monroe,Sectional,00P0P_h7G1qL8mLzk,500
monroe,Coffee Table,00k0k_hkUe79InvAO,29
monroe,Curio cabinet,00Q0Q_5aBBtJWpMkt,250
monroe,Power lift recliner,00t0t_2gEGxUpnkJ6,300
monroe,Nightstand,00m0m_5QS5K9sbxZy,45
monroe,Dresser with mirror,00h0h_kuPRsAWjk2O,175
monroe,Kitchen table - 4 chairs,00s0s_l1eG6Hqs3Qr,200
monroe,Brown Leather Couch w/ 2 Reclining Seats,00U0U_fvdAzpN75TU,750
monroe,computer desk,00Z0Z_1dequjJ8RwS,90
monroe,Japanese style tables,,100
monroe,New recliner,,600
monroe,Large Drafting Table,00x0x_9K1gcj2UHzy,150
monroe,Purple Signature Design by Ashley Table Lamp,00g0g_XsaEt6M1xE,30
monroe,Arbor/trellis,00K0K_iiBsyWlyJlr,125
monroe,Desk,00W0W_it5kC40VkVy,20
monroe,Wooden furniture,00z0z_2E0W6fZPeb1,
monroe,Office Desk,01313_kNjWRtHMjc5,350
monroe,Looking for furniture,,
monroe,Brown coffee table glass top Havertys,00c0c_crZKfUeQ3eM,35
monroe,TV Stand For Sale (Real wood) * TV NOT FOR SALE*,00000_c4ixJ99lesx,150
monroe,3 piece sectional sofa,00T0T_1RMQLkPIrY5,900
monroe,Posed Girl wall hanging,00o0o_1LP6s4XofIx,75
monroe,Wrought Iron/ Glass Vase,00r0r_cuOKn3gSbGx,50
monroe,Table/matching Lamp,00101_7omj4fj5poB,50
monroe,Tapestry/Iron Lamp,01111_bElWnESOUP3,50
monroe,Canvas Print- French Quarter,00J0J_f1oRT5KdPr8,75
monroe,(2) BLUE CHAIRS  /  standard size but I used in Travel Trailer,00X0X_iCGyAgD3a24,25
monroe,Sofa,00C0C_2V2MjBncqrg,109
monroe,Sectional sofa,00909_9eWgD8OZoPs,200
monroe,Wood End Table,00808_aHFUECpA7d2,30
monroe,Metal/ cloth chairs,01414_dqr2VQMKVr4,30
monroe,Conference/ Dining Table,00P0P_jiq4vkqwoLK,200
monroe,Glass Top Table,00s0s_c6e0TYZAwP7,20
monroe,**Refinished Dresser**,00I0I_hbSOIMyGIy6,225
monroe,4 PC Bedroom Suit,00t0t_1WOavgDSkDp,165
monroe,Drop leaf buffet,00A0A_jN37aXpj0XX,179
monroe,Mid century dresser,00909_dQhoAUwtDws,165
monroe,Brown 3 seat couch,01717_6K8twRsYaph,60
monroe,Quilt rack,00G0G_dnNXXsYEV7R,20
monroe,6 NEW Pier 1 Red Ladder Back Chairs ** REDUCED!**,00e0e_5ntISZ7v76B,475
monroe,Coffee table,00u0u_1nKiD41on6D,60
monroe,table and chairs,00i0i_kFFE7vPvRF0,30
monroe,Old furniture,00M0M_aIgfrVPQuwg,200
monroe,Queen size bed 3 piece,00R0R_54FFyKhTTMz,375
monroe,Like New 2 piece set,00Z0Z_ftCLBL0Rm4r,675
monroe,Saw mill services,00b0b_jEGbM194lN2,
monroe,(2) BLUE CHAIRS  /  standard size but I used in Travel Trailer,00X0X_iCGyAgD3a24,25
monroe,slay bed with a beautyrest pillow top mattress,00x0x_fq3lniAygI9,400
monroe,Recliner,01414_6t4Bxl8YOxs,60
monroe,TV/stereo cabinet,00G0G_3N8fV7EHoPo,90
monroe,Patio furniture set,00A0A_5kx9O4xC2wU,700
monroe,Reduced Price! Antique Buffet,,400
monroe,QUEEN Canopy bed,00Y0Y_ezvkLOg5VRz,650
monroe,50 gallon bow aquarium,01212_2Ub6ucLGZn5,220
monroe,Dressers,00A0A_oxGgzLuugg,160
monroe,Two dressers,00V0V_dFoHfCAEa93,100
monroe,large wooden dresser mirror,00b0b_9PVqJB3o1q,30
monroe,china cabinet,00R0R_d4Kc5vhNq9V,100
monroe,recliners,00E0E_cvvCTsw6Dcx,100
monroe,Vintage chairs,00404_bZxpwGHPAsq,400
monroe,"Cabinets - great for office, home, garage, storage",00d0d_gBIcNfPpcIf,
monroe,Barely Used couch,00H0H_7CYnPAqo3w2,200
monroe,Entertainment console,00u0u_l75qpLWuay9,65
monroe,Used Recliner Sofa,00M0M_hyp8u1h7N3j,100
monroe,Foam mattress & box spring,00H0H_fOR9qdbabGI,230
monroe,Retro Style Booths Set,00F0F_kchD5seQYnp,
monroe,Dining table and chairs,01010_3exe4E984R1,45
monroe,Oversized couch and chair,00A0A_2gCYtoEZtMy,150
monroe,Vintage Coffee Table on wheels,00z0z_ggg4vlaqLnf,75
monroe,Couch,00b0b_3A0tlxM0Jsb,350
monroe,King Size Headboard,00J0J_dhYKfBK84Od,100
monroe,Entertainment center,00g0g_fRwJHzW4wmt,140
monroe,His and hers bathroom sink,00m0m_hG1ttFf8yEV,100
monroe,Love seat (reclining),,30
monroe,2pc Sofa and Love Seat,00d0d_2UrkfzsNWeM,500
monroe,King size mattress,00m0m_iFrMApn81DH,150
monroe,Full size bed,00C0C_1Okqlh7YSos,150
monroe,Misc.furniture,00404_hcSyk5BcQVp,100750
monroe,End tables - rustic X,00C0C_jjsXaV0xIFt,125
monroe,Must go!,01212_77UCtTS8m2g,30
monroe,Beautiful antique chest of drawers,00w0w_cMaztaULdzx,275
monroe,Dressers,01717_kS9XMwbPFfS,180
monroe,Full size bed and ac unit,00C0C_1Okqlh7YSos,150
monroe,Lift chair,00O0O_2N6JO8lvQqY,700
monroe,Table & Chairs,01616_ghCyOfeyD0I,500
monroe,Brown 3 seat sofa,01111_k2NtQa3jLvK,70
monroe,Gun cabinet,00606_jtcoH8k9g2j,250
monroe,Vintage twin size metal bed,00f0f_66a9NjJkKyk,125
monroe,John Deere Tractor Stool,00U0U_iEkWg0Rg4eX,75
monroe,Kitchen Island,00O0O_g4RS2fGz8OF,
monroe,Antique 3 Pcs. Furniture Set,00r0r_60xv1JxPHPh,900
monroe,Custom Farmhouse Furniture,00b0b_lK0D3VGd8Dz,
monroe,Gorgeous Kingsize 3 pc bedroom set,00202_kmkMNTLBtPQ,999
monroe,Beautiful end table,00T0T_boV4dr1SNRN,250
monroe,Shag Rug,00W0W_bALBK5b47uI,180
monroe,"Dresser, table with chairs, twin bed etc",,1
monroe,Book shelf / TV stand,00W0W_4S4yDsLHSMK,75
monroe,Box spring (king size) (brand new),00e0e_ct09GvoVDFS,99
monroe,8 Foot Spencer Marston Pool Table,00M0M_hqZWiHBiaO3,950
monroe,Mirror,00F0F_9dlRGCfYnBI,30
monroe,Single bed,00Z0Z_9DO4fvkOXki,75
monroe,Vantage full size spool bed,00o0o_7IwLVzm4gJZ,125
monroe,Armoire,00n0n_9LEapuvwQ4j,100
monroe,Queen bed frame {brand new},00d0d_f5rbtcKrrbw,275
monroe,"Cedar Chest, Toy Box or Storage Bench on wheels",00o0o_drdC6w048QJ,65
monroe,Farmhouse coffee table,00U0U_9e8AK8lweua,200
monroe,Handmade wooden furniture.,00404_iW4fwSdfgnj,150
monroe,Pillow Top Queen Size,00202_cn6DF9fOi95,300
monroe,4 pub/bar chairs solid wood,00Z0Z_hOR0TGmqO0H,99
monroe,King Size Mattress,,75
monroe,Black Reclining Couch $400 OBO,,400
monroe,$5 furniture at Americas Best Value Inn,00r0r_fNbIOdiCLBF,5
monroe,King size bedroom suite,00w0w_2Nih0C5CvKC,900
monroe,Living room set,00M0M_9T97iGf7Cmc,800
monroe,Leather Sectional (reclining) couch loveseat sofa,00101_lE1zpWEabSa,500
monroe,Bed - Full Size - 4 Poster - Antique,00g0g_iFWPWst6GkV,450
monroe,Baker Furniture Dining Set 22K Like New Condition,00o0o_cQNNPibM94E,14000
monroe,Coors Light Quarter Keg Grill,01212_8wPWdvaUmxm,175
monroe,Gold Accent Chair,00J0J_dugVnOnWS9j,24
monroe,6' bakers rack,00C0C_dRVZPbyHcUl,60
monroe,Solid Wooden rustic dining table and 4 cushioned chairs,00s0s_cZOb6pjSlVb,200
monroe,all kinds of stuff,00z0z_9Z46n3xq7QC,250
