northmiss,Hand Made Adirondack Chairs (Fall Clearance),00W0W_jJATQDExr73,65
northmiss,King size Sleigh Bed covered in Leather,00A0A_7OD4GEndoZM,250
northmiss,Extendable Dining room table set,01111_gSt7Uh5zq5t,475
northmiss,Dining Table/Chairs,00w0w_iOdhrXsoT3m,150
northmiss,Custom Handmade Aromatic Cedar Chest / Hope Chest / Storage Trunk,00303_iHHVeDwo3hn,350
northmiss,KIMBALL desk,00y0y_i7OdR6NRiN3,250
northmiss,End Tables (60.00 each) And Matching Lamp (20.00),00808_2WOZHLyKzrJ,60
northmiss,Spice Rack Vintage Style,00F0F_7anBsnMD0CD,25
northmiss,Quilt Rack in Vintage Coral and Weathered Gray,00l0l_dJgCe38PCt5,35
northmiss,All Wood Entertainment Center,01616_arjlm0LegMu,100
northmiss,Custom made desk,00U0U_aKrwaAZCE7k,200
northmiss,Dining table and chairs,00U0U_6ojVDmqgJMi,100
northmiss,Sectional (chase),00u0u_kzvj2JzGGjX,200
northmiss,"King tempur-pedic mattress,boxsprings,headboard",00s0s_e4jBo06SGSF,1100
northmiss,Armoire,00101_gxduar0dw9g,100
northmiss,SOLID OAK TABLE AND 8 CHAIRS,01010_5znthf2BRat,750
northmiss,CHINA CABINET,00f0f_DiakaoAAcI,275
northmiss,KING SIZE BRASS HEADBOARD / FRAME,00000_4wEeew9qejx,85
northmiss,FULL SIZE CANOPY BED,00m0m_lBWtvr2BL0E,125
northmiss,GLIDER ROCKER,00j0j_8twvI3WRGAK,85
northmiss,settee,00t0t_kRPrqTqbqpA,400
northmiss,BAKER'S RACK,00s0s_gzqA9YICtOL,145
northmiss,Foyer / Dining Curved Painted Storage Cabindt,00202_ZrI0KZgslD,75
northmiss,French Provincial Credenza TV Stand,00I0I_iwdDKzbDXRk,125
northmiss,Solid Oak Shelf,00s0s_3HfnGg8HK8n,40
northmiss,2 Iron Frame Wicker Stools,01414_kEZu73zlpUm,60
northmiss,New Queen Upholstery bed and mattress set,01515_8lQXV8pHseK,379
northmiss,New  Queen Size Bed,01616_b3UhWQ6a7mt,250
northmiss,Wine Rack,00r0r_8j3oj1OF2vW,75
northmiss,Chest of drawer nice white,00m0m_cSkUHafX7Hj,65
northmiss,Oxford MS,01414_9hmH941BVAA,
northmiss,Kitchen Set,00a0a_au1RFMN28Mr,300
northmiss,Twin bed for sale,00f0f_4QkN0WTKnVQ,50
northmiss,Lift chair,00101_b0FNGrczGd2,400
northmiss,4 POST QUEEN RICE BED,00J0J_47RkqbpJhI,450
northmiss,TV Hutch Stand,00808_KqSvjwo5OW,50
northmiss,Couch and Loveseat,,200
northmiss,Entertainment center in good condition,00o0o_kCxsvqNxTg0,50
northmiss,Couch and Pillows,00k0k_6NmaMwlLDCI,100
northmiss,Leather Sofa,00i0i_8Ae9efbOByH,250
northmiss,Windmill fan and rudder,01313_6qYjcUC2wsB,295
northmiss,Windmill Fan,00101_gom7RkWycaL,85
northmiss,reclaimed wood coffee table,01717_gdHlEHfmoby,95
northmiss,Farmhouse bench or coffee table.,00z0z_bcqSbhwBVKN,95
northmiss,Queen Size Ashley Furniture Sleigh Bed,,500
northmiss,Wood/fabric barstools,00K0K_hWqQjmYJ3cg,300
northmiss,Farm table with bench and three ladder back chairs,00y0y_8ChLdQso0Ds,700
northmiss,~ COUCH ~,00M0M_fugfc8UPvhc,50
northmiss,* COMPUTER/WRITING DESK,00V0V_454yzQFlY60,75
northmiss,New High End Office Furniture,00G0G_cLGb4FykqZK,3500
northmiss,Gorgeous glass and 100% cast iron coffee table,00606_bsfD4ZOQT9W,350
northmiss,Table,00b0b_3zHnNqZmwfp,85
northmiss,SIDEBOARD,00h0h_df39EXfW1c1,225
northmiss,FARM TABLE,00s0s_82uQ3YQCwFN,250
northmiss,"Twin Mattress, Box Spring, frame",,80
northmiss,Table and chairs,,200
northmiss,Large Corner Desk with Drawers and Cabinets,00o0o_eKQWsuG95yU,60
northmiss,Ashley Furniture Brown Recliner,00a0a_dkcMT0Bobwp,60
northmiss,Solid Wood Wall Mount Knick-Knack Shelf,00P0P_juVKhJH7WD9,35
northmiss,Blue/Mauve/Creme Couch,00N0N_dbvVbLTqKlj,300
northmiss,Blue Recliner,00E0E_lpv7w8z2FlY,150
northmiss,Large Brown Recliner,00S0S_bwAt1UPi86A,175
northmiss,Small Footstool,00i0i_8soEKc9aIS2,15
northmiss,"Mauve ""Swivel"" Recliner",00x0x_jrWpSOlijpq,150
northmiss,Buffett,00K0K_87DG6GiNaZ1,200
northmiss,Solid Wood Desk,00202_8qIsW2Pjja9,50
northmiss,"Huge, Vintage, Solid Wood Rocking Chair",00u0u_l8rr16otsZv,60
northmiss,Beige Rocker Chair,00E0E_1HRJMtqpjkj,100
northmiss,Solid Wood Coffee Table,00A0A_bZyCpuE7ZL8,40
northmiss,Bedroom suite,01515_ha6dnWHJopS,1800
northmiss,Custom furniture,00Q0Q_geFtMMfaMxB,
northmiss,Queen Bedroom 4 piece set,01313_bDdPbNkFYlK,650
northmiss,leather recliner loveseat with cup holder 275.00,00000_boldpaLVRcd,275
northmiss,Rustic And Charming Custom Made Bed Frame.,00909_1K7uhuubw7D,400
northmiss,WARDROBE,00p0p_cj3rTZYONNg,225
northmiss,DRESSER,00l0l_g6MxxvkOHpV,225
northmiss,Brand new King Sealy posturepedic mattress. In plastic,00a0a_42jPFuMol45,500
northmiss,1 month old red sectional set,00r0r_GnsCpnyxQH,700
northmiss,Hand made furniture,00I0I_8ecuuF8uVzW,350
northmiss,ROLL TOP DESK,00303_dTP5wVy7tvQ,125
northmiss,Chest Drawers  TAKE AN EXTRA 10% OFF,00Y0Y_gwhfhL6DjAD,103
northmiss,Chairs Kitchen Four or Rocking Chairs TAKE AN EXTRA 10% OFF,00000_4wnupMATQkr,75
northmiss,Chest Drawers,00Y0Y_gwhfhL6DjAD,115
northmiss,coffee table,00U0U_4Otujm6QLZq,300
northmiss,RED SECTIONAL FOR SALE OR TRADE,00V0V_bXIdo0E13rG,125
northmiss,Pottery Barn Pine Entertainment Center,00q0q_aY5pngNS2Zg,200
northmiss,"Beds, dresser, vanity, antique fur storage unit",00303_6vrpuJODDLP,2500
northmiss,Tiger Print Rug on Heavy Leather Cowhide (Reduced),00E0E_92zyJbpicdC,150
northmiss,CB2 couch,00p0p_6qC24uLfqj5,50
northmiss,Queen Bed w/Mattresses/Pub Table with 2 Chairs,00O0O_dM8Fw4ZgZDk,300
northmiss,Dining table with 4 chairs,00N0N_1ziBsNYfHvL,400
northmiss,Rustic X TV Console,00000_8i8jARG6GSj,315
northmiss,SHERILL SOFA,00404_f7Ezn47XsPC,350
northmiss,California King mattress,01414_4TJKEOTFbod,50
northmiss,Ashley Furniture Leather Couch with Double Recliners (ivory color),00j0j_21RmaO85leV,900
northmiss,mattress,00909_e11AGJgkrrO,
northmiss,curio cabinet,00G0G_cBRwkHroySv,150
northmiss,couch,01717_jIUGtcG4CXL,300
northmiss,3pc matching set,00k0k_ic7afX0G31Y,1200
northmiss,couch,00l0l_kY2bhUhRSwo,300
northmiss,Big Man Lift Chair,00D0D_kuw3nA13VJQ,600
northmiss,3pc matching set,00k0k_ic7afX0G31Y,1200
northmiss,Farm tables,00F0F_kiqZtetTw3U,350
northmiss,Loveseat,00202_aQtgIWlFCSp,50
northmiss,Loveseat for sale,00y0y_3m4XBAvid3A,50
northmiss,Roll top desk,00000_kCJ9etCB8sy,50
northmiss,Roll top desk,00c0c_66ZzTcbIF4n,50
northmiss,"Dresser Set, Stanley Furniture",00v0v_4Z7gwKG9kvl,350
northmiss,5 Piece Pub Table,00j0j_8j3Jr8Pt3Gf,350
northmiss,Coffee table and end tables,00606_8U3Tgs6sKKp,150
northmiss,table and chairs,01717_3BAmbANASbh,175
northmiss,dining room suite - pewter and glass,00V0V_dfmVrW8aWVn,595
northmiss,2 Love seats in Brand new condition,00000_jr1qp5pzmiE,175
northmiss,BEAUTIFUL BIRD LAMP,00q0q_9uPN3zKiskI,50
northmiss,BOOK CASES,00Y0Y_rAToLWoEox,45
northmiss,Donati Office Chair,00S0S_eUbx32FkzsU,75
northmiss,Haworth Lively Task Chair by Haworth,00Y0Y_4bbHvLQ6Lj,115
northmiss,Large Ivory-Color Cocktail Table,00e0e_eFHyJOxx0We,125
northmiss,4 Office Chairs (Extra Wide Seat),00d0d_5kKfxFqdO3J,30
northmiss,BEATIFUL LIGHTED CHINA CABINET,00000_7E7dVnehFRg,175
northmiss,Ashley  Sectional Sofa with Sleeper and Dual Recliners,,1000
northmiss,TALL CHEST OF DRAWERS,00b0b_640B8XFI4pW,175
northmiss,Mud Room / Entry Bench,00A0A_dfzGN4Nco7f,500
northmiss,Toddler bed/ next step after crib,00N0N_g4tljHfu86Y,50
northmiss,solid wooden kitchen table,01111_bkBPflxxNTg,150
northmiss,Red Booth,00c0c_GqfPCoBB2r,350
northmiss,Corner cabinet with full set of crystals,01111_erp9Ou0rC1V,500
northmiss,Office Desks,,75
northmiss,Coffee Table,00M0M_1gzBZXimvng,50
northmiss,Kitchen or dining Table & chairs,00U0U_jY8QMdSn2jL,200
northmiss,Dining Table/Bakers Rack,00e0e_irPh0GCFgqH,15
northmiss,Circle table with 6 chairs,00b0b_4kqcjckYO9z,300
northmiss,Schnadig Dining Room Table,01414_77tVgPEvM6I,1500
northmiss,Cabinet pantry storage- new,00n0n_iNm96ySWdsl,113
northmiss,Sofa & Love Seat,01717_1t99LeEXt3M,200
northmiss,Sofa - Couch - NEW - Farmhouse,00U0U_1mP52lsJzLd,400
northmiss,Oak entertainment center,00N0N_bgLrjzodNF,100
northmiss,Bedroom Set,00Z0Z_drWBkZ85jQU,800
northmiss,Industrial Rustic Three Shelve W/ Steel Wheels,00B0B_22mcPyhw8Ac,125
northmiss,Entertainment center,01414_dTL91Y6xms5,25
northmiss,2 pc sectional,00404_59mgFHwxckD,300
northmiss,Handmade pallet furniture and decor,00l0l_9IJIhLnnHJd,1
northmiss,Mid-Century Inlaid Bench/Table,00U0U_eaosKGH67tt,250
northmiss,Maple Dining Chairs - $150 Set of 6!!,00d0d_9SkuUY1gBQ3,150
northmiss,Hand-made Table from Recycled Pine,00k0k_dWvz7FQe3lo,300
northmiss,Furniture!!!,00k0k_hWVcZgoGnDB,1200
northmiss,TABLE AND DOG BED.,00202_66v6NW9WZ7C,100
northmiss,Gun Cabinet,00Z0Z_hqrxPhwMEJF,100
northmiss,Well built dog house with metal roof and sealed wood siding,01212_hcEJowuVcyL,225
northmiss,Antique Bench,00R0R_17tvQrEbves,100
northmiss,BUFFET &   CHINA CABINET,00z0z_8vKR7cB30ha,425
northmiss,Cafeteria Table,00g0g_fXdaipPnfz,75
northmiss,Antique Oak Square Table,00A0A_18srzNtaq4e,185
northmiss,"Futon Set (Couch, Chair, Coffee Table)",00A0A_4NVYuFQOC0U,400
northmiss,Dining Room Table and Chairs,00p0p_iiRloBeaI2T,75
northmiss,Black Piano Bench w/ Storage,00707_7i42NSBPZx8,20
northmiss,Farm tables,00F0F_kiqZtetTw3U,350
northmiss,Mattress & Box spring,,20
northmiss,Brown Leather Chair,00m0m_4yCjJqIq0fC,60
northmiss,Hand Painted Dresser,01414_5sladPhVMS5,180
northmiss,California King Purple Mattress,,1200
northmiss,Curio Cabinet - Lighted- Light Oak,00P0P_1MTGxoAtu3B,100
northmiss,Book Sheld,01111_4DFXIPIiv8o,75
northmiss,Sofa loveseat and chair,00707_8RAQdELQrzn,40
northmiss,DINNING TABLE & 4 CHAIRS,01111_kpjCbofabHf,165
northmiss,Yellow Natuzzi swivel chair,00X0X_3B6CnxLQgbF,100
northmiss,Chaise lounge,01616_9HzKVOnLyi2,125
northmiss,PRICE DROPPED TO $600-BEAUTIFUL EXECUTIVE DESKS,00J0J_aBeGaF6d5t4,600
northmiss,HEAVY METAL FILING CABINETS,00B0B_dcAUadSnRFr,75
northmiss,2-door shelved Metal Supply Cabinet PRICE REDUCED,00d0d_8hIAwOw0CQv,30
northmiss,Ashley Funniture Breakfast/Dining Table and Chair,,100
northmiss,Love seat,00707_3OIF1IfmV6s,75
northmiss,Glass coffee table,00303_hagNenSwFof,40
northmiss,"Coffee table, 2 end tables, & sofa table",00H0H_lOUxIPwKn9u,275
northmiss,Box Springs SET OF 2 ( king size),00a0a_1ppCRtavP2K,40
northmiss,Sofa& Loveseat Set,00A0A_bSlAJoXW0xx,300
northmiss,All types of music stuff,00U0U_d8Y2ud6tVtH,1
northmiss,Flag Furniture DEALER in Amory posting in By Owner Section,,
northmiss,Flag Furniture DEALER in Amory posting in By Owner Section,,
northmiss,Roll top desk,00k0k_gBIEhEcL67r,550
northmiss,SEAGRAM'S VO BAR MIRROR,00F0F_42jeQITdqqx,40
northmiss,NICE 2 TIER DRESSER FOR SALE,00a0a_3Euga84X7CM,40
northmiss,Queen Anne style coffee table,00y0y_jhKaF9iNakL,60
northmiss,Small Breakfast Dining set,01717_24So0q043cF,140
northmiss,COFFEE TABLE,01212_9d7IYdaEAVI,95
northmiss,WARDROBE,00c0c_4n9PxYITiLz,300
northmiss,Maple finish desk,00r0r_gDGANdvfa0D,30
northmiss,Chair $18 Couch $39,00b0b_74D0VefQiNb,18
northmiss,Solid Oak Twin Bunk Beds,01313_6LRXzNU67sB,500
northmiss,Antique Children's Dresser & Chest,01111_ciKG1Wqibpg,250
northmiss,China cabinet,00B0B_bX0w9mNriln,400
northmiss,Wanted - wood bunk beds,,
northmiss,CHAISE LOUNGE,00909_cppumoceq5F,100
northmiss,"L-shape desk, Queen size bed, TV, leather chair for sale",00t0t_brxi2cCipPZ,
northmiss,queen adjustable base,00x0x_8iO8IUOvnr3,400
northmiss,Twin bed with mattress and nightstand,00i0i_bwoBQGAckMe,200
northmiss,(3) Matching Bar Stools,00u0u_eFcKWoeTJwc,85
northmiss,Brand new sleigh bed,,400
northmiss,Outdoor Adirondack Cypress Bench,00A0A_ahrBucHih8T,199
northmiss,UNIQUE CARVED WOOD BEAR STATUE,01212_hA4BYJADY5I,20
northmiss,Modern mid century style sofa - Ceni by Article,00J0J_7raWRr08Wkg,750
northmiss,China cabinet,00B0B_bX0w9mNriln,400
northmiss,Brand New Sofa / Matching Love Seat Sets,00J0J_cWdR9qbwGdF,399
northmiss,Custom furniture,01616_5aluw18pvUE,
northmiss,Pallet swing,01414_3q2KRmf1x7X,40
northmiss,Farm tables,00F0F_kiqZtetTw3U,350
northmiss,Like New,00707_7cHIGsVGZkm,1500
northmiss,4 kitchen chairs,00Q0Q_8qu8OF1vT0u,90
northmiss,Comfy Maroon Couch,00T0T_94K26nftg4v,100
northmiss,Queen Bed Rails,,30
northmiss,Power Sofa/Recliner,01010_js4cmBSWQ53,500
northmiss,"SOLID OAK DINING TABLE 40"" ROUND WITH LEAF",00p0p_kNETXlJ658I,65
northmiss,Church pew ends,00p0p_fAWA2HTiRUV,10
northmiss,Iron and Crystal Chandelier,00b0b_5DzrCb427kK,45
northmiss,Chair & Ottoman for sale++,00s0s_2ffBL323DgQ,1015
northmiss,Bar stools,00k0k_hhpr7fOcLBE,50
northmiss,Beds,00202_1VxlLf8Vtd9,
northmiss,New Hand Made Farm Table!,00606_foT3OtKblI,500
northmiss,Dining Room Table,00f0f_Dp2HkulC2l,250
northmiss,Kids or Childs spiderman recliner,00p0p_hGvDfaBuWQO,69
northmiss,Four Bar Height Bar Stools,00k0k_8M4pYhoeDRD,80
northmiss,Couch and Love seat,00p0p_2MQpiP5PE5O,250
northmiss,Two cute little barstools,00U0U_h1gQYZd3dge,30
northmiss,Office desk,00l0l_a5Cj9d3tix,225
northmiss,kitchen table,00G0G_kQDTHwZui5D,250
northmiss,Rocking Chair,,65
northmiss,Big Comfy Chair,00Z0Z_klgmF6Z82z5,55
northmiss,Handcrafted Solid Wood Side Table with Cedar Top,00P0P_8jgUIpdVo11,55
northmiss,Handcrafted Solid Wood Cedar Top Dining Table,00V0V_81gCZKyaSa4,325
northmiss,Round Dining Table,01616_kFVfa2SPvcY,35
northmiss,Armoire,01111_hg92ez89n7w,1500
northmiss,Must Go 100.00,01414_dAAjuFKVqjX,100
northmiss,Must Go 100.00,01414_dAAjuFKVqjX,100
northmiss,Brand new dining or accent chair. Counter height stool,00N0N_ffxlap4ebMF,25
northmiss,New Chevron Zebra Print Accent Chair Dining,00s0s_32m18kXcq3N,25
northmiss,Brand new dining or accent chair.  Bar height stool,,25
northmiss,Refinished Dresser,00U0U_6Ek4Bplw0QF,160
northmiss,Sofa,01111_6Lvkg1QG1vV,200
northmiss,TABLE &CHAIRS,00c0c_lRC3mLGTy5d,150
northmiss,CEDAR HOPE CHEST,00w0w_33unCNv3kq7,150
northmiss,Ashley Furniture Dining Set,00h0h_g9cYbeA8IxU,250
northmiss,Antique outdoor lawn chairs,00G0G_cWrAs9xpD0V,150
northmiss,Tan Floral Upholstered Chair With Ottoman,01010_lfyjRMPHsgd,550
northmiss,bed frame,00p0p_cBkSjoxm8f5,100
northmiss,Redwood burl coffee table,00w0w_920xgIA0TSD,
northmiss,Rustic queen bedroom,00m0m_9wsrBz0taa5,700
northmiss,11 Piece Wood Dining Set,00I0I_bBqI6eW55Uy,450
northmiss,Office chairs,,100
northmiss,Custom furniture,01616_5aluw18pvUE,
northmiss,Farm tables,00F0F_kiqZtetTw3U,350
northmiss,Twin box & rails,00707_gQoTFLl5cfX,40
northmiss,Dresser/entertainment center,00a0a_ihhrzsTl17u,30
northmiss,Z-line designs glass tv stand/cabinet,00e0e_gEBZLvDSS8n,100
northmiss,Broyhill Entertainment Center,00Q0Q_9EsD5Pcch3X,1000
northmiss,Bed,00L0L_jLuPtA8IPTc,50
northmiss,Dining room set. Table with leaf and 8 chairs lighted china cabine,00x0x_puXnwrQ4Po,400
northmiss,furniture 3 piece leather coach set/cuiro end table and coffee table,00h0h_ggEcsj7PUje,
northmiss,5 big heavy chairs,01515_bKcA28448js,100
northmiss,Farm tables,00F0F_kiqZtetTw3U,350
northmiss,2x Wooden Rocking Chairs,,65
northmiss,King size bed,00I0I_2WgDmySNUwb,125
northmiss,Ashley McKenna End Table,00a0a_izZbvaYFfGs,75
northmiss,Pair of metal frame tables w/ glass top,00r0r_kKJff1DUj3t,100
northmiss,Leather Love Seat and Couch (Good Condition),00Q0Q_lPky8E4lqKU,650
northmiss,Futon,01212_jlZf8sjOzUc,80
northmiss,table,00T0T_kQgT153hby2,150
northmiss,Blue Herringbone Camelback Sofa (Couch) w/ slipcover in Tupelo,,85
northmiss,end tables for horse lovers,00A0A_TbXcDL04pA,225
northmiss,Bead board entertainment center,,400
northmiss,Wood entertainment center,00505_7sIkC4LIoXU,30
northmiss,Handmade Coffee Table,00y0y_dQsVqhW8dbO,100
northmiss,Dining Table 77 X 43 American Drew Solid Oak,00n0n_lxqKQjYl07V,150
northmiss,Antique China Cabinet,00M0M_6TW2cfRrLuO,175
northmiss,Antique bedroom set,00b0b_kEJMvxhAZRk,400
northmiss,Custom furniture,00Q0Q_geFtMMfaMxB,
northmiss,Leather furniture and stone tables,00S0S_81qcwaPRnoR,250
northmiss,Antique round pedestal table with four chairs,00707_dnyMTrK8bFs,250
northmiss,Hospital Bed/ Foam mattress,,150
northmiss,Dining room table,00n0n_7OwiIQ3bBYI,400
northmiss,Couch and love seat,00X0X_cTcioK1BUjT,300
northmiss,Bathroom Space Saver,00w0w_6EhhxPMnV24,20
northmiss,Computer Desk,01212_k1SwDjeZ3QS,20
northmiss,Bookshelf - Black/Coffee Finish with 5 Shelves,00303_8fY74UH09ir,40
northmiss,Beautiful table set,,250
northmiss,Furniture,00Y0Y_cflnZUXyO8O,200450
northmiss,Fireplace,00Q0Q_iNQSwoLnEiq,450
northmiss,KING BEDROOM SUIT,00202_bRHXvZeqT5J,400
northmiss,Reclining Sofa and Chair,00X0X_lvRhClRO3eL,750
northmiss,Farm tables,00F0F_kiqZtetTw3U,350
northmiss,ROCKING CHAIR,00H0H_63ZHTcOKC8U,125
northmiss,RECLINER,00000_hvPdz8uQHjJ,75
northmiss,Cedar table and benches,00X0X_94Qn2nRhB6D,275
northmiss,White Metal Brass Trim Full / Double Girl's Bed & Good Mattresses,00n0n_8yYf96dBpZA,125
northmiss,pier 1 stool,00p0p_gwSrxGp4EAJ,22
northmiss,office chair,00X0X_agKDTvmCRbt,70
northmiss,girls full size furniture bedroom set.,00404_hsYhwxLxJkA,200
northmiss,WICKER SECTIONAL,00707_l69xpNIlYpa,350
northmiss,oak table with 4 chairs,,150
northmiss,Sleeper sofa,00l0l_eSwKIl5AaGU,150
northmiss,Shabby Chic Armoire,00C0C_kchraHDoUIS,200
northmiss,Loft Bunk Bed w/ Storage,00E0E_eB3wekAVTyn,450
northmiss,Custom furniture,00Q0Q_geFtMMfaMxB,
northmiss,Beautiful Breakfront,00h0h_6ovWYGq628c,850
northmiss,Pink metal chairs,00V0V_hO3kUQX9rvR,30
northmiss,Armoire that will be a statement piece in your home,00b0b_jDIcns0Kw32,550
northmiss,Shampoo chair,00D0D_8jjVokbD1kk,40
northmiss,Farm tables,00F0F_kiqZtetTw3U,350
northmiss,Kitchen table $50,00r0r_dz9DjbgCvUY,50
northmiss,Ashely sectional and Chair and 1/2 w/ottoman,00i0i_9DozPR0KYnD,225
northmiss,Executive Solid Wood Desk,00p0p_hbmHMk1i2wk,275
northmiss,White wicker dresser,00F0F_a2pVfWkj3wU,120
northmiss,Sofa and Loveseat - faux leather,00Q0Q_ffQKow8bHtG,50
northmiss,Tufted fabric headboard queen/full,00v0v_7IYOub6t4yO,100
northmiss,Picture Framed Southern Print,00101_7ei6JnKgFmR,50
northmiss,Metal Bar Stools,00101_bKNx2vRLcfn,90
northmiss,Armoire/Entertainment Center ( REDUCED),00606_lPt2UNLc3S7,250
northmiss,Recliner/lift chair,00p0p_5f7oKvkkxCD,
northmiss,Eureka WhirlWind Vacuum Cleaner works great,00Z0Z_73oTceXTfIN,20
northmiss,COMFORTABLE ROLLING CHAIR FOR DESK,00505_5lKyjHga4uo,5
northmiss,Seven Seas by Hooker Furniture Executive Desk,00r0r_fOZ9cOQEFcX,450
northmiss,Nice table set,00y0y_20VLskYYDRS,250
northmiss,Dresser with mirrors,00U0U_aFZqq0Zxal1,70
northmiss,Sectionals,00r0r_4GN3LYcsKjz,599
northmiss,Sofa & Matching Loveseat Set,00X0X_3MY3Iox5pzX,399
northmiss,Brand New Sofa & Matching Love seat sets,01212_cH9QF3bU6zO,399
northmiss,LOG BENCH,00i0i_9lugqUzXUpL,50
northmiss,Solid wood furniture,00k0k_6YHFw9YJz7m,300
northmiss,Sectional,00B0B_8eiGR3wgV0v,600
northmiss,Adirondack 4 Foot Swing,00Q0Q_5QQyfiG75Mt,179
northmiss,Cypress Outdoor Bar Stools & Table,00101_3PagYRcKQ6s,379
northmiss,Love Seat Hide-a-Bed Sleeper,00V0V_4UKZwSTle2s,
northmiss,Coffee table and end tables,,250
northmiss,Reclaimed Wood Tables,00v0v_a1jAUQhkNvL,
northmiss,"LONG FOLDING TABLE  8' X 30"" WIDE STURDY",,35
northmiss,Furniture,00q0q_aIQo6DuQNFK,75
northmiss,Tv for sale,00G0G_jhRlTt7LTag,40
northmiss,TABLE & CHAIRS,00I0I_9TVpLSM5LQr,75
northmiss,Brand New Bar Stools,00B0B_fxG1vFRt9rr,75
northmiss,PATIO CHAIRS,00H0H_kjHS4ebRAT7,40
northmiss,Brown futon couch great condition,00X0X_do50i3RaRC8,85
northmiss,Pottery Barn Side Table and Coffee Table,00Y0Y_O4AdOalKnV,175
northmiss,1 year old Ashley Furniture Bed and Dresser,,450
northmiss,Counter Top Table seats 8,00u0u_29DFNX02BtA,950
northmiss,Sofa,00a0a_cvUOosFQJ5y,25
northmiss,Marble Top Ashley Furniture Bar,00k0k_hhGdWWNhJdu,450
northmiss,"Table, China cabinet, antique bowl/pitcher stand & rocking chair",00U0U_9DLdEYGPcnt,1
northmiss,Table and 4 chairs,00505_l0JBvFYoJIG,130
northmiss,Dining room set and China cabinet,00404_9rF4mFVAaYA,800
northmiss,Custom made Space Shuttle bed,01212_dqHgVWPdP7o,100
northmiss,tall cabinet glass door,00n0n_6AfUeouktJF,85
northmiss,Ashley Entertainment Center/Tv Stand,01010_267zZWKmAyG,225
northmiss,LEATHER & RECLINING,00J0J_ew63OYy5nBi,
northmiss,Trumeau Mirror,00S0S_1ULQyc9opJT,125
northmiss,MOVING SALE!!,00J0J_ew63OYy5nBi,
northmiss,tanning bed elliptical,00505_ifiaOtXfCeO,50
northmiss,Sturdy dresser and night stand,00y0y_daMADX2EgrD,80
northmiss,Microwave cart with extras,00d0d_fKRGb6axDGv,100
northmiss,Mid-Century Modern Table,00n0n_lg6OTnVUPPs,350
northmiss,"Kitchen Table, 5 Chairs, Leaf Extender",00f0f_4fJUH3rJWWR,140
northmiss,Armoire Furniture Piece,01212_5L2WDzJR8wK,250
northmiss,Duncan Phyfe dining table,00505_2oqQYmOz4uZ,100
northmiss,Safavieh rug,00h0h_9GIQtfPLALR,100
northmiss,Safavieh rug,00s0s_7wmc0XMCNZ9,100
northmiss,Room & Board Copenhagen Bed. Size: Full,00k0k_9pmharsZglF,900
northmiss,Large chair and a half with ottoman,00R0R_doHCbsE7SEB,100
northmiss,Roll Top Desk,00P0P_h2LZD51QMup,
northmiss,German Shrank,00n0n_8l5mYkj05zy,100
northmiss,Handmade farm table,00t0t_7PXZg5lXhnp,350
northmiss,Farmhouse bar cart,00d0d_aZimIbv1aCv,200
northmiss,TABLE AND 4 STOOLS,00i0i_aEQzUhRpAIw,350
northmiss,Antique Armoire,00g0g_9i6giVoVlRO,300
northmiss,Black Entertainment Stand for Flat Screen,01717_cogiggvBu4Z,50
northmiss,Navy blue recliner- Living room furniture- multiple item listing,00p0p_crDSluCCYv3,20
northmiss,Office Chair,00606_lDIT522w24Q,120
northmiss,Charcoal Dark Gray Sofa,01111_gcsGfKBtynm,135
northmiss,Ashley furniture set,00Z0Z_hhDCweeziP6,1800
northmiss,Oil painting large.   Large ornate frame,01111_2e27JwlpvUj,195
northmiss,Mattress - brand new queen pillowtop. $99,,99
northmiss,Rainbow E-Series Vacuum,,488
northmiss,"Table, 4 chairs, & a baker's rack",00P0P_9osoRm3r2B9,295
northmiss,"Nice Formal Dining Table, 6 Chairs and China Cabinet",00M0M_2iSKiZ5LLMO,1500
northmiss,Computer Desk,01010_4vioP0yVcLO,100
northmiss,End tables For Sale,00909_a7NAxHdgVdT,65
northmiss,DRESSER,00I0I_aYE2OYIIyUr,250
northmiss,Queen size,00X0X_6qGsLaFJVZZ,700
northmiss,Furniture for sale,00w0w_bEgR4lInR8g,1000
northmiss,Sectional and love seat for sale,00101_9WQ06kvyvDu,500
northmiss,Couches for sale,00f0f_NSFCIV5ojH,200
northmiss,Pair of wrought iron Bar Stools,00303_iewEUnt3HSg,50
northmiss,Couch,00000_jlnLSRdPOnn,50
northmiss,Restaurant Quality chairs and tables,00404_eYSBlC6GKGD,300
northmiss,3 Piece Table And 3 Piece living room,00j0j_fvbXTBFZi4C,300
northmiss,Adjustable Twin Bed,,200
northmiss,"Queen Iron Bed, Dresser and Nightstand",,300
northmiss,king headboard,00V0V_1EAh1DGFMZH,100
northmiss,patio chairs,00H0H_kjHS4ebRAT7,40
northmiss,straight back patio chairs,00P0P_6xh2zSd7sT,25
northmiss,homemade wooden table,00q0q_2sDCq8M7o1N,300
northmiss,RECLINER,01414_cTivfLX8Cbu,350
northmiss,curio cabinet,00G0G_cBRwkHroySv,150
northmiss,couch,00202_fZDB2Sxl3IU,400
northmiss,Swivel Patio Chairs,00606_aQJYCN4WLcz,35
northmiss,COUCH WITH PULL OUT BED,00T0T_hMM8xVbK9Lj,300
northmiss,loveseat,00U0U_hUSfnwR6paa,400
northmiss,wooden chairs,00000_96Mnw2kUcbA,30
northmiss,TABLE,00i0i_544c34ujBN5,100
northmiss,furniture (2),00w0w_6YxPBNZiGyG,
northmiss,indoor/outdoor rug,00a0a_iQEBbQs5aK8,
northmiss,Beautiful Dining room chairs,00y0y_10zSdbeVzn,275
northmiss,Antique Table and Chair Set,00B0B_5nVCUCCJ5Sx,350
northmiss,Wood furniture,00505_7fimQCNH,
northmiss,Red oak coffee table,00707_8QuAILu3InU,250
northmiss,Flag Foul-Mouthed DEALER in Amory posting in By Owner Section,,
northmiss,Full size bed,,60
northmiss,Desk/sofa table,00p0p_4UK3n2C3Nji,275
northmiss,Bookcase,00t0t_6mLHhNwBAKd,150
northmiss,Wooden outdoor chairs and foot rest,00a0a_69Zv68c7T62,200
northmiss,queen size bed,00D0D_9D6DXhIFhdy,150
northmiss,couch and loveseat,01515_66XT8chgAmU,100
northmiss,sleeper sofa,01717_kLdkkVxk1tH,95
northmiss,"Brand New Twin Mattress, Boxspring, & Rails",00U0U_aUAjV57Ef7s,160
northmiss,Office Desk,,500
northmiss,couch and loveseast,00Z0Z_fshOM4AFao8,100
northmiss,"2   High-Quality, Solid, Wide, Comfortable Chairs",00s0s_aNLzBiIUjd5,125
northmiss,Ashley Stone-Top Breakfast Table,01616_3GT8RerROMd,200
northmiss,Comfort Lift Love Seat,00X0X_bOidT9oY3PB,1750
northmiss,Queen Bed Rails,,30
northmiss,LIVING ROOM AND KING SIZE BEDROOM SET,01616_9taStQIxb1r,1400
northmiss,New upholstered vanity chair with storage,01212_9dXK49IW1R6,30
northmiss,Black leather office chair,00606_7CBBoWoUIfL,30
northmiss,sofa w/chaise,00O0O_51vl5HxJokk,300
northmiss,Sectionals!,00O0O_1wbWAkZcs2H,1499
northmiss,Tv stand,00Q0Q_7q3eS9EFd7H,200
northmiss,End Tables,00F0F_fVekK0xrAu3,99
northmiss,Solid Hardwood dining table and chairs,00j0j_aHCSFcO4GAi,400
northmiss,china cabinet,00Q0Q_gZDP8YMd8FI,400
northmiss,Ashley furniture queen size leather tufted headboard,00404_iYOUizWNdnU,200
northmiss,Marble top kitchen bar,00d0d_6iisWifXH07,350
northmiss,FORMAL DINING ROOM SET,00303_bxVtPT7TplA,3000
northmiss,Bar stools,00101_8Ryc0uTkuwt,100
northmiss,Broyhill Couch and Ottoman For Sale,00Z0Z_63F3t4JCZwc,400
northmiss,beautiful dining room table,00r0r_h4AyJGPaZDV,625
northmiss,Oak table,00b0b_18kZ8wpFWYu,
northmiss,Full Size Matress Set,,150
northmiss,Pub Table & 2 Chairs,00Z0Z_aGr20t2leau,400
northmiss,Dresser with mirror,00j0j_2ww1JCzc79b,225
northmiss,Queen iron headboard and footboard,00U0U_eGuyY8hPTZu,50
northmiss,Round antiqued table,00707_bKAgpsKyTU4,150
northmiss,ANTIQUE WALNUT BED,00h0h_c5zOdZj6n4L,425
northmiss,Distressed Highboy Chest,00n0n_51wmnbIE4Uf,275
northmiss,Kitchen table,00y0y_80twoV4hXzT,80
northmiss,Boudoir side chair new upholstery,00g0g_gBCLimrVOkG,65
northmiss,Wood cabinet,00G0G_7NYYPqBCc6V,175
northmiss,Love seat,01313_31z3UtQQ00Y,200
northmiss,Designer rug,00l0l_1jxFcyMKLvL,175
northmiss,Armoire  TV cabinet,00p0p_bEwtdynJBpu,50
northmiss,Cute Love Seat,00E0E_j9JZ8z5Ocmq,125
northmiss,2 Children's Desks,00c0c_4WtWGD5ijXG,50
northmiss,"Cedar base,glass top table",00b0b_2cCcLBWYyAs,75
northmiss,Solid wood wardrobe,00H0H_aaIAoKjG0X1,300
northmiss,Kitchen Dinner Dining Table Set with Chairs 5 Oak Wooden,00g0g_9dzERdTYciD,450
northmiss,Computer Desk Dresser with Shelf Shelves,00606_iTSHt7zIt1Q,75
northmiss,Brown Leather Recliner Chair Living Room Bed Seat,01515_iIOtxY8g1xp,50
northmiss,Complete Bedroom Set Bed Dresser Nightstand Chest of Drawers Wooden,00B0B_3eqjt6JFVv6,1450
northmiss,Full Bed,00202_7o3AVbG89zc,100
northmiss,Glass top table,00r0r_9iYyvJSAVVR,50
northmiss,Small display cabinet,00V0V_krMDNJaL3bT,50
northmiss,Furniture- variety of pieces from storage unit,00v0v_clMzJYUM7xq,50
northmiss,Large Closet,00S0S_c2CS6RhsavY,125
northmiss,Ashley Furniture Twin Bed,00N0N_gWZOFd9BBju,150
northmiss,China Cabinet,00N0N_JmocPFHP5i,150
northmiss,Armoire,00V0V_itJ2MLV3zpY,60
northmiss,Square dining table/8chairs,,350
northmiss,Computer desk,00w0w_iNpu6ynpTPR,25
northmiss,Twin Bed need gone today,00B0B_fuohhcvsOxY,55
northmiss,printer cart,01717_icU0hYovv3e,10
northmiss,Free standing propane gas fireplace,,400
northmiss,Wood cabinet,00m0m_cMWGj7ihX2Q,125
northmiss,Wrought Iron Wine Rack,00a0a_c5y07qJQ1xz,75
northmiss,Bench,00606_bfoLgFuhjlm,60
northmiss,Patio furniture,00d0d_oQvxcJM78U,150
northmiss,Wooden Swivel Chair,00L0L_oITPJrRRGT,35
northmiss,Wood Rocking Chair with Ottoman,00o0o_eG6yQhi2bET,70
northmiss,Wood Table,00d0d_1FVU76A36jL,55
northmiss,Wood Table,00h0h_fwP5zfH6Oab,50
northmiss,Dining Room table w/ 4 chairs,00k0k_506lItCsLq4,130
northmiss,Unique Wooden Creations!!!,,75
northmiss,"Iron & Glass Top Table, 4 Iron Chairs",00L0L_7VXXEBGnhQ7,225
northmiss,Couch,00505_2N1UeS7kcF5,25
northmiss,Extendable dining table,00F0F_2KhfyCBTI2x,300
northmiss,TV,00J0J_bxkbvnd0eVN,50
northmiss,"Huge Coffee Table 30"" X  50"" - Granite Top - Excellent Condition",00O0O_lVyT2CfS6SI,90
northmiss,Dresser with Mirror,00n0n_fBnXKNTcvIQ,100
northmiss,Kitchen Table and Four Chairs,00f0f_7cd6FlF6KaF,200
northmiss,Wooden table and chairs,00l0l_fqrbzUTFytS,120
northmiss,"Dining room set - table with two leaves, 6 chairs, china cabinet",00y0y_39NEkQnYaZ7,350
northmiss,SOFA By Clayton Marcus,00u0u_3geF4Em7LX1,300
northmiss,12x9 rug for sale,00N0N_dw6WJTLwKCp,150
northmiss,High table and 2 high chairs,00q0q_2N5MQ2RAz0g,150
northmiss,Wood Dinning Room Table,00z0z_WQoDQuDUVv,800
northmiss,WALL UNIT ENTERTAINMENT CENTER WITH TWIN SPEAKER TOWERS,00H0H_dJkKgioD8CM,150
northmiss,Corner Storage Display Furniture with 2 Turntable Bases,00w0w_2vvh2gy20hv,100
northmiss,Corner Storage Display Furniture with 6 Shelves,01010_auHjMR2os29,100
northmiss,Baby bed to life,00a0a_lJfmswgcXVq,175
northmiss,Wood vanity,00Z0Z_cXaN2Hu5qmj,20
northmiss,Pair of office/bedroom chairs,00k0k_iLjmJG8W2ZM,325
northmiss,Old Solid Wood Doors,01313_ki10rXiSCI5,70
northmiss,Very nice bed sets,00v0v_eXfI4hCm3s1,500
northmiss,Egyptian Workers Glass Top Accent Table & Plaque,00808_7d4vzgMIaZS,500
northmiss,DOWN SIZING EVERYTHING MUST GO,00j0j_gCnOLFmcJhq,600
northmiss,Blue Desk Chair,00D0D_2vQZR4RErI3,20
northmiss,Bedroom set,00E0E_kGBhLKNTFLN,
northmiss,Desk,00909_22mYcWVUzWR,50
northmiss,BIG MAN CHAIR,00y0y_h46H2rD4oHW,125
northmiss,Set of three Heavy Duty Bar Stools,00v0v_7dEX7YLVwtL,250
northmiss,Glass shower doors,00J0J_8VovON2Jblz,
northmiss,2 recliners chair and ottoman and entertainment center,00Q0Q_gSWUlc4Q9U1,
northmiss,SECTIONAL,00E0E_dI7b4Cniddq,800
northmiss,king headboard,00V0V_1EAh1DGFMZH,100
northmiss,loveseat,00U0U_hUSfnwR6paa,400
northmiss,TABLE,00i0i_544c34ujBN5,100
northmiss,Cabinet,00w0w_2PNhatTEN9s,50
northmiss,Table and Chairs set,00y0y_7oaL9EZgUpR,75
northmiss,8ps Living Room Set,00z0z_d0oIQBIUhzg,1000
northmiss,Sleeper sofa & Loveseat,,250
northmiss,Sleeper Sofa and Loveseat,00a0a_exN1D89Vr6R,250
northmiss,Entertainment Center,00A0A_c0kyKKpSNE0,400
northmiss,Mattress Clearance/ FURNITURE LIQUIDATION,00l0l_3go44hCPYoF,229
northmiss,Miscellaneous furniture and home decor,00T0T_iQ16gt43Nru,
