nwga,Log dog bed,00p0p_jVtYtWf1xZC,100
nwga,Table Glass Top with 4 chairs and Hutch,01515_bBbceeRVzxv,
nwga,Table Glass Top with 4 chairs & Glass Shelf Hutch,01515_bBbceeRVzxv,
nwga,Queen Size Mattress and Box Spring - Very Little Use,00000_lwk0g6VZWdJ,125
nwga,Antique Armoire PRICE REDUCED,00R0R_47NFhGmJy2F,600
nwga,Entertainment Center/ Armoire,00u0u_9Ux2BqF13S6,200
nwga,Antique Armchair,00F0F_jpOE2rFNO1K,40
nwga,Genuine leather couch and loveseat,00Z0Z_4Ghzc9wMAFT,350
nwga,Fireplace,00M0M_5VoOaME0uvH,229
nwga,Broyhill Torreon Entertainment System,00c0c_790pXARzxkF,350
nwga,Bramble Benjamin Corner Cabinet and Room Divider,00303_6WLNeGjSJDI,1400
nwga,★★★ Kitchen Cabinets New★★★,00t0t_kpLoVejN27Z,1
nwga,"HUGE ESTATE SALE! Living, Dining, Bedroom & Office Furniture",00j0j_hiYxoNb6nal,
nwga,Couch and ottoman,00f0f_4YoMCK8FAsm,400
nwga,Z-  Gallery sofa and oversized,00A0A_cjtkX6UT7ph,1500
nwga,Queen White Platform Bed Frame,00E0E_kWAw03xpnW,130
nwga,"Bakers Rack, night stand, corner shelf/plant stand",00b0b_41pGrtpdAIf,
nwga,Dining Table & Chairs,00n0n_kYBXJlVmQUE,175
nwga,Dining Table,00101_3geXGAvDr9w,200
nwga,Large Lighted Display Case / Showcase,00c0c_1vxvRmHnugT,100
nwga,One of a Kind,00E0E_eehUli3GhsI,
nwga,Solid Wood Barstools,00X0X_a7JGeM3ppTL,100
nwga,"Quality, solid hardwoods",01010_2zG1hScJ7zL,
nwga,"Dining table, queen bed set, lots more!",00101_3geXGAvDr9w,1
nwga,Queen bedroom set,00u0u_96iKHa89Dap,640
nwga,"Steel, Glass & Wood Coffee Table",00T0T_6jY6MH0eYCG,30
nwga,Moving Sale Must GO!!!!,01717_4xTTBSlfQgq,500
nwga,Office furniture,01717_aXnqo3xrp0q,1000
nwga,LazyBoy Sofa With 2 Recliners,00x0x_iAdbT6tcZMl,1500
nwga,End Tables Solid Oak 3,00j0j_dkjLpA4J1RQ,675
nwga,Table Solid Oak With 6 Heavy Chairs,00E0E_2WPAFOKWqst,550
nwga,Computer Desk - Solid Oak,00L0L_4ABkkCcNMnF,150
nwga,WICKER ROUND LIVING ROOM TABLE WITH GLASS TOP,00g0g_c4F9B2Dkw3j,40
nwga,WICKER SOFA TABLE WITH TWO GLASS SHELVES,00s0s_6jqQxyNM6br,40
nwga,5-TIER WICKER CORNER SHELF,01010_lTXPytGFNrk,30
nwga,BAR STOOL,00B0B_io7vQSlTWTJ,35
nwga,VANITY CHAIR,00000_ezGpVYxrObu,15
nwga,LA-Z- BOY SOFA,00L0L_emCy9J02ePC,100
nwga,WICKER/WOOD END TABLE WITH DRAWER,00808_aWUMyAlF7uE,25
nwga,WROUGHT IRON PATIO SET,00s0s_6JxGMLeWMXK,125
nwga,Solid Oak Microwave Stand,00y0y_6ngwzgQzFsf,100
nwga,Say no to veneers,00W0W_ceNq2gJbgYA,
nwga,Solid wood tables and more,00101_9E3fjNouSZR,
nwga,Antique Solid Oak Desk & Serta iComfort Queen Set,00202_9NiuCSY9NFS,
nwga,Dinning Chairs. 6,00J0J_dvZyWEm6by3,300
nwga,"Full sized bed- complete set, clean",01212_g6IBbNsUbOb,40
nwga,Serta iComfort Savant Memory Foam MattressSet & Antique Oak Chair Desk,00B0B_A3hHYKDnED,500
nwga,Kitchen table,00B0B_jxwcrjWCnub,220
nwga,Metal cabinet,00z0z_gqF8XjIw8RL,85
nwga,THOMASVILLE BEDROOM SET 7-PIECE COMPLETE - QUEEN SIZE - 1 owner,00t0t_bipQqDgaMx8,1900
nwga,4- Piece Sofa Sectional,00303_4UXQXorQKr,350
nwga,hidden gun cabinet,00606_9QcVfuu4Hgk,499
nwga,Sofa and loveseat,00S0S_kleg1Enktyq,450
nwga,★★Kitchen Cabinets / Design ▌▐ -,00t0t_kpLoVejN27Z,7500
nwga,Chairs for sale,00y0y_cripBlTGBrp,2
nwga,Dining room table,00S0S_iEq6F2aZF0e,60
nwga,Motorized adjustable bed,00T0T_6tnuxFvE9Sr,200
nwga,**DINING ROOM TABLE W/4 CHAIRS **,00y0y_kj4SdH9eQEt,75
nwga,LAMP WITH GLASS TABLE,00X0X_dWs1iQD545L,30
nwga,*** KITCHEN / DINING TABLE  ( white ) ***,00i0i_hr9NMnjOmMk,40
nwga,Mirror,00P0P_gVz8d4GlB2x,100
nwga,Framed Albert Einstein Poster,00s0s_d4X6VibRmwR,15
nwga,Three Framed Pictures,00u0u_fzUir8bwSPe,55
nwga,Oval Mirrors,00Q0Q_P3gzL5HtSC,15
nwga,Framed Picture,00g0g_70XhxjRdBFs,55
nwga,Framed Yellow Flower Picture,00B0B_2twgV0QZWsB,15
nwga,Vintage Coca Cola Pictures,00202_2KzJsZsvhha,60
nwga,Ornamental Elephant Stand,00P0P_z8YFBwY1gX,25
nwga,Framed Painting,00101_1D89B6gZeig,125
nwga,Framed Painting,00E0E_59aIuUevZQ1,300
nwga,SPORTS BAR TABLES AND CHAIRS,00z0z_aGJYksUiNW7,100
nwga,Three Tiered Demilune Style Iron Plant Stand,00H0H_5JPwzbD12zp,50
nwga,Beautiful distressed glass top dining table,00f0f_3pxWCnZ6DaR,250
nwga,Sectional couch,00707_3YT50adZLjG,
nwga,3 Tier Metal Plant Stand,00n0n_gEcHbLFE37I,10
nwga,Kroehler Chest of Drawers,01616_1Y9J1TsXGet,250
nwga,Thomasville Dresser,00y0y_1yDBtXXWeSM,300
nwga,Mid Century Kroehler Dresser,00F0F_dHknRmgl1Jz,250
nwga,Black distressed cabinet shelf entertainment,00h0h_7RKkQA1I6IC,175
nwga,2 sets Western Twin Cowboy Rodeo Roundup duvet bedding,00y0y_cBUvevAk7ac,200
nwga,Office cubicle,01717_hOVj8tHdeyw,150
nwga,Kitchen table,,50
nwga,office desk,00K0K_l8XjYa7WeN1,275
nwga,Office/Computer w high Back Chair,01212_iXXQiFmfxUb,100
nwga,Attractive Bookcase For Sale,00u0u_hHbjkNE9cpc,250
nwga,High Top Bar Table with Two Chairs,01313_fspgSvRpNQH,50
nwga,Wood Storage Chest/Bench,00V0V_luBid8wA12P,85
nwga,Picket Fence Twin Headboard,00u0u_aVzTbWabrOe,50
nwga,Antique White Side Chair,00R0R_hZReoHMcFvY,65
nwga,Cream Thomasville End Table,00404_9sbNE5kVIIZ,58
nwga,Cottage Style Shelf,01212_cv6o0R1zhpb,68
nwga,Folding Metal Butterfly Chair,00T0T_kOYu4RP1Wis,50
nwga,"Microfiber Reclining Couch, Loveseat, Recliner",00m0m_1fc9vrTZra8,100
nwga,Nice solid end table,00H0H_jKTHcam9OO2,40
nwga,Wicker Desk and Chair,00E0E_64P1TUWwaQu,50
nwga,Outdoor Folding Lawn Chair,01515_3VuxUZPrpwp,20
nwga,table/leaf/4 chairs,00101_8ANAa8K0N1U,30
nwga,"Rugs, couch and more",00Y0Y_bgxlW9vjVz6,100
nwga,DRESSER AND NIGHT STAND,00f0f_fgVovmrWVjN,50
nwga,LEATHER LOOK SOFA,00f0f_3WH04pZHzHD,75
nwga,REDUCED: Futon Sleeper Sofa,00202_fKeCoJI6xKo,110
nwga,"1956 Sewing Machine Cabinet, Chair and Machine",00U0U_XmOBEvVSem,
nwga,Glass TV/ Components table,00Z0Z_crgaPcBhdQB,50
nwga,Ashley Furniture Computer Desk,00b0b_lAR0GWDtuRV,100
nwga,china cabinet,00E0E_aWOonzqh1LK,400
nwga,Custom built farm house table,00909_jar3zOrK6qr,495
nwga,Roll Top Desk,00s0s_hXmM3l29eD2,100
nwga,Queen Bed,00g0g_lSRrgJLksy1,400
nwga,7 Piece James Alexander Living Room Set,00L0L_dF9pNIINODV,200
nwga,Electric Hospital Bed,00A0A_5n4ddVZdlad,50
nwga,Assorted Display Racks and Shelves,01616_dQBDVytiNPK,
nwga,Family Room center round table (Abbyson Wilshire),00T0T_fypZ99JSL3C,25
nwga,Personalized to your style,00h0h_ay3Shqh7uDT,
nwga,"Check out Counter, cash counter, check out stand",00S0S_9QqY9NcgxdV,3750
nwga,Pine Headboard and Footboard-Queen,00w0w_9XZEzESx22s,125
nwga,Rustic Coffee Table (Georgia only),00Z0Z_duQ16SZ7XGU,250
nwga,Bookshelf solid wood,00t0t_34vlOJrwv2u,200
nwga,Various Misc Furniture,00d0d_Kp1Q6eBWyT,
nwga,Boston Rocker,,50
nwga,China Cabinet/Hutch,00b0b_gmtXgY3UNct,235
nwga,Display cabinet,01313_aofBDeFuCnn,350
nwga,King size tempurpedic mattress and box springs,,50
nwga,50 gallon tank,00i0i_82E8eGsa10n,80
nwga,Reclining Leather Sofa,00U0U_7v5KGmwG7tA,65
nwga,10'x11' white Kitchen and appliances (w/o refrigerator),00H0H_9FWfySYG7lS,999
nwga,Collective Decor ***Reclaimed Wood Trays,01616_iNJVGvW4NIG,50
nwga,Solid Wood dining room set 7 piece,00X0X_cpBMoVYqL2V,175
nwga,"Rocking chair, great shape",00s0s_eoBA0wb0VWr,40
nwga,Lay-z-boy leather reclining couch,00r0r_4SzqH4xUHfh,75
nwga,"Leather Sofa, Love-Sofa, Recliner/Rocker-Estate Sale!",00o0o_4ZiDykfduHb,1150
nwga,Bar Table with Four Chairs,00T0T_k0ggIP5XUof,150
nwga,Wooden End Table,00o0o_2fWzJMqxKZG,75
nwga,Turn Table Ottoman,00G0G_39echcxTuhS,100
nwga,Living Room Chair,00H0H_eY0j6c18NoK,100
nwga,Rustic Living Room Table Piece,00606_ikFFjpHHpXB,100
nwga,Three Piece Living Room Furniture Set For Sale,00707_imTPW4IIm25,500
nwga,"Sofa 84""",00101_itGJ9XlPOsY,375
nwga,Dining Room Table and Chairs,00s0s_9WDgeB01qFu,100
nwga,Dresser,00c0c_RMZAf1LAsa,40
nwga,Large couch,,75
nwga,Bonded leather club chair,01515_dqgg9IVEQnx,100
nwga,Dining Room Table w/8 chairs,00L0L_aK8bZQhE8Ho,400
nwga,Sleeper Sofa Loveseat,00I0I_3y2QKn1hnkP,150
nwga,"Good Condition Couch For Sale, 1 Year Old",00G0G_hVLVI6reIYF,75
nwga,Bergere Chair Calico Corners,00O0O_j87scy96Ysm,300
nwga,Outdoor patio chairs with cushions,00n0n_cvonVk8D9aY,20
nwga,Please take these off my hands,00v0v_x0paDawkkd,200
nwga,used furniture for sale,,10
nwga,Chairs - wood swivel pub chairs,00505_1biIMFSFkH9,30
nwga,Desk,00J0J_eG6JEMMTkth,35
nwga,King Complete 4 Poster Bed,00y0y_9lXwrh57OQw,450
nwga,Furniture Sale,00H0H_kxKZE5d0zGV,65
nwga,Furniture Sale,00c0c_bXlhfVXevsk,100
nwga,Oak dining table-6 chairs -2 Leafs,00n0n_8zdidGhEy5X,375
nwga,Cabinet,01313_aofBDeFuCnn,350
nwga,French provincial grandmother clock,,700
nwga,Hand painted  wardrobe  closet,,125
nwga,Electric Dual reclining  leather couch. 1 year old,00j0j_6toQpHGj56s,950
nwga,"Antique CaneBack Sofa, Rocker and Chair",00H0H_eftZuQTmtUH,450
nwga,Beautiful Antique 3-Piece Bedroom Suite,00j0j_hRiC9nzdKjd,550
nwga,2- blue velvet wing back chairs,00u0u_frZgVZXKwws,150
nwga,Brand new hardwood flooring,01616_3GuYEqREaTQ,1800
nwga,Comfortable Loveseat,00E0E_dU2TIqg0Imu,50
nwga,Pirate Ship Bed!,00O0O_483Ok92vPjH,
nwga,Couch Lazy Boy floral excellent shape,00d0d_8vmd3LnmDwd,100
nwga,kitchen island,,150
nwga,Rocker,,50
nwga,Beautiful solid oak farm table or desk,00V0V_3hahAaxj4Fy,40
nwga,Old Hunt Board-Solid Pine,00N0N_4rjEcBVeyAq,75
nwga,Porcelain Pedestal Sink,00p0p_kptMkm3UMtL,100
nwga,Glass Dinette suit,00J0J_lccakFe1Njh,250
nwga,Folding rocker,01616_hdemEzaMoIB,100
nwga,Fold down desk,00h0h_be48rTGaRBw,250
nwga,Blue Lecroy or Blue Willow,00707_kbceQrCTGXb,1000
nwga,Best offer,00R0R_dqI2PzLrCp0,1
nwga,solid oak curio/ china cabinet,00D0D_1GdXYQxu3bD,85
nwga,WHITE BEDROOM SET,00l0l_2XmLfRGFGf7,150
nwga,"Antique Rocking Chair, Cabinet",00J0J_44bwo8TYZlM,
nwga,Dining set,00D0D_8C6d14vDLfE,300
nwga,Vintage Hall Tree,00F0F_u9z3LRslwj,110
nwga,Cedar Bedroom Suite,00505_kH5DFvDy29p,350
nwga,6 Patio Chairs,00404_3OQuXOdTrv2,45
nwga,Armoire,00S0S_gaYJ4YMPiGo,200
nwga,"Custom LINEN Upholstered Chaise Lounge, Matching Chair & 3 Pillows",00V0V_jgapCzEhwVC,250
nwga,Computer desk for sale,01111_j9ZHfABzXG6,35
nwga,Beautiful dresser gorgeous,00K0K_1jap9mjkOQz,325
nwga,Full Bedroom suite with mattress and box springs,01616_3rZDrlZnxJr,800
nwga,Chest of drawers,00n0n_dxTaq2hIgu8,100
nwga,Rustic king size,00X0X_l5w8ytWbRiq,500
nwga,Wooden Wedding Arch,00l0l_9DTl3UKMmAk,350
nwga,Office chairs,00707_klIB0UnpO1B,40
nwga,Patio Furniture,00G0G_6QWcJImE0jZ,30
nwga,Desk,00l0l_aDxks1gg8xV,150
nwga,Table and 8 chairs,00p0p_6NZrkFejC2N,600
nwga,Unique hand painted dresser,00b0b_5IklXpDhEEN,250
nwga,Chest of drawers,00n0n_5LVSnC6613w,125
nwga,Georgia dresser,00J0J_nHyovBG45p,250
nwga,Queen bedroom set,00909_kGCjdsgJTUf,300
nwga,Farmhouse style table and chairs,01111_9UecRkeVOms,350
nwga,Bedside Tables (2),00k0k_3h81quJPyEg,200
nwga,Dresser w/Mirror 12 Drawer,00w0w_fi4d9v0uBsk,400
nwga,Antique Round Dining Table,,195
nwga,HAND MADE LOG BEDS & FURNITURE,00101_idkDlZrRo9v,1
nwga,Patio set - table and six chairs,00808_5ybXukXsD0v,75
nwga,Tan Couch and Loveseat,00202_iKSkdGd96OZ,225
nwga,Oakley Display case,,500
nwga,Dining Table & 6 Chairs,00U0U_7BQW8xiQJe0,225
nwga,Dining Room Set,00808_31kA1oN7V6e,1200
nwga,Rocker/Recliner,00a0a_cwXRBkixqgv,40
nwga,Ventage Furniture,00T0T_hkbwyesZ58u,
nwga,Sofa for Sale,00e0e_jXBEvydM0sQ,145
nwga,Porter Mid Century Modern Coffee Table - Brown,00w0w_w3zPJffYXZ,100
nwga,Bedroom Linen Storage Bench - Skyline Pink,00404_lJv9dQrCI9R,150
nwga,** Mainstays Twin Metal Bed Frame(White)**,00m0m_b4UhNVQW0Oo,60
nwga,Hampton Bay Beverly Patio Bar Chairs,00j0j_a7i6Au82cPT,130
nwga,Monroe Mid Century Arm Chair Ocean Navy - Threshold,00h0h_fJ3o4pOTnyT,100
nwga,Carson Console Desk Espresso - Threshold,00H0H_e2S6oQ5Oyxh,75
nwga,Threshold Windham Tall Cabinet with Drawers,00u0u_kLWWE5EzMSz,150
nwga,"Brookline Tufted 25"" Counter Stool Hardwood Oyster Set",00u0u_494zIJDPkth,120
nwga,Modern by Dwell Magazine Dining Chair White/G,00N0N_bQPf00wwFOX,70
nwga,Glass table,01616_bLMotu4ahyW,40
nwga,Lazy Boy Dual reclining Sofa and Recliner,00404_gYjGCFMcXW8,450
nwga,5 piece bedroom suit,00K0K_fbhlfuCmMQh,550
nwga,3 piece sectional couch - good basement couch,00C0C_5LpE1udH4Xl,150
nwga,Trifold Room Divider Black Frame with Rattan Sections,00w0w_9GX2mZn9ErY,25
nwga,Beautiful Mirror with Beveled Edge,00101_21R5Nkpstlo,35
nwga,Standing Globe - 2 for sale - one Lancaster and one Rockwell,00b0b_obl7O2c9Xt,75
nwga,Broyhill Premier Sofa,00W0W_5Tvv4Q40OwB,100
nwga,Whole house package deal!,,
nwga,Awesome living room package!,,
nwga,Huge selection of sofa and loveseats!,,
nwga,Bedroom sets avaliable in all sizes!,,
nwga,Amazing deals on sofa and loveseats!,,
nwga,Huge Savings!,,
nwga,Come fill your whole house here,,
nwga,Best prices in town!,,
nwga,Save money on sofa and loveseats!,,
nwga,You won't find any better prices!,,
nwga,La-Z-Boy Recliner  Lazy Boy,00R0R_2WoVt3UvYi4,20
nwga,Wooden Picnic Table - New,00O0O_4qiEHTdIE79,150
nwga,Dining Dinner table,00r0r_2pIYaJziHK2,100
nwga,World Market Couch & Chairs,00606_dUzKtOpG1yq,550
nwga,bedroom suit  --- phone calls only !!,00k0k_isGbktKe67N,400
nwga,Lighted curio,00R0R_iouk5mLwUwI,150
nwga,Havertys Antique White DiningTable And 6 Dining Chairs,00N0N_kpWfqtriumU,100
nwga,Large mirror,00M0M_mEpRJAzZc,15
nwga,Hexagon table,00H0H_9mXxupBcsph,15
nwga,Yellow ceramic lamp,00C0C_b5lBfkNggfX,10
nwga,chester drawer,00202_jK8KkxTuchl,100
nwga,Small octagon table,00y0y_7Y9yAVYlWX6,15
nwga,Full/queen headboard and footboard,00j0j_3GnWmi53HTw,30
nwga,Rooms To Go Sectional 6 pieces Sofa include 2 Recliners in Excellent,00V0V_hs9En7cj0ZT,600
nwga,Armoire,00r0r_cOuNKSvs3Rr,25
nwga,Armoire for sale,00w0w_3bv4wH3eoi1,45
nwga,12-Gun cabinet for sale.,00z0z_gdAx8UYj74c,200
nwga,Cocktail Table from Rooms To Go,00G0G_gk0blN6Sryf,100
nwga,Bench,00L0L_gpG7tJRDLfB,125
nwga,Furniture,00P0P_5MA9vTHwnuz,150
nwga,Kids bed - Steel loft beb,00R0R_b8CeDoMnXv,425
nwga,"Large Pallet Shelf, Plus A Computer Desk Also",00i0i_bbDIar3T5eM,60
nwga,SOFA BED QUEEN,00o0o_iBr6STAgdPX,435
nwga,Monastery style dining table,00q0q_gMcEHrL7PYo,600
nwga,Like New Dining Room Oak China cabinet and Hutch,00z0z_kZj3xf5OtlM,250
nwga,Couch & Loveseat,00H0H_1APV7LrHaEr,300
nwga,Bar height stools (5),00x0x_is92IyFynR8,195
nwga,"Trica Swivel Bar Stools Red Cushion, Silver Frame",,35
nwga,"Broyhill Oak Entertainment Center, 3 Sections",,425
nwga,Wooden coffee table,01414_49vu0cuH5ZE,50
nwga,~  China Cabinet ~,00C0C_90kVTnX7FYc,75
nwga,Drum table,00101_fbtRK7R6s2v,100
nwga,Bed room suite,00R0R_9xeoVs7KreU,750
nwga,Custom Bars For Home And Business,00Z0Z_hNjG6WUXisL,10
nwga,Rustic Farmhouse Table,00t0t_d9zhrAfzmqy,475
nwga,~ Lighted Wall Unit ~,00N0N_kTtjNC1iUhS,100
nwga,Nike therma-fit Hoodie size large - color grey,00w0w_aNr7hpP8V17,20
nwga,--->PATIO TABLE & CHAIRS<---,00v0v_2LQSvfWcki1,40
nwga,Bed frame - queen to king,,15
nwga,****ENTERTAINMENT CENTER***WALL UNIT****8 FT,00707_lSIHIBt2Ky7,400
nwga,*****DINETTE*****4 CHAIRS******GLASS TOP****W/MATCHING BAKERS RACK****,00m0m_4RRk6pog8eR,100
nwga,***OFFICE DESK 3 PC***W/HUTCH GLASS SHELVES**** LIGHTING***,00T0T_93X69o6b0od,400
nwga,~ Beautiful Antique Queen Bedroom Set ~,01212_aotRosJoFTp,500
nwga,Wood Stove by Logwood,,195
nwga,Kirby Vacuum/Shampooer,,550
nwga,Queen size - Sleep number bed,00505_j9YqR7aNhpq,550
nwga,Church pew/bench,00m0m_eK38wZSccAd,350
nwga,Queen Mattress,,20
nwga,Mattress - Queen Size Memory Foam,,100
nwga,round table,01212_ev4L1mdnbyU,50
nwga,IKEA Stuva loft bed in blue. Like new!,00w0w_b4b4NLJoTdw,400
nwga,Dining room table,00X0X_dspB9gWNghR,350
nwga,Coffee table,00909_kZ9Cnrekpyz,
nwga,BEAUTIFUL entertainment center,00t0t_dNJUCdssy3v,1500
nwga,Queen bed frame and box spring,00505_7VFkOjjAKCj,150
nwga,Chairs for sale,00Z0Z_5mj6RIlSrDd,20
nwga,IKEA pond chairs  and footstool,00b0b_lkHFR5G4BIR,50
nwga,Rustic  barstool,00101_kRkv8tJgoMu,90
nwga,ADIRONDACK FURNITURE,00404_cnaMNPr0rIi,75
nwga,Single bed all wood with mattress.,00h0h_fR8um7Z64Kh,175
nwga,3 piece sectional for trade,00s0s_2X6wrDgVL4F,1
nwga,Table and chairs,00I0I_hg6Vdczhk0N,100
nwga,Teal Blue Wingback Chair,00T0T_bfR3XUGY4cX,55
nwga,Black Standing Lamp,00b0b_6y99wSXmpi0,15
nwga,Beds,01515_hyl2OKjgqIk,150
nwga,Upholstered Fabric Dining Chairs,00Q0Q_iyCeomrof2a,300
nwga,Solid coffee and end table,00v0v_lbTI3gjB95J,50
nwga,Reclining Couch,00g0g_21xtMqFeUyD,99
nwga,Bar with 2 Stools/Wine Rack,00606_jOaCVwFGmEm,195
nwga,King size floral mattress,01515_HMjdgBiIOz,100
nwga,Dinning room table &4 chairs,00Q0Q_4bpOv4QuxEw,125
nwga,Old dresser,00606_jHN9y0xR8wl,150
nwga,Coffee Table,00R0R_l4VWLJIrhAr,15
nwga,FREE USED BEDS,,
nwga,Dining Room Table With 6 Side Chairs and extensions from Rooms To Go,00K0K_hKl6G4ENohI,500
nwga,"54"" Ceiling Fan (reversible blades)",00J0J_iIceB4YjT2N,15
nwga,Antique Victorian Wicker Rocking Chair,00A0A_aI6ZyeLNzZb,150
nwga,"Moving: Furniture Sale!! Bedroom sets, Chairs, Couch, Lamps, Tables",00j0j_3t59sBI00a7,1
nwga,Dining table with matching China cabinet,00404_2d3gE5Pz0dX,350
nwga,5 Piece King vintage Thomasville Bedroom,01111_9ji94mrCuib,500
nwga,Retail Store Closing - Furniture for Sale,01717_ie9ul49hlDx,650
nwga,BEAUTIFUL CHAISE LOUNGE - NEEDS TO BE REUPOLSTERED,00c0c_i9T0tBc8B9z,35
nwga,Large Sectional Reclining Sofa,00Y0Y_kxOvM8zQdnP,900
nwga,Adirondack Chairs,00p0p_9D6176wy1Nr,75
nwga,1 Coffee and 2 end tables,00J0J_emcEEjHkLd,75
nwga,Like new!!,00W0W_dROTuVJQr17,
nwga,full size bed with rails,00w0w_hsmv4g9F0N4,50
nwga,Jenny Lind Bench,00Z0Z_1KI2XiTKZLJ,100
nwga,Folding chairs,00z0z_ddIM1Xxq6ZJ,15
nwga,Rocking chair,00x0x_gqej6ifd6l5,30
nwga,Glass top desk,00m0m_dSCzg08Pz12,75
nwga,Couch and loveseat,00R0R_8B8D4WR2aci,250
nwga,Thomasville Dining Room Set,00X0X_86jF3ndgbe3,1500
nwga,"Wired Cubicle Workstation - 8'4.5""x9'10.5""",01313_1nDwFDccdYW,500
nwga,PAIR ~ PIER 1 BAR STOOLS AND SIDE TABLE,00w0w_6xC3nBXi8l8,1
nwga,Patio cooler,00909_lb1s1ptpIVU,40
nwga,Mountain / Country Wood End Table,00z0z_d4y2TqpCTax,25
nwga,Side table,00G0G_9mzKpxtAn3u,45
nwga,Pub Table & Chairs,00808_lIRBctCFCcC,75
nwga,Mirror,00B0B_lVKbcZbJD8U,45
nwga,Night Stand,00S0S_ejYGrlFrBFr,50
nwga,Sofa- Lazy Boy,01414_6RFIRIBfPaJ,50
nwga,Entertainment Armoire,00b0b_6sNFM2oZwWm,50
nwga,Church Pews For Sale,00l0l_fq9u8UQlGTJ,200
nwga,TV Cabinet,00N0N_69dHOlLwCbU,400
nwga,Tile top table with 4 chairs,00202_kSLHPh4mt6d,40
nwga,Ethan Allen Dining Room Table & 6 Chairs,00b0b_4HSYIScGUhX,250
nwga,Dining room set for sale,00p0p_df1BU2WgtJn,1000
nwga,Chandelier,00t0t_k6PMWzeXTDJ,400
nwga,Bedroom Furniture-Solid Wood-$300-Reduced $285,00k0k_8ZjH4aY87WA,300
nwga,Bar stools,00O0O_cwEyqmRo4tc,50
nwga,Dinning set solid wood +tile,00g0g_dIyzvPQ7FTI,50
nwga,Swivel stools mod and comfortable,00z0z_2caPZDDdToN,25
nwga,Curio,,125
nwga,Everything,00909_2oVbGEW8V0S,
nwga,Brunswick Prestige Regulation Pool Table,00X0X_50cGpmIdpu5,6000
nwga,Storage Bins,00z0z_ckA8DKupeaI,15
nwga,Beautiful queen size rice bed,00m0m_ho5NadZixRq,250
nwga,Dining Room Furniture - $300 OBO,00m0m_6dmSdpNzzBR,300
nwga,Executive Glass-Top Desk,00J0J_l5qN3hIMdor,95
nwga,Executive Desk,00f0f_k1UQr3NMmOc,225
nwga,"Chair and a Half, End Tables, Lamps",00X0X_2tLZxka2f3y,325
nwga,"King Bed Frame, Box Spring, Mattress, and Dresser",00v0v_fJEtWPoNpLR,350
nwga,Tantric yoga sex chair,00f0f_9oaOcRZGeEd,100
nwga,Bedroom Set,00i0i_cDzHt33pb6K,135
nwga,Filing Cabinets,00101_fVHRkWuLdmU,90
nwga,Red sectional couch,00808_e7CJk2I7xjQ,150
nwga,Chairs,00k0k_2qWUo270gyp,1
nwga,Living Room Furniture - Coffee Table + 3 End Tables + Sofa Table,00808_2GrqdMi1k0C,175
nwga,Marble side table,00h0h_5wUaxPbgsD7,40
nwga,Queen-size foam mattress,00e0e_a9B9U5p7tVb,200
nwga,Beige Recliner,00H0H_kZbezgQMDQb,100
nwga,Oversized chair with Ottoman,00y0y_4hdDC59bONF,100
nwga,Hampton Bay Middletown Patio Dining Chairs with Chili Cushions,00303_dwW6arAhOVC,275
nwga,Butcher Block Kitchen Island,00000_aHz2z7WEVUp,75
nwga,9 Ft Kasson Slate Pool Table With Extras,01515_7XEw4CFDkdj,650
nwga,King size headboard $400 obo,00Z0Z_7fMrivFsxHa,400
nwga,Patio furniture,01212_dTEWttyhsXE,199
nwga,Living Room Set For sale.,00K0K_5tAfr2BiN31,1500
nwga,Cabinet,00v0v_eZRo3hSFVlc,400
nwga,Cindy Crawford - Rooms to Go Couch & Loveseat,00m0m_589WgM364WH,750
nwga,Room Divider- Metal Frame,00707_j0Z7zhCO1fZ,50
nwga,Wicker Chaise-Lounge. Older -Vintage?,00q0q_2PEI8wGGhO2,70
nwga,Lazy Boy Recliner,00l0l_9xHEbGEJmWg,200
nwga,Small sectional,00505_20hMTjbMIaq,200
nwga,Beautiful Hand-crafted Entertainment Center,00T0T_jARlLc071PU,1500
nwga,Bar,00v0v_3AWNKFqSXJ3,150
nwga,moving sale,00n0n_1CnpvaarHem,
nwga,TV Stand,00m0m_bhlQbKBBagm,40
nwga,Dining room set,00l0l_hSXsDKXzC91,1000
nwga,Kitchen Table,00D0D_kWmUib5frWr,35
nwga,Entertainment Center,01414_2L5818czxrU,550
nwga,Olive Green Love Seat,01111_4AACZ6rPkk7,100
nwga,Solid Oak Round Pedestal Table + 2 Oak Chairs,00x0x_cCQ1njWcNqx,120
nwga,Mirror,00Y0Y_21HrdxFoGRL,50
nwga,Cherry Entertainment Center,00W0W_jF4AAzyx47n,1500
nwga,Antique table,00j0j_dQhxEHOauTC,100
nwga,Bedroom Suite,01616_6wNG5aymQuY,385
nwga,Table,00r0r_fZEr1XcFHMK,25
nwga,Beautiful Armoir,00q0q_6tQJBfZecZJ,100
nwga,Used kitchen cabinets,00v0v_dAg3Fsto0ls,175
nwga,Stereo cabinet,00c0c_jlJwGlrSXuq,200
nwga,Furniture,00808_jAEe9xGSDuX,150
nwga,Mid Century Modern•Kroehler•5 drawer dresser,00m0m_kVZjG7kM5xh,350
nwga,Entertainment Center $250,01212_bXmMLIO1wHY,250
nwga,BEAUTIFUL THREE SWIVEL KITCHEN STOOLS,00Y0Y_3ewS43Na98X,150
nwga,Pair Framed Floral Prints,00Z0Z_jCt5wuEVYG5,70
nwga,Framed Floral Print,00l0l_5sNrmRQ4OJP,35
nwga,Floral Print,00P0P_kUiQWGwgTin,20
nwga,Table and four chairs,00x0x_7buUwvRPdiL,200
nwga,Custom Made Bench,00x0x_1MREEgNpHIi,100
nwga,Bench,00x0x_grsqLfogR3L,50
nwga,Shelf,00h0h_cpyUcmPWcLV,40
nwga,Office Chairs,00101_4gnRXzaO5cD,25
nwga,Futon Frame & Mattress,00C0C_93zZf3KXXKB,80
nwga,Tv entertaining cabinet,01111_6Q57uyuGKnX,375
nwga,SOFA SET,00f0f_csIqSalYC5E,600
nwga,SOFA SET,00f0f_csIqSalYC5E,600
nwga,Round side table,00P0P_3XurZfkOn94,20
nwga,Two Side tables,00j0j_wmfodDnvAu,40
nwga,Single armchair sofa,01515_6XbTmV4PMZy,20
nwga,SHABBY CHIC HUTCH,,450
nwga,Beautiful Counter High Kitchen Table with 4 Chairs,00S0S_78Yy4aLAvqv,200
nwga,Pedistal Free Standing Tub,00x0x_lBU6k97Tqnl,400
nwga,Box spring gently used,00303_d8Sm8WuNEg7,30
nwga,Wooden 2 drawer golf organizing furniture,00G0G_5obgxGd4Hr4,60
nwga,Beautiful solid oak queen bedroom suit,00z0z_9fg7mRagNCm,350
nwga,Dining room table and Chairs,00a0a_b6PGB17mNp4,300
nwga,French Provincial pieces,00G0G_9mzKpxtAn3u,115
nwga,Signature design Saveaha Chest,00M0M_8NRc4WrH9v,180
nwga,Broyhill China Cabinet for sale!,00h0h_3h1LXEDrNro,500
nwga,Couch,01111_7gJveTUy8Ld,250
nwga,Cheffrobe,00S0S_iG7K9GfJM1L,35
nwga,Commercial Mobile File,,50
nwga,Mid Century Miami Modern Cocktail Table,00j0j_gkwsr88EqEw,
nwga,Beautiful Broyhill Faux Bamboo 5 Drawer Chest of Drawer,00C0C_2D68zRuGNx0,225
nwga,Solid wood queen size sleigh bed,00303_1EMgHqn0GHB,350
nwga,Farmhouse Table,00303_iCl5POuMJNt,550
nwga,Futon,00e0e_7AOu8Nb94mf,75
nwga,Antique Korean coffee table and end table,00T0T_6nVPB1OMd3p,2000
nwga,"Antique Korean Bar, Coffee Table and End Table",00C0C_at16dhVL1Gw,5000
nwga,Pine Cocktail & Sofa Table,00707_edWC9i9AT7J,150
nwga,Sectional Wedge,00q0q_lSInyBbPJFp,100
nwga,Cypress Porch Swings,00N0N_bYeN7qD1jI8,220
nwga,Pallet bench and lounge chair,00Y0Y_i63pzd53lVp,45
nwga,Glass dining table with 6 upholstered chairs,00a0a_b6PGB17mNp4,300
nwga,Leather couch,,225
nwga,Commercial Shelving,00j0j_adxfewiOFiB,25
nwga,6 Piece Bedroom Furniture,00b0b_79FijPygpsk,700
nwga,Furniture for sale,01212_dItpPczGlPq,130
nwga,Bunk Bed,00N0N_9TfAcA3NKQS,95
nwga,Sectional,00k0k_59aaYn9uSsk,500
nwga,Pallet furniture,00Y0Y_i63pzd53lVp,65
nwga,Sleeper Ottoman,00n0n_4qrc09Aydlv,175
nwga,"Moving Sale, Multiple Items In Like New Condition",00L0L_6n9Z0VcE40p,
nwga,Solid wood bar stools,00Q0Q_g7stqp9mnlK,75
nwga,Recliner,00404_kXMaTB0PfQv,85
nwga,Accent chair,00r0r_a06piECBecm,40
nwga,"Reclining couch and loveseat and washer n dryer,king mattress , pool",00Z0Z_70OfDQFFROT,200
nwga,King Matress only,,40
nwga,Hanging rustic shelf,00W0W_3rB3KLBHZYs,15
nwga,Coffee Table,00000_by3YGloD4ln,400
nwga,Quality Used Chocolate Brown Faux Leather Love Seat Couch,00808_6DsxHTyPN4F,150
nwga,Small Leather Recliner,00m0m_hvQ1IoM7zVE,20
nwga,Nice couch for sale! $30,00H0H_4d3YAKMIfYM,30
nwga,"Broyhill Entertainment Center, Two End Tables, Coffee Table",00m0m_9YAWQiATCfl,750
nwga,Wooden desk,00O0O_dxSz3snW2dK,50
nwga,Entertainment Center,00J0J_4eU21OGErtP,200
nwga,Entertainment center,01414_5nHIWpRgdJm,150
nwga,Dining table W/ 4 chairs,00V0V_g1OOaYXV4il,125
nwga,Cindy Crawford couch,00202_c6thfA8tkA5,400
nwga,Bunk bed -black-,00Z0Z_90CwRuTeeCL,100
nwga,custom conference/dining table *exotic tamarind,00f0f_gImtpbNbdzZ,
nwga,Glider rocker,00i0i_8MVx3aCCVhH,100
nwga,VINTAGE TABLE,00M0M_7d1bTq8eD1R,300
nwga,wooden executive desk,00y0y_E6frjmJFCb,25
nwga,Hospital Electric Adjustible Bed,00w0w_8hgQEe8eXqO,200
nwga,Sideboard Buffet / Fine Furniture Design Manufacture / Great Price,00707_gxou0KwUvcz,450
nwga,Display Shelves,,5
nwga,Store full of variety merchandises,00Q0Q_fmeZMUlYwmh,1234
nwga,Vintage Windows,00q0q_jsKtL7ScTDw,20
nwga,Green Shutter Shelf,00a0a_hjcI9nFLrvF,20
nwga,Drexel Heritage Media Cabinet,00j0j_4xii9XlHEBG,275
nwga,Stanley European Cottage Media Chest,00B0B_dh9UNXTS08D,1175
nwga,Sofa Futon convertible couch,00n0n_3RtuPMLvI7K,150
nwga,"Queen Mattress, Boxspring and rails",00i0i_fqdqYHZfUqj,100
nwga,White Leather Sectional,00303_4xrBeXQKlzz,500
nwga,Oak and table,00f0f_fBXfyl4DiwP,15
nwga,Vintage full headboard/footboard,01717_iQR14jKHaSz,30
nwga,Metal & Wood  end table,00N0N_kpgSvWxx1rS,40
nwga,Small dresser,01010_k2SDghZ8b2d,75
nwga,Barn Doors Built to Last - Made In USA,00L0L_flyTJN3SCz7,325
nwga,Curio Cabinet,00d0d_eJ3P7Xj7iy0,150
nwga,Ceramic Bar Stools,00404_n3TMcJ6aP5,165
nwga,Couch and Love Seat,00C0C_eO7lSdWwLZN,275
nwga,Pulaski Dining Room Suit,00Q0Q_889daYKJCBs,2500
nwga,"2 Chairs, Pennsylvania House",00X0X_ewOgDTvYXQB,20
nwga,Antique Arm Chair,00o0o_b2qfiE1f64T,100
nwga,Great condition Sofa,00t0t_fG3xgqA67OO,50
nwga,2 great chairs,00n0n_7MhkQZWftX2,20
nwga,Adjustable Full to Queen bed frame,00f0f_6FhU81XeYvu,50
nwga,"Dining table, chairs and China cabnet",00808_3CFkqqMRYuh,650
nwga,Dining room table and Chairs,00G0G_a4IB6sCJUP5,350
nwga,Dinning table with insert,00Y0Y_8k5AEhhNagB,75
nwga,Dresser,00D0D_37owBqq3Ino,75
nwga,Antique Sofa *IMMACULATE,00S0S_6LOZyvkhklb,300
nwga,Round Stone Vessel Sink in Beige Travertine,00m0m_2wVU9lxjMrR,175
nwga,1800 ENGLISH PINE CABINET this is all original and very nice!! Rare!!!,00303_Zcuz78zeLm,800
nwga,Brown Leather Couch and Chair,00w0w_e7sRll4bWid,100
nwga,Brand new king size pillow top mattress,,100
nwga,Entertainment Center,00000_9lirtOnVAtC,500
nwga,Full size matress and box spring,00t0t_4FMWRUU3DdX,350
nwga,Rustic Custom Made Retail Furniture For Sale,00202_iA9SKvA1eCH,650
nwga,"twin size head board,foot board,frame,and vanity. all matching set",00909_fUNSZD0DP1n,65
nwga,"Lamp stand cabinets , 2 piece , black & gold",00j0j_4IdEY40IFLG,69
nwga,Brand new couch and love seat,00G0G_iQ7VQ1Q436R,600
nwga,ANTIQUE WOODEN DINING CHAIRS,00p0p_b8YdOsrqr6d,275
nwga,Leather Recliner from Macy's,00v0v_4TzXJECCc8D,550
nwga,Farmhouse used table,00a0a_aJIJ0TNspxq,85
nwga,Chairs w/ottoman Drexel Heritage - Lillian August Fauteuil,01212_7uvcUifpfRg,895
nwga,Furniture,00q0q_jqBfTU58HBt,75
nwga,Full size bedroom suite,00B0B_cNTY7DwpNWA,400
nwga,Adjustable Shelve,00w0w_6vLxLOmZePx,125
nwga,Entertainment Center,00606_9bLft9Mz2eA,45
nwga,Like New Black Ladder Desk and Matching Swivel Chair for sale!,00r0r_2mfie18R3pK,125
nwga,antique chair,01111_gTm38LOFrqE,40
nwga,Sofa and love seats for an amazing price!,,
nwga,Char Broil Grill,00O0O_9ValbV6xepI,30
nwga,Save money here!!,,
nwga,Misc Furniture For Sale,00T0T_9KOBOSUM9Z4,
nwga,Big savings on sofas and loveseats!,,
nwga,Awesome living room deal!,,
nwga,Come fill your whole house here!,,
nwga,Great savings on sofa and loveseats!,,
nwga,Bedroom sets available in all sizes!,,
nwga,Best prices in town!,,
nwga,Furniture,00X0X_6JLaeO6TUS7,50
nwga,durablend leather couch 2 recliner chair - $950,00l0l_aDpI5xCNiZm,950
nwga,Varidesk Pro Plus 36,00101_2Lly8HJKQYj,280
nwga,Kitchen Table,00101_61kt1T88RI4,300
nwga,Kitchen Hutch,00303_aeGpZu60rSN,400
nwga,Metal desk,00s0s_3f3eLdRMrXI,40
nwga,Farmhouse Table,00g0g_hloeklsNdK3,350
nwga,Cherry Entertainment Center,00O0O_8YRkxPGsObZ,35
nwga,Red Bucket Chair,01111_eP5KXmDBBnG,60
nwga,Washer and dryer,00909_6W02gZnoRtX,175
nwga,Many restored or custom made items.,00O0O_dVUI3zhtcuy,1
nwga,Vintage Adirondack furnature,00j0j_gZg9PRODv5x,115
nwga,like new sectional sofa (Red) MUST GO,00p0p_b2cLREEJUrJ,375
nwga,PEDICURE CHAIRS,00G0G_6vBg2GpF3MP,300
nwga,Couch,00I0I_6bKyZDPpko2,300
nwga,Couch in canton!,00k0k_j1KQLUzmz9u,60
