oregoncoast,Buffet,00202_iE8JnrmAHNL,90
oregoncoast,Wooden table and chairs,00I0I_eicCddYprCj,50
oregoncoast,Mirrored Chest,00202_gvX5NtQ4wMl,200
oregoncoast,2 MISSION OAK END TABLES,01111_4JstndXz3Pe,80
oregoncoast,MISSION OAK COFFEE TABLE,01111_4JstndXz3Pe,90
oregoncoast,Wood Rocking Chair,00707_hgajvKnXdzn,23
oregoncoast,Office Chair,00g0g_dTCi2q0qxSf,20
oregoncoast,L shaped glass desk,00H0H_kWu6sMgzv3l,150
oregoncoast,leather rocking recliner,00X0X_h4dSP2Cgkjx,300
oregoncoast,chocolate leather couch,00U0U_er4tciesOCr,250
oregoncoast,Red Ladderback Chair with Cane Seat,,25
oregoncoast,Hitchcock Table and 2 Chairs,00n0n_6NAxUvUG40K,200
oregoncoast,Pool table,00606_3GvBGKRbJmL,350
oregoncoast,Lazy Boy COUCH and other FURNITURE and APPLIANCES,00L0L_cBLiokzp601,1
oregoncoast,"Power Recliner couch, Appliances, tables, more",00L0L_cBLiokzp601,1
oregoncoast,Bunkbed,01515_aK1LdRGDNuq,350
oregoncoast,"Micro Desk made by Bush model WC3706, new in box.",00Q0Q_jRtfYuyBv35,45
oregoncoast,TV Stand / Cabinet Techcraft SWBL48 New in box,00B0B_aunlalWIuUd,175
oregoncoast,1930's Blonde Wood Waterfall Furniture Set,00q0q_df4IaC9k2Mf,500
oregoncoast,Ethan Allen King bedroom set,01212_iJvUGG34Ws,2000
oregoncoast,S Bent & Bros dining chair set,00q0q_aNLTrylkq6E,500
oregoncoast,"Reclining Couch, antique rocker & table",01515_c0xMrt93jrS,
oregoncoast,Blue Slipper Chair,00g0g_3i7DtrRHwIB,50
oregoncoast,Rocking Chair,01111_fbf6oRtHtlL,75
oregoncoast,Burgundy couch,00X0X_4wjvg19okwZ,70
oregoncoast,Love seat,00f0f_fFO42Bym87G,65
oregoncoast,Drop Leaf Table,00w0w_frktmEFk6OA,40
oregoncoast,King Bed Set,00x0x_5ViNOlui5mt,500
oregoncoast,Oregon wood art,00303_LLhM4zjrUO,
oregoncoast,Ikea Kivik Sofa,00L0L_679KIlsVEgk,25
oregoncoast,Small Side Table--Marble Top--Black and Gold,00C0C_4zphdqzYpA,15
oregoncoast,Two (Wood?)Fold-Up Chairs,00n0n_819LKp3chwY,15
oregoncoast,Lawn or Deck set of Table and Chairs,01414_as17fFJZEPV,140
oregoncoast,Tall White Shelf,00y0y_7iIlnbcFxCe,5
oregoncoast,Oak Night Stand,00x0x_1R5vAZarE7,5
oregoncoast,Solid Wood Dark Stained Dresser,00A0A_7xVqCXawl21,100
oregoncoast,Antique Dresser,00M0M_yt5CLFapms,225
oregoncoast,3 Piece Leather Furniture Set,00n0n_7QvxitUT4Fl,1000
oregoncoast,Mirrored dresser+matching pieces,00S0S_4jWNfiY1E31,245
oregoncoast,2 Small End Tables 1ea. $5.00    1ea. $15.00,00808_1XjWBaiYWdZ,
oregoncoast,"Desk, Bookcase, Barstools and Wall Art",00d0d_8cukIshM0W8,100
oregoncoast,Tall table and Matching Stools,00N0N_eLKx8ymJlXW,75
oregoncoast,6 foot counter style rear loading glass showcase,00b0b_hJaD2dbPv9f,80
oregoncoast,6 foot showcase with glass shelves and rear doors,00505_aHXrWYox3cH,120
oregoncoast,4 drawer Dresser,00R0R_lllO65BpJ2e,30
oregoncoast,Winners only computer office Desk + drawers High quality,00000_povaVZGnz4,500
oregoncoast,White Genuine Leather Chair,00p0p_fFAfKy8WPyi,40
oregoncoast,Downsizing? We Buyout Furnishings and Furniture Estates,00N0N_46f9LTWnCaz,100
oregoncoast,Drafting table,00y0y_ihfmF79kkNX,85
oregoncoast,Large brown Stratolounger recliner,00H0H_2mYF8RsmU6e,150
oregoncoast,Candle Stands,01313_e6IR9yS4ru6,20
oregoncoast,Leather Recliner,00g0g_f1wsPkHzhUi,60
oregoncoast,4 Dining Table Chairs for the Holidays,00n0n_99PYJUA5xbN,40
oregoncoast,Pub Table and Chairs,00M0M_907lBTj693I,200
oregoncoast,8 INCH DEEP FULL SIZE MATTRESS,00w0w_hqGPlaAg0uh,110
oregoncoast,Pair of Oak Swivel Bar Stools,00m0m_csVYojBxmdK,50
oregoncoast,Bed Frame - queen,00202_akMDd8yLvtJ,100
oregoncoast,Solid Oak end table with shelf,00606_6JUZLH5BpSz,20
oregoncoast,Headboard for king size bed,00303_4m1wOh0ZTTN,100
oregoncoast,QUEEN SIZE FUTON COUCH,00a0a_6I5SOrQVDxU,150
oregoncoast,Entertainment Center,00i0i_f0Ym4qfbVjK,20
oregoncoast,Custom Farmhouse Tables - Free Delivery & Setup,00505_eBY3jFu9rf8,600
oregoncoast,Entertainment Center,00U0U_7xgspkxXhr2,1
oregoncoast,Computer Desk New Condition New Price,01414_3VrlCziTCJk,45
oregoncoast,King sized bed.,,150
oregoncoast,Sign art decor,00J0J_l2xMXC4ZSyC,65
oregoncoast,Sign art decor,00202_5wVKw5rsLqf,65
oregoncoast,Mermaid sign art,00n0n_ftAyejld9jN,65
oregoncoast,Wooden Bar Stools (set of six stools),00Y0Y_ey3r1sYmAJI,50
oregoncoast,Nice solid wood Dining table & chairs,00Y0Y_hOC8ila3vUe,300
oregoncoast,pair of stools,00n0n_dQ93LvcW0BY,50
oregoncoast,Nearly new couch w/hide-a-bed that is actually comfortable!,00202_7DWfi5z9xf0,200
oregoncoast,Beautiful French Provincial Sofa,01616_6NPfrnuqHIu,250
oregoncoast,Very nice wooden table with four woven chairs.,00i0i_hrUma3kYPGx,125
oregoncoast,Twin bed and frame for child,,100
oregoncoast,Seaward trunk,00606_6I9EFUVggbb,25
oregoncoast,Handmade Wood Coat rack with beveled glass mirror,00e0e_l6OXxTyQYT2,30
oregoncoast,Huge brown leather chair with ottoman,00U0U_6ekCpRix2yb,110
oregoncoast,Sand dollar sign art,00z0z_cvUn4wut4JP,65
oregoncoast,ANTIQUE SIDE CHAIRS,00k0k_jAzoAWwR6s8,250
oregoncoast,Quality furniture sale,,
oregoncoast,Twin Loft Bed,00J0J_jlXkkZ5BQ3U,200
oregoncoast,Sealy Posturepedic Hybrid Copper Queen Mattress w/ Box Spring,,650
oregoncoast,4pc. Bedroom set,00W0W_cGEN2JJMVo0,300
oregoncoast,Iron Wine Rack and Room Divider,00F0F_ghZRp5NGtDB,400
oregoncoast,Love seat / Daybed - GREAT CONDITION (will consider trade),00E0E_eR19HMZ4y44,35
oregoncoast,Fred Meyer folding table,00E0E_jW6pTx7oeeY,10
oregoncoast,End table,00D0D_6p0FYu5PjPI,30
oregoncoast,Unique Coffee table,00C0C_cd6tVjssq3c,40
oregoncoast,King size bed,01616_7aIDK73Z8rN,200
oregoncoast,Lighthouses and more Lighthouses,00G0G_20swMZwIXYg,3
oregoncoast,Lovesac,00E0E_2P15nJnKY4n,150
oregoncoast,Lighthouse table and decor,01616_loBYFNxfss0,20
oregoncoast,Stained Glass Decor - Multiple Pieces,00N0N_8p9QHPV6Gbr,150
oregoncoast,"White Bedroom Media Chest, like new",00V0V_8LkVFkIR9to,400
oregoncoast,CHINA BROYHILL CABINET,00O0O_8Y4ZoeY0L0M,450
oregoncoast,MIRROR SOLID OAK,00P0P_9lMRrbTOcej,35
oregoncoast,Store closing. Everything must go,00R0R_5zrjUIDl6cV,4000
oregoncoast,"Couch, flexsteel",00V0V_bQr5tVm4Y0w,100
oregoncoast,"dresser, mirror",00j0j_5QJUmmE2hEE,800
oregoncoast,Round end tables,00r0r_ctOrRruHRlL,65
oregoncoast,Vintage stroller basket storage,01515_6pc7WVRF3jv,95
oregoncoast,Bench ottoman end table,00H0H_CnzHw1PCyK,25
oregoncoast,End side table night stand,01313_gPKqaGyQb7n,39
oregoncoast,End table night stand side table,00L0L_j3OsCREjFgI,20
oregoncoast,Hope chest bench table,00I0I_5XYVpVL9jsi,95
oregoncoast,Bench end table night stand,00r0r_2ddVrZ2pyAx,25
oregoncoast,Beautiful queen headboard,00F0F_hpODFC9vgHw,370
oregoncoast,Side table,00M0M_etmUodscc6d,38
oregoncoast,sewing table or desk,00G0G_5NDCkxMBVwb,50
oregoncoast,nice coffee table,00G0G_joKGzw8xyn3,40
oregoncoast,nice coat rack,00O0O_3TKnyghwTjj,30
oregoncoast,nice ceiling fan with light,00X0X_gkm3cEJjlxZ,125
oregoncoast,Traditional Bar with Marble Top,00L0L_l6fQ9rb5TJ,550
oregoncoast,Wooden Picnic Table,00I0I_5Rbak2PaDIr,150
oregoncoast,Wooden Picnic Table,00V0V_5BuvvVMirao,150
oregoncoast,Rattan chair,00e0e_3zwyvvTr2OS,80
oregoncoast,Bookcase,00m0m_aMoyY3gZFvW,60
oregoncoast,Sofa chaise and loveseat,00M0M_ly7JIU8vKdg,800
oregoncoast,TV Stand with Two Black Tempered Glass Shelves,00G0G_lcBU3LdJfIP,50
oregoncoast,Loveseat and queen hide-a-bed sofa,00f0f_12ua5zfKc8X,270
oregoncoast,Broyhill China Hutch Cabinet,00707_hqV6OAGF4Cm,400
oregoncoast,real heavy wood end table,00W0W_6zlzWQPTaLp,60
oregoncoast,Oak entertainment center,00Y0Y_dTwoJEpPsmA,40
oregoncoast,Log buffet,00505_cPhwH6bRuTh,1800
oregoncoast,Large wall art,00000_1mkfNSajHXf,20
oregoncoast,Man Cave Furniture. ONE OF A KIND!!!! (Bowling Alley),00I0I_iTuYX0xqprT,5000
oregoncoast,Glass top end table made of wood,00E0E_eVqNvWvZFU7,20
oregoncoast,Wood top table and 2 soft seat chairs,00f0f_kew3Zm5TJCr,60
oregoncoast,couch for sale,00t0t_gak58FEIEIV,100
oregoncoast,swivel Chair for sale,00w0w_dPLK9n4Kyap,50
oregoncoast,Darling Chest / Trunk MUST SEE!!! ðŸ˜‰,00S0S_eeYT7O3rUa8,75
oregoncoast,Recliners,00E0E_8E1bvGuSYPe,20
oregoncoast,DINING TABLE AND 4 CHAIRS,00j0j_h8VeS0QUpjX,195
oregoncoast,"Cute, Wood ~ 3 Drawer Bedroom Dresser",00S0S_2hmAQbe4cEs,28
oregoncoast,Darling Wicker Shelf - 3 Shelf + Lower Compartment Storage Area,00909_d0dnORp4Vou,20
oregoncoast,Entertainment center,00l0l_377D2D8OdL4,50
oregoncoast,Lighthouse carving,00n0n_dm0hvdchBqC,20
oregoncoast,Coastal Couch,00D0D_bN5Puc7H8OM,150
oregoncoast,"Linenspa 10"" Cooling Gel Memory Foam Matress",00M0M_l3y7ci6ZcnH,320
oregoncoast,25 Wooden Activity Chairs,00r0r_9qT4vIwHmp9,10
oregoncoast,5 Wooden dining chairs,00k0k_4um96eGFS6X,10
oregoncoast,Wine Bar,00e0e_hNZYdl2D5Ba,75
oregoncoast,Hida-Bed Queen Sofa,00F0F_cgNWfjcil5k,360
oregoncoast,Futon,,150
oregoncoast,Big Comfy Chair,00M0M_lFitN2ZJR3P,20
oregoncoast,Sanyo TV With Coffee Table,01717_auXTdu6aigF,25
oregoncoast,Wood Dining Table and Chairs,00q0q_1fl8cwxEjla,100
oregoncoast,La-Z-Boy James Reclining Sofa,00V0V_i85aEe3oUcQ,600
oregoncoast,Grandma's Antique Lil' Kitchen Table (2) Leafes Chairs Optional L@@K!,00Z0Z_30s1G8hDYT,35
oregoncoast,Beautiful tile and wood coffee table,00R0R_5Fvqy9bMeRe,175
oregoncoast,Rustic Farmhouse Shabby Chic Kitchen/dining table,00r0r_adDPzOoCGlJ,300
oregoncoast,Pottery Barn Sofa and Ikea Chair,00V0V_4OJZVoteDLN,300
oregoncoast,Leather couch brown,00D0D_lA3OvShA7zN,200
oregoncoast,End and coffee table,00202_YZQ5D3prqk,145
oregoncoast,Storage Gym Lockers,00L0L_6NRgFvDLWsc,150
oregoncoast,Maple burl table tops,00F0F_hcKqzSPrUmg,150
oregoncoast,Homemade Chair,00V0V_2UoCIZD1gMY,75
oregoncoast,lazy boy recliner(smaller sized),00G0G_iIOyFUpHux8,50
oregoncoast,dresser,00h0h_kOYKPD1dRwe,100
oregoncoast,"Two Sealy motorized bases, fit king together",00w0w_gDpX5PkIs7U,500
oregoncoast,Off white wingback chair,00m0m_g4ZCLAyIGmF,100
oregoncoast,Dining Room Table & Hutch,00505_2h0sQHZerjz,700
oregoncoast,Queen Pillow-top Mattress,00l0l_lurtxgutvH3,150
oregoncoast,Solid oak kitchen table n chairs,00Y0Y_iAzkZUqwLV9,150
oregoncoast,HOSPITAL BED,00C0C_fCMukLO9Ia9,200
oregoncoast,SWIVEL OCCASIONAL CHAIR,00z0z_fPhdc1txo0g,125
oregoncoast,Ladder Shelves,00L0L_6yjzOBY2Zh4,25
oregoncoast,Dining Room Table--beautiful solid wood,00U0U_j5IyqqyvM2e,350
oregoncoast,Night stand end table oak,01616_k41quVfUoYL,20
oregoncoast,Roll top desk,,50
oregoncoast,Hutch,00g0g_2RzaupQjQEo,275
oregoncoast,Tv stand and cabinet,00O0O_kPvAFDcOcGP,30
oregoncoast,Book/DVD shelf,00101_dWjBA3i4bQS,30
oregoncoast,Couch,00505_lSUWWj7ORmP,100
oregoncoast,Folding camp cot,00202_5pV3IoRHIau,10
oregoncoast,Wood carvings,00s0s_exv0lbF0Jwh,20
oregoncoast,Eagle Statue,00000_2hnWSO6huLM,30
oregoncoast,Shelf,01212_kS9zOc8FOOk,15
oregoncoast,Wood and glass end table,01717_1NEVwknJdEQ,40
oregoncoast,Lamps,00505_cLontpvurtm,40
oregoncoast,File cabinet,00P0P_dAFR3kZVdZI,20
oregoncoast,Recliner,00E0E_g6AEvXE0Vkq,50
oregoncoast,Lighted curio cabinet,00x0x_e0A0IeUzXhI,125
oregoncoast,brass and glass,00K0K_erww1RgO9bF,150
oregoncoast,Trunk,00o0o_jD8dQLjAf2W,100
oregoncoast,Matching Dressers,00202_bzBnFaHUuol,140
oregoncoast,4 Black Leather Office Chairs,00d0d_brBjCPGMoV7,175
oregoncoast,Computer Desk,00z0z_7XHMqJwvXkI,75
oregoncoast,2 Lateral Locking File Cabinets,00e0e_juZFP0zZi6L,160
oregoncoast,Pottery Barn Sea Grass Wing Back Chair,01010_9ycMCdbangg,150
oregoncoast,TV,00000_7TBHOp2W3JF,20
oregoncoast,Desk with Return / Glass Top,00i0i_dRHlvhT6L7E,150
oregoncoast,"Moving, need to sale",00e0e_eYVT5bDKxaO,
oregoncoast,Oak All-Purpose Small Table,00v0v_5ugyH1Hgnvc,30
oregoncoast,Cedar cooler ice chest patio cooler handmade,00x0x_1UFEjL3TA9z,250
oregoncoast,"Nice quality chair, wood/fabric",00m0m_14VfGqZcsTu,10
oregoncoast,Living room set,00L0L_5TrXYdLyx6n,350
oregoncoast,4 New Office Wood Visitor Chairs,00Z0Z_ce8XPRXSfLh,225
oregoncoast,Recliner table pillow top,00Y0Y_3OkQHIVnht9,
oregoncoast,Two Bar stools swivel wood fabric,00F0F_cvR0eo0hu60,40
oregoncoast,Green Microfiber Double Reclining Couch - Ashley,00808_4OI9iOoIjtI,275
oregoncoast,Area Rug 9 x 11,00a0a_9QzEANYc7oM,150
oregoncoast,Room Divider,01111_b8rarl3OOEU,125
oregoncoast,2-Person Outdoor Metal Garden Swing - Black,01313_gNjK3qAx6DX,
oregoncoast,La-Z-Boy Rocker Recliner Mauve,00V0V_j0vNbPGg02f,110
oregoncoast,Pair Nearly new Adirondack Chairs,00101_lDgGLXRVkMN,30
oregoncoast,Pottery Barn Coffee Table,00k0k_8GOu6iQg6wN,200
oregoncoast,Mid-Century Folding Table,00909_5KmuqxNVi0f,100
oregoncoast,lift chair,00s0s_bizwgfChcyc,150
oregoncoast,FREE! New Loveseat-Dark Brown,00Z0Z_6u9FO5yOxpS,
oregoncoast,large armoire,00909_g2PrfI9TND9,60
oregoncoast,2 comfy convertable chairs / sleep pads in Excellent Condition,00b0b_lQvIwj15krA,50
oregoncoast,Computer Cabinet,00202_6s6m6SlJz5C,125
oregoncoast,Black Leather Chair,00a0a_ctx1JGGhwNN,45
oregoncoast,Office chair,00T0T_kFQJw8Ht0sY,40
oregoncoast,MARBLE TOP ENTRY CONSOLE / CABINET,00N0N_6IluGR3k2op,99
oregoncoast,Dining table and chairs,00303_8MCZoGfLP1S,150
oregoncoast,Tv entertainment center,01414_9OAfTSSOj4f,75
oregoncoast,Four Maple Chairs,01313_kcmVQJgZ6lI,60
oregoncoast,Nice Large Custom Made Wall Mirror,00c0c_hCpglGjFmC7,40
oregoncoast,Beautiful Solid Oak Bar Stools Chairs,00l0l_2RAEuYnTOMF,65
oregoncoast,Nice Computer Desk,00Z0Z_hNOiSx0Cmya,20
oregoncoast,Chest of drawers $40.00 O.B.O.,00s0s_fsOmPq9obSH,40
oregoncoast,* ROCKING CHAIR * $20 Relaxing*Stylish*Comfortable 1 Black - 1 Red,01212_lxrzANIZ4t1,20
oregoncoast,* RELAXING ROCKING CHAIR $20 *Style*Comfort *1 Red *1 Black,00B0B_8OchA57wG5x,20
oregoncoast,BEDROOM SET PRICED TO SELL NOW,,500
oregoncoast,Unique Baker's Rack Great Display Piece for Kitchen or Patio,00909_6ukGFNRmHv7,125
oregoncoast,Expensive ARMOIRE / CABINET / ENTERTAINMENT CENTER ~ Cheap!,00q0q_lcZGmLYZh3v,495
oregoncoast,IRONRITE MANGLE Model 88 ~ An Ironing Machine ~ PRICE REDUCED,00N0N_jMCEyuzJHM1,249
oregoncoast,5-Shelf WICKER BOOKCASE - Price Reduced to Sell,00303_gW3XnYx2Jj7,40
oregoncoast,2 1940's Vintage Metal and Wood Folding Chairs,00e0e_h2tkbbnhja,50
oregoncoast,Tropical King Size Bed Headboard/Footboard,00c0c_5wmZD0WaFhl,200
oregoncoast,Down filled couch,00W0W_lPW2Q29nTWx,600
oregoncoast,Massive Live Edge Slab Table,00Z0Z_4HTSOt8A0nY,4500
oregoncoast,"Small Cabinet  12"" x 31 1/2""H  x 11 1/2""D",00P0P_1N0k4HTHQoi,10
oregoncoast,Wicker Chair and Cushion - Like New - Excellent Quality,00808_29xe1ZgDchs,25
oregoncoast,Country Chairs,00h0h_kBY2Mkt60YI,25
oregoncoast,Barn door - indoor w/ hardware,00z0z_k7b6y4EcnTB,250
oregoncoast,Vintage Art Deco Medicine Cabinet,00202_aeBoTHyV6sw,350
oregoncoast,Executive Office Desk,00Q0Q_i60yUl2roHc,40
oregoncoast,Dinning table with chairs,00l0l_bAykkxmhAFF,450
oregoncoast,Leather Covered Chairs,00K0K_an1G3NGvBxP,50
oregoncoast,Solid oak end tables and coffee tables. Lift chair.,00T0T_oAyAd7Jxvz,125
oregoncoast,"Cedar, Alder, Birds Eye Maple + Custom Furniture",00f0f_7M9jnCTOkJi,
oregoncoast,Table and Chairs,00a0a_1GUdwoN09Pe,200
oregoncoast,Coffee table,00707_b1JvMSpIs3e,10
oregoncoast,Matching Bedside Tables,00Q0Q_1wuk085OZ56,100
oregoncoast,Schoolhouse Chairs,00808_43xNg7qecV3,7
oregoncoast,SECTIONAL COUCH,00j0j_k5W42TFUMen,75
oregoncoast,Marble Glass top Coffee Table - Gold Legs,00W0W_hj1QItfUk8c,125
oregoncoast,Oak Dining Set,,250
oregoncoast,Love seat couch for sale!,00R0R_18dWF1VRm8S,50
oregoncoast,TV trays with matching pedestal stand,01111_eac96gS7t4W,40
oregoncoast,Thomasville Mahogany banded Chippendale Style Dinning Table,00z0z_cigZbXIhHr9,275
oregoncoast,Bookcase,,350
oregoncoast,Wine Table,00F0F_hxyL4atHp4b,100
oregoncoast,Rocking chair,00u0u_f7iEwvruwcR,20
oregoncoast,Ship hatch coffee table vintage,00C0C_4FERMu9x8lM,575
oregoncoast,Dining Set - MAPLE - 1940's,00909_leSFlCceGl8,250
oregoncoast,Corner desk,00f0f_5HgDVlj2jHx,100
oregoncoast,Nice oak queen bedframe,00q0q_7taMMOF2dos,20
oregoncoast,Recliner,01212_lDjet4AdAmC,40
oregoncoast,Carved Pine waterbed frame w/drawers underneath,00o0o_lrbcC739jBg,200
oregoncoast,Leather recliner,00p0p_gvGUj9ylZkx,30
oregoncoast,Set of Solid Wood Dining Chairs,00C0C_jGrZxbM8ibt,300
oregoncoast,Small Light Weight Stool New Condition,00w0w_ky9WyChOeiB,15
oregoncoast,Queen bed wood frame Futon,,300
oregoncoast,coffee table,00h0h_65XAW9icntm,30
oregoncoast,Leather Sofa,00A0A_etH67ibOJRq,150
oregoncoast,Maple Drop Down Table,00G0G_1Pwn4r2c5B2,5
oregoncoast,Sleep number Bed,00M0M_kCulpdYbDBe,300
oregoncoast,JELD-WEN  36 in. x 80 in. Primed Closet Bi-fold Doors,00h0h_cOwqbISin0x,20
oregoncoast,Brown Cloth Couch,00p0p_hNicjYVTZLZ,100
oregoncoast,Reclining sofa,00000_9TWghqLdQK8,150
oregoncoast,Hand crafted glass display case,00E0E_c8otwOnyx88,85
oregoncoast,Side table,00a0a_SzvJxP7WGc,45
oregoncoast,Desk,00i0i_2bw6INEga1R,30
oregoncoast,DINING TABLE,00l0l_36B42w1YUDi,450
oregoncoast,Murphy Bed,00P0P_jRp5rSsUiwk,750
oregoncoast,Like New-moving sale,00L0L_2qYj4xiGdTh,150
oregoncoast,Couch for sale -like new,00000_hAVBKT59qAe,75
oregoncoast,Complete double bed and matching wood dresser,01515_ddpe89CbuaN,225
oregoncoast,Vintage West German large floor vase with sailboats,00T0T_4HodTnTcUGB,95
oregoncoast,Tree Root Stands,00b0b_Dq16A2b2H2,150
oregoncoast,Entertainment Center,00X0X_eqB3pKQ93zo,175
oregoncoast,Custom table or island,00E0E_kGO9TrsYJcM,65
oregoncoast,Bedford Black Computer Desk,00j0j_3gQ6Ag1YRe2,300
oregoncoast,TV console,,50
oregoncoast,File Cabinet 4 drawer,00R0R_dbXCSfMtgRx,25
oregoncoast,Shabby Chic Wine Rack,00O0O_2Pd7ZDHCruL,195
oregoncoast,Table with leaf and four chairs,00e0e_8oDxE2GWblu,30
oregoncoast,Armoire,00Q0Q_50y9Z2WvXLH,250
oregoncoast,Wood framed loveseat Futon,00M0M_bcnslyGKm3X,400
oregoncoast,Oak China Cabinet,00L0L_336Dj79fWcx,75
oregoncoast,Lazyboy Swivel Rocker,01212_9x8aUhdtPeE,25
oregoncoast,Unique table and chairs,00808_7Ab9kscYlgl,60
oregoncoast,Two piece reclining living room set.,01515_afOfnV0aw5X,240
oregoncoast,Wood slabs,00303_gxBj3tnjDtX,
oregoncoast,glass dining table and 4 bamboo/iron chairs,00Y0Y_lUGU4woa70G,150
oregoncoast,Desk,00I0I_hhbEYgKvA6N,50
oregoncoast,Dresser drawer $40.00 o.b.o.,00606_7gaDP9GFZTv,40
oregoncoast,dining room table $20.00 o.b.b,00U0U_eFi7orDFuA0,20
oregoncoast,wicker footlocker $30.00 o.b.o.,00F0F_4cDW09BCq48,30
oregoncoast,Oversized Chairs,00l0l_87ILzDBuex0,50
oregoncoast,Grandfather Clock,00k0k_9DQLMz9uGop,200
oregoncoast,Reverse Painted Chandelier,00y0y_6difxJ0c1Fe,100
oregoncoast,"""Wild republic"" display stand",00t0t_3dksdS47Xhy,40
oregoncoast,Kenroy Swing-out Brass Desk-Bed Lamp for Wall Mount,00f0f_31zWnUvw29z,38
oregoncoast,Swivel Rockers,00F0F_M54iTIAc8V,65
oregoncoast,Oak Bookshelf,00j0j_5Xqb4JEakmi,50
oregoncoast,Golden Oak Bookcase,00I0I_6P60OAFUDCu,65
oregoncoast,Dark Brown Leather Loveseat,00U0U_e2YnSQwnNtO,225
oregoncoast,brown couch,00x0x_2rJ7VvczZK4,40
oregoncoast,Club Chair,00p0p_dyWypCeM5Jr,40
oregoncoast,"White/khaki slipcovered down sofa, Crate & Barrel",00b0b_dqo1yegQyZF,400
oregoncoast,Small Vintage Bombay Chest,00A0A_eSJ4n52nDTt,20
oregoncoast,Glass top coffee table and end tables,00b0b_9Q18MHSkbb8,95
oregoncoast,Large dresser for sale,,100
oregoncoast,Entertainment Center,00X0X_eqB3pKQ93zo,200
oregoncoast,Hospital bed,00707_9wYOqAlahbX,200
oregoncoast,Ethan Allen Dining Room table and chairs,00U0U_1zEZHTI5joi,800
oregoncoast,Oak Hutch/Fossilized gemstone rock eggs,00F0F_iO1GbEPkcEX,125
oregoncoast,Solid Oak Custom Coffee Table,00w0w_4DZJE22Hvqh,125
oregoncoast,Roll top desk,00Z0Z_9ZXsFyTMvn0,100
oregoncoast,Oak headboard,00t0t_eHNLlXXPzFP,50
oregoncoast,Oak entertainment center,00l0l_dvsDI1HgeWI,200
oregoncoast,Two Wing Back Chairs,00g0g_6FgqbDzmr7S,40
oregoncoast,Glider and ottoman,00808_dd5yvrSoHeq,20
oregoncoast,2 Small File Cabinets,00p0p_9hS3paZszZ0,10
oregoncoast,Twin bed with mattress,00r0r_aMZjhnhd5uu,75
oregoncoast,Recliners,00W0W_9ykxLqPcnen,95
oregoncoast,Office chairs,00f0f_dj9IAcK1Dhe,45
oregoncoast,Pair of matching vintage chairs,00J0J_2fd63haqEH8,50
oregoncoast,Couch,00S0S_7zung5vcySN,20
oregoncoast,Vintage school desk,00W0W_96ctwOMG8nU,75
oregoncoast,Beautiful Double-Pedestal Wood Dining Table,00j0j_jzP6ibw6hwp,300
oregoncoast,Lighted 2 piece china cabinet,01010_hlciXooGM0G,75
oregoncoast,Crab Furniture,00G0G_c7JihHGD00Z,2000
oregoncoast,Hand peeled white pine,00B0B_eEMjmZkePUU,1500
oregoncoast,Love Seat,00I0I_4TmYJSxGcuH,50
oregoncoast,ROUND 48'' DINING  TABLE MODERN,00y0y_9kZxK1fJaXH,60
oregoncoast,1/4 ROUND SHELVE UNIT,00Y0Y_9t18JpImvbl,75
oregoncoast,BAMBU TEA CART,00d0d_5RBQkWt6Kyg,100
oregoncoast,MID-CENTURY ADULT SCHOOL DESK,00R0R_dQtydRBZwYF,60
oregoncoast,ELECTRIC BED -LIFT CHAIR,,75
oregoncoast,"Hutch, chair's and Hall Tree",01515_iU7QsiqJGiB,
oregoncoast,Vintage Couch/ bed,00X0X_3i7HvxQjdfB,
oregoncoast,Hutch,00707_gq8l4I0Yeqw,125
oregoncoast,Oak Book Stand,00a0a_2H3W7BtBSSt,75
oregoncoast,Oak Desks,00z0z_byGXVUWwMoZ,250
oregoncoast,Office Chair,00i0i_hB74beqBLVS,10
oregoncoast,"Couch, love seat, nice condition with cover",00v0v_9JQ16jUui0H,35
oregoncoast,Training Tables,00808_9gd6i8H2IxP,75
oregoncoast,White Boards and Easel,00R0R_eNvaK09Zs3J,10
oregoncoast,"Couch, good solid build, clean.",00808_bZKyaf5JY6V,35
oregoncoast,Classic Armoire nice curved design,,195
oregoncoast,Oak Desks,00z0z_byGXVUWwMoZ,250
oregoncoast,Antique dresser,00f0f_hljS2QpHDu,50
oregoncoast,2 Mid-Century MGM Grand Chairs,01313_5w8nAmvNMp1,100
oregoncoast,Queen size bed set dresser mirror night stand,00a0a_3pdzle6qWzi,350
oregoncoast,Soft Italian Leather loveseat and chair/ottoman,00v0v_2f8MH5hXM1M,400
oregoncoast,Large fancy vanity mirror,00T0T_gG83iS4cPM9,50
oregoncoast,Indoor/Outdoor Table,00z0z_6wlkJoB7OpS,90
oregoncoast,MCM Side table / end table / Nightstand,00q0q_19HRZCxDBwQ,39
oregoncoast,Custom made wood couch/day bed frame,00404_867p4Gjh2Pw,300
oregoncoast,Papasan lounge chair,00s0s_etAE5WiFFUN,100
oregoncoast,Desk,00T0T_hOAgri6HA97,400
oregoncoast,Vintage Dining Table,00H0H_ht7xyOenNVP,600
oregoncoast,Metal or wooden chair - Bandon,00M0M_2XTBSwzrBTJ,5
oregoncoast,Wicker mirror - Bandon,00T0T_4mncp9yaM30,20
oregoncoast,Queen bed frame and headboard,,50
oregoncoast,Amerisleep AS2 queen mattress,00t0t_bSoP4VFSXHK,300
oregoncoast,Small Wood Shelf,00303_cUg06p6FFjC,5
oregoncoast,Claw foot tub,01313_4nAeLaqyJSm,400
oregoncoast,Unique shelfs,00i0i_4ooZrKIjek7,100
oregoncoast,"Birchlane Pair Frost Club Chairs Full Authentic Leather, Dark Brown",00p0p_dXAo342x4aT,750
oregoncoast,Cushion headboard for queen bed,00y0y_jsWqbecdWck,45
oregoncoast,6 drawer dresser,,20
oregoncoast,Dresser Set,00A0A_aVqxroxiL2N,45
oregoncoast,Dining Room Table and chairs,00y0y_d3NUeGdXcqh,60
oregoncoast,Chest of drawers,01717_1zkxsYyElWb,35
oregoncoast,Two drawer file cabinet,00505_2v2T3DeW3ce,15
oregoncoast,Swivel desk chair,00Y0Y_W62gp2Nr83,15
oregoncoast,Lightly used Loveseat!,00C0C_faIkzAtL09J,65
oregoncoast,oak finish dining table,00d0d_8DvmRpFDfry,80
oregoncoast,"White twin bunk beds, metal",00G0G_8uEsBHLxo7m,100
oregoncoast,Cedar Ship,00R0R_98Se9p9nKpN,100
oregoncoast,Bed and dresser,00X0X_l97BpTg69y7,150
oregoncoast,BRAND NEW KING SIZE BEDFRAME ( TOP OF THE LINE ),00y0y_JPJPxSX8do,899
oregoncoast,sleep number bed ~older model,00L0L_fxz9v3GZCg0,125
oregoncoast,Lovely Pedestal Dining Table with 4 sturdy chairs,00A0A_kiXCQoC2KjV,225
oregoncoast,Dining room table and chairs set,00X0X_hkeZ8vGHLAr,150
oregoncoast,Marble Dining Room Table For Sale,01515_9gwygmYwzuW,500
oregoncoast,Sumter Cabinet CO Mahogany Sideboard/China Hutch,00j0j_lYetbYFSS9w,
oregoncoast,Hide-a-bed couch sofa hide a bed,00t0t_1QwmMaorDHT,25
oregoncoast,Futton Mattress,00e0e_bn08OmMGQl,25
oregoncoast,Mid Century Vibo teak Danish dining room table and buffet,01313_1KCinwxHHFh,5995
oregoncoast,Solid oak entertainment center,00w0w_pWkctPu5cv,1
oregoncoast,pair of end tables,01010_7gOzFxTHhZi,75
oregoncoast,"Ikea ""Norden"" Expandable Kitchen Table & Chairs",00L0L_cgPlGXlRri8,150
oregoncoast,TRUNDLE BED LIKE NEW,00y0y_2B6CtYXPOyJ,225
oregoncoast,Oak,00202_3WZ397XEdFw,
oregoncoast,Couches,00505_gfR2rJyG3R1,300
oregoncoast,Ikea table with 2 bench seats,00j0j_93Lm8pU7tzv,100
oregoncoast,Coffee table all wood,00A0A_8FnYOE6ofUL,50
oregoncoast,Couch and Loveseat,00d0d_lk5JTJegd3,75
oregoncoast,IKEA entertainment center,00p0p_l9nLhzHZhNA,40
oregoncoast,Table and 4 chairs,00k0k_d0GlkAhV1n6,50
oregoncoast,Dresser,00l0l_5ySFAUAJAbR,125
oregoncoast,Teak nightstand,00I0I_l3WSrDbHyZ5,20
oregoncoast,Oak/glass sofa table,00B0B_fhMyDg05BY3,20
oregoncoast,Oak Entertainment center,00Z0Z_iuEWcv2v1Sx,50
oregoncoast,Glass top table,00u0u_3pORhUxoasN,40
oregoncoast,Glass Top Table,00e0e_fHgG46lOVHU,40
oregoncoast,Black Leather Sectional with Chaise and Bluetooth Speakers,01515_cVE2kuyHipT,800
oregoncoast,Solid Oak end tables,00c0c_8OXamoV6bua,50
oregoncoast,"Moving Sale - furniture, TV",00V0V_30lXcnW4zhy,
oregoncoast,Hutch,00707_2m7HE8dA1OD,300
oregoncoast,Office Equipment,00d0d_fpKuHkJrO4p,
oregoncoast,Retro Chair,00m0m_5fDVdHb2zy,60
oregoncoast,bed,,350
oregoncoast,Solid Oak Computer Desk,01313_2H1cC3cLq0V,125
oregoncoast,Well Built Picnic Tables,00i0i_1qp8ApSRihe,200
oregoncoast,Raised Toilet Seat,01010_9kkczklfeVm,50
oregoncoast,Corner Cabinet,00101_8USqSg1JlMC,225
oregoncoast,Theater Style Chairs,01111_7EQSB1OYJei,1000
oregoncoast,Kovac Floating Disk lamp,00F0F_i5OQjZnZzmE,200
oregoncoast,Small Round Side Table,00p0p_1umzBSpfiXb,25
oregoncoast,Beautiful Rolltop Desk,00L0L_4BwR5eGIRbP,150
oregoncoast,Bedroom Complete Set with New Mattress,00Z0Z_hegoum3m9NZ,100
oregoncoast,Beautiful coffee table,00N0N_4jnkSaCI55X,150
oregoncoast,Dresser/shelves,00v0v_cNqCRkBWbgs,125
oregoncoast,"Wood bedroom furniture set - headboard, dresser",00t0t_hlsrvZ8wjfJ,190
oregoncoast,Dining Room Table with Leaf,00404_8QAsT9uovyb,
oregoncoast,Dining room chairs,,10
oregoncoast,beautiful Pulaski diningroom set,00i0i_a1Ijog6eaxU,750
oregoncoast,Electric twin bed,,300
oregoncoast,Solid oak table,00202_9fX1A7Tv2R4,140
oregoncoast,Vintage Piano Stool - Refinished,00707_iCTlz94en82,59
oregoncoast,2 Solid Oak Bar Stools,,40
oregoncoast,Vintage 1960s Sprague & Carlton End Table,00i0i_cDiqWcQgeAx,30
oregoncoast,Lighted Oak Hutch,00O0O_jxjcTIYJeOz,150
oregoncoast,Maple Hutch,00C0C_4Czhi4smBVk,75
oregoncoast,Great For Halloween Costume,01515_6s43tiUsRfc,20
oregoncoast,"IKEA Stenstorp kitchen island table, new",01212_1Ti756G912L,295
oregoncoast,Maple roll top desk,00g0g_cxJ4wVimnDq,100
oregoncoast,"Table and Set of (4) Chairs, (1) Bench",01212_lJEc66HdAtk,375
oregoncoast,Ethan Allen Cassidy Coffee table,00Z0Z_dTONa4YUteP,350
oregoncoast,Oak Desk,00f0f_a3UwuCBIvut,375
oregoncoast,Dining Table & 6 Chairs /Florence,00R0R_1ipNaI5zqI5,150
oregoncoast,Wild mirror red blue black,00u0u_bgTr6qJ5Fer,20
oregoncoast,Air Beds Mattress,01515_2hv9BLpHB5k,10
oregoncoast,"1950's double bed, vanity with mirror and dresser",00K0K_jQsbzC36NmM,700
oregoncoast,Lift Chair,00J0J_ifQsbUwcPKv,350
oregoncoast,"Brand new, unboxed Twin Mattress",00A0A_jtnXPUiOocu,80
oregoncoast,Wooden desk,00T0T_58u64yczACP,25
oregoncoast,Deco chair set,00I0I_4Y3NOUZTmmq,40
oregoncoast,Hutch,00R0R_dorGPYggC76,1000
oregoncoast,dresser with mirror,00D0D_11dehMbWYRU,225
oregoncoast,dining room table,00l0l_2zd1Wdh2IvG,50
oregoncoast,"Glider Rocker With Ottoman,Recliner And Desk",01313_kWZFTzz1RZC,90
oregoncoast,Couch,00Y0Y_buwuQdoGNjj,100
oregoncoast,"Pottery Barn- twin bedframe, solid wood",01010_lz7jLBdqXMw,50
oregoncoast,Hardwood Dinning Chairs,00T0T_d4lUwoYQOK8,120
oregoncoast,Coffee table,00H0H_iyHe71NovRA,15
oregoncoast,Reclining Sofa,00P0P_8czZ9a5oZ7t,700
oregoncoast,Wedding/special event items,00Q0Q_dpdYBV6mfhV,700
oregoncoast,Lateral File Two Drawer Credenza,00c0c_kjffsdjWXWo,70
oregoncoast,Large Corner Computer Desk w/Keyboard drawer,01212_bXSY7ygs0Dm,40
oregoncoast,King size bed!!,,500
oregoncoast,Black Leather Couch,00n0n_hTnfU2dKVs7,275
oregoncoast,Couch and Love Seat set,00i0i_d0KrKuJzaqz,600
oregoncoast,3 Drawer Heavy Duty Cabinet New Price,00l0l_ls4jmJnD9nz,20
oregoncoast,Free Bed,,
oregoncoast,"""New"" Cal-King memory foam mattress",00h0h_ldsDqHU39Ee,100
oregoncoast,Antiques&Collectables in Siletz,00404_1C5qJidhmMY,
oregoncoast,Sliding Glass Door. Milgard. Brand New,00000_kx51qiGzSaz,500
oregoncoast,Dentist chair,00K0K_lTPajwTpfKm,400
oregoncoast,Wooden Rolling Cart,00x0x_tYXbRJgRSc,39
oregoncoast,FREE Comfy Swivel Rockers,00H0H_PIYzoklp8F,
oregoncoast,Kids Dresser for sale,00f0f_6VH8xy2RwZ5,40
oregoncoast,FINE LEATHER CORNER SEAT,00303_gqAMhMWZtZV,250
oregoncoast,FLEX STEEL SOFA AND CHAIR SET,00l0l_6SPoCR0ej6R,2500
oregoncoast,Queen size metal head board and foot board,01212_1AElxpoGmdW,50
oregoncoast,Brand new Teeter inversion chair,00808_9T3yoaR6XdY,200
oregoncoast,"Loft and Bunk Beds, made to order",,130
oregoncoast,Moving!  Must Sell - Office Desk,00z0z_2oht7UXMJtk,25
oregoncoast,Vertical Fabric Pleated Blinds $85-OBO,00x0x_f8ij4XOkP2y,85
oregoncoast,Coffee Table Set w/Three End Tables,01717_85uj1bvmobl,100
oregoncoast,Vintage Couch and Recliner,00g0g_hTp5p7j8abZ,50
oregoncoast,Couch/Loveseat/Recliner Set,00d0d_5YnVuryOc8b,100
oregoncoast,(2) Bar Stools Brushed Metal w/Black seats,00k0k_gTb59SKw79D,99
oregoncoast,Modern Chrome Glass Table,01313_dCa7ybCU1ef,40
oregoncoast,Pair of High Quality Leather and Chrome chairs,00303_iHudxODcnnV,300
oregoncoast,Vintage 1930 Bedroom Chair and ottoman,00p0p_cU4kGxfzwsb,200
oregoncoast,Joss & Main Pedestal Dining Table and Chairs,00P0P_gCzwsslriOz,300
oregoncoast,Dillingham Credenza,01010_iRRBNw6Jfym,1500
oregoncoast,Small tables,00S0S_ahODiLqIgGB,15
oregoncoast,"Moving Sale... Table, couch, queen bed",01010_8QabFyuLRRn,1200
oregoncoast,Teak wood dining table,00B0B_k1CLvlWWkAi,50
oregoncoast,Large Browning g-- safe,00o0o_3hTAJL9VfZx,500
oregoncoast,Very nice Scan Design Style Sofa Console Media Entry Oval Table,00j0j_6xFPFO5cRVq,
oregoncoast,China cabinet,00W0W_9ZCasnq7Dq8,100
oregoncoast,Upholstered chairs (2) and ottoman (1),00F0F_fEVq4l0s9zV,750
oregoncoast,"Coffee table set, beautiful glass and brass",00k0k_boyKFcLjwjI,95
oregoncoast,Dining table with Collapsible Sides,00J0J_45FsleKNifQ,25
oregoncoast,Night Stand Black,,25
oregoncoast,Fabric Rocking Chair,,25
oregoncoast,Queen Qn Size Bed - Memory foam;  Frame; Awesome Zinus Box Spring,00D0D_eTZnfpaBAMg,
oregoncoast,"Convertible Solid Wood Coffee Table - Ikea, Pristine, Like NEW",01616_8KuyFVUJvLR,110
oregoncoast,"NEW Leather Club Chair, Two Leather Bar Stools",00y0y_gKfChpkmdF0,65
oregoncoast,STUNNING DINING ROOM CHANDALIER,01717_exPFLqouYGo,50
oregoncoast,Dining Table,00808_bbd0gtuZReQ,100
oregoncoast,oak frame for platform bed,00808_7JABhNlEQoY,60
oregoncoast,Dining table,00u0u_4xvBHCjhZPy,75
oregoncoast,Price reduced Beautyrest queen mattress and adjustable base,00y0y_duxcxkRqvtH,999
oregoncoast,Table,00D0D_3haGSfarnpI,25
oregoncoast,Beautiful Howard Miller Mission Curio,00707_dZDvr7XI8H3,475
oregoncoast,Wicker Etegere,00O0O_3gmooFSZGf0,35
oregoncoast,Office desks,00w0w_8kouj5bfCkz,40
oregoncoast,Glasses display,00G0G_f0OcyNhYqL1,70
oregoncoast,Dining Table and 4 chairs,01010_jQDYw4XpwOP,110
oregoncoast,Dining room table/4 chairs with wheels,00L0L_lx6Esk33EO8,25
oregoncoast,Beautiful solid wood dressers,01515_idV7Amuu3bJ,250
oregoncoast,Vintage Wood Club Chairs,00g0g_jQ5moS6wKJ3,35
oregoncoast,Beautiful Stained Glass Window,00S0S_5oXCTjYXuR5,200
oregoncoast,Beautiful Stained Glass Window,00S0S_5oXCTjYXuR5,200
oregoncoast,Solid wood twin bed with dresser,00m0m_ebho0XMZIn,400
oregoncoast,Furniture,00P0P_6S9cjrLYKCc,
oregoncoast,China cabinet,00p0p_7zyJMzRcngs,250
oregoncoast,Twin size bed,00X0X_6ZUMtsMAfCR,99
oregoncoast,Dresser,00J0J_5cWxpzpZ5nv,59
oregoncoast,Sealy posturepedic king bed,,1100
oregoncoast,Clean recliner,00s0s_km8N7KV62Ni,105
oregoncoast,"Card Table w/four chairs (Crescent City, CA)",00N0N_g03U3KiQe3P,40
oregoncoast,Nice Wood Coat Rack Hall,00q0q_9TRfwx0378W,
oregoncoast,Lozier Shelving,00l0l_2H1FWGMeNhQ,
oregoncoast,Lozier Shelving,00l0l_2H1FWGMeNhQ,
oregoncoast,Pottery Barn Desk and Chair,00000_2EuhthcV9hU,600
oregoncoast,Vintage White Table with Leaf,01010_gSNI16iiGS0,50
oregoncoast,L-shaped craft table/desk,00L0L_5UeITvNTMid,75
oregoncoast,Tempurpedic queen comfort elite,00A0A_b7OxYqcb6TN,1200
oregoncoast,Book case bed,00X0X_iXOdQGOvRgs,500
oregoncoast,LaPine Desks OC,00101_jlsMEWIMflS,350
oregoncoast,vintage dresser with mirror,00J0J_kmKoWxZQfxw,225
oregoncoast,Stanley Chase Lounge - Very Good Condition,01111_lLIKNoqyxm7,50
oregoncoast,Couch Excellent Condition,00a0a_5z1kos4J03W,75
oregoncoast,LOVE SEAT AND FULL BED MUST GO!,,
oregoncoast,wonderful aqua sofa table - lightly distressed with mirror insets,00Q0Q_7DMwWn8bkFA,120
oregoncoast,Fish shelf,00404_daITqm3ft6T,20
oregoncoast,Large brown Stratolounger,01212_5oxOEHbb7LK,175
oregoncoast,Oak cabinets/entertainment center,00e0e_f3H8GFmnz3e,150
oregoncoast,Beautiful doll house,00E0E_j3VqTgH8lZh,1000
oregoncoast,Couch,00S0S_a7M2F1LjVuH,15
oregoncoast,Rustic Cabin Kitchen Sink,00i0i_fD9T4sl3j0y,150
oregoncoast,Practically new Brown Stratolounger,01212_5oxOEHbb7LK,275
oregoncoast,Oak Buffet,00H0H_iZy8GYsEnAw,2500
oregoncoast,Black futon NEW,00R0R_5HulTMpkcQz,200
oregoncoast,Dining table and chairs,,200
oregoncoast,Vintage Wingback Chair,00y0y_bffAsw6YDSk,75
oregoncoast,king size bed,,125
oregoncoast,Solid wood captains bed,00909_fVycvcuCSr3,250
oregoncoast,sofa hide a bed,00J0J_9iKPhvSeuX2,50
oregoncoast,Wooden Bed Headboard,00X0X_ihiJOBcG7C6,30
oregoncoast,Vintage Piano Bench / Vanity Stool (with storage compartment),00h0h_sjf9z9ke8n,85
oregoncoast,Solid Wooden Toy Chest / Box,00C0C_2So15YXHiIB,75
oregoncoast,Lighted China Cabinet,00G0G_cYE6RRMpv8l,100
oregoncoast,Patio Gravity Chairs,00Y0Y_3me3CmLm36s,35
oregoncoast,LEATHER COUCH AND LOVE SEAT,00808_impNE9erxY0,1100
oregoncoast,ENTERTAINMENT CENTER,00e0e_25VllCxrTIE,575
oregoncoast,COFFEE TABLE AND 2 END TABLES,00L0L_6LMviKMw2ga,280
oregoncoast,Estate Sale- Fri 9/29- Sun 10/1 Everything must go,,
oregoncoast,WHOLE LOTTA GOOD STUFF FOR SALE,01717_lBknqea6FMb,40
oregoncoast,VITAMIX BLEND 4500,00a0a_sIZ575Jy3z,175
oregoncoast,3 Piece Desk Unit,00O0O_le0aR7dLzJl,800
oregoncoast,"Couch / converts to double bed, and Desk,",,30
oregoncoast,Oak Office Chair w/Cane Back.,00o0o_awNV2JJMZef,30
oregoncoast,dresser w/large mirror,00y0y_6tQfPWD2eY3,75
oregoncoast,Queen size Sealy Posturpedic w/box spring and frame,00Z0Z_eReeHLKIq2A,150
oregoncoast,Double leather swayed recliner!,00303_3QEJlts2aSL,175
oregoncoast,"Free Metal Office Desk, Full Size.",,
oregoncoast,Price reduced!! Table with leaf and four chairs,00e0e_8oDxE2GWblu,30
oregoncoast,single bed,00X0X_b0XTlWgTouh,200
oregoncoast,Salon chairs,00t0t_2Ee1ZutVav,150
oregoncoast,Black bookshelf,,40
oregoncoast,Bombay dressers,00m0m_3SFXqzLsqN9,75
oregoncoast,Unique Baker's Rack Great Display Piece for Kitchen or Patio,00s0s_lLXSojaYy3H,125
oregoncoast,Unique Western Arab Horse Picture Shabby S Frame,00Y0Y_fg2Cc1JKZg9,75
oregoncoast,Burrell wood table,00Y0Y_8nNDIMTbGDi,2500
oregoncoast,Book case bed,01414_82w9yr5l1zO,500
oregoncoast,Tempurpedic mattress,00o0o_5OCTtNRLWfW,1400
oregoncoast,Lovely day bed,00H0H_2CVOtNYfzjN,150
oregoncoast,Wood Storage TV Cabinet - Bookcase - End Table w/ 2 doors & 2 shelves,00M0M_cjY9rFIzxd,35
oregoncoast,Living Room Chair,00m0m_8IiQjF0WdlQ,25
oregoncoast,China Cabinet,00o0o_gvpi2B3nMbi,300
oregoncoast,Oak entertainment center,00x0x_bZCcl863sxM,375
oregoncoast,Couch and other stuff,01212_j7FYpoaW5g1,40
oregoncoast,Corner Hutch,00c0c_g5AFJaLiFwC,150
oregoncoast,Solid Oak Antique Chair,00N0N_hqzKcj30xpr,15
oregoncoast,living- room chair,00e0e_4pEqJCmSw6p,50
oregoncoast,Ikea shelving unit,00X0X_jFfry8X8CYj,15
oregoncoast,"Table and chairs, also coffee and end tables",00K0K_icjS7ECWjwo,
oregoncoast,COUCH & LOVESEAT,00R0R_jurYQh8aEgX,100
oregoncoast,Oak computer desk,00u0u_bI2yQdj8bmp,50
oregoncoast,Island with Bar Stool Chairs,00E0E_cSyMMnnzpIp,300
oregoncoast,2002 Sovereign 6 person Hot Springs Spa Hot Tub,00I0I_b0SGmV1ijiT,1700
oregoncoast,"Queen Bedroom Set, 5 piece",00z0z_8zjvs5QnXg9,700
oregoncoast,Sectional couch,00u0u_fRPLeNI5uJv,750
oregoncoast,Bedroom set,00Y0Y_hKWsMHPXSRs,950
oregoncoast,3 seat couch,,200
oregoncoast,Cribb,00i0i_ac581VKAcVt,50
oregoncoast,Office table and shelves,00p0p_bVKyURLHmJu,30
oregoncoast,Lamp,00q0q_cRMcJXCmlYt,35
oregoncoast,Rod iron stools,00H0H_c43ukSO1Y9c,45
oregoncoast,Upcycled dresser,00o0o_6ZtiZ4JIl47,75
oregoncoast,China hutch,00r0r_hbLQ6UQpIQm,300
oregoncoast,King Mattress- Tuft and Needle,01212_7qBs1ooRm0j,350
oregoncoast,Mattress,00X0X_iXOdQGOvRgs,1400
oregoncoast,Bookcase Bed,00e0e_eoRjhwb8LlY,500
oregoncoast,Bunk Beds,00909_5M2E9HAS4YH,150
oregoncoast,Dresser,00g0g_fIx298cXUMf,60
oregoncoast,Sectional couch,00C0C_ka2PjpQYEwa,75
oregoncoast,Blk textured chairs,,50
oregoncoast,Bombay dressers,00m0m_3SFXqzLsqN9,75
oregoncoast,King Memory Foam Mattress with Frame,,299
oregoncoast,Rustic Wine Rack- Great Price!!,00q0q_9dT44shBXor,25
oregoncoast,Hand Carved European Wood Chair- Great Details in the Design,00m0m_f1VhHOwC2o5,75
oregoncoast,2 Piece Medium Oak Lighted Hutch,00P0P_18hBwm84eOg,140
oregoncoast,Ivory Leather set/3,00000_kp9CHlTj7AJ,675
oregoncoast,Dinette,00U0U_6QnJpNvWRTx,125
oregoncoast,"round side table, solid wood, 2 tiers",00N0N_kYoJEFw7Nmj,30
oregoncoast,upholstered arm chair,00s0s_3InPp0aAGmy,30
oregoncoast,Large dresser,00505_aOXXRdH0O5Q,250
oregoncoast,Futon & chaise lounge,00S0S_5t38p1ZVmZp,250
oregoncoast,Free dresser and futon!,,
oregoncoast,A WHOLE LOTTA GOOD STUFF!,00N0N_hEkotTg9wxy,25
oregoncoast,Drum end tables,00B0B_9Dee1SyZfS9,350
oregoncoast,Furniture for sale,00g0g_jOU2k2ilbLG,1
oregoncoast,Saloon style sofa,00z0z_84wxQPYXJ57,300
oregoncoast,Wardrobe Unit,01313_hXcX1gjg8oK,600
oregoncoast,Victorian sofa,00n0n_cLVlYjcQ8kk,300
oregoncoast,2 recliners and 1 love seat,00808_4K6bIYVvz8w,25
oregoncoast,Unique writing table and chair,00808_eBbjw2MczA1,50
oregoncoast,Kitchen Table with Custom Granite Top & 4 Chairs,00B0B_4IBY4QPmBYZ,125
oregoncoast,Dining Table with 6 chairs and Buffet,01414_dtndW1jOgyQ,1600
oregoncoast,Ethan Allen China Hutch,00303_5Sl5zkY07ub,300
