panamacity,Vinyl covered chest,00x0x_bGTWUsADtV,50
panamacity,Huge entertainment center,00k0k_gH50gnJonXE,100
panamacity,King head and footboard,00q0q_49KACu2eAt3,100
panamacity,Entertainment Center,00T0T_lyeGVJ2C3Yk,100
panamacity,Solid oak table,01515_e37whLnX0FU,140
panamacity,Condo furn. For sale,00Y0Y_3pTNnT2DWFN,1
panamacity,6 drawer dresser,00U0U_fMbkLlSseRJ,
panamacity,Pillowtop king size bed    (able to deliver),00z0z_gblOiCp9LoT,100
panamacity,Sealy Posturepedic king size bed -- we are able to deliver,00I0I_4wo5CkJHR1k,150
panamacity,Farm Tables,00C0C_b1DfquBVLv2,799
panamacity,"30"" bar stools",00Z0Z_9NDPHig5qDc,100
panamacity,Classic Swivel Rattan Bar Stools,00K0K_5Ut1nx8NA6x,59
panamacity,Floor Lamp,00U0U_6cfmSYTVqzb,13
panamacity,King Size Head Board,00z0z_6NwWyUArzM2,25
panamacity,Refinished Bar Stools,00j0j_qAmjoCwI7u,59
panamacity,Couch Sectional,00K0K_K5Ll12wXXp,190
panamacity,Cat Tower,00h0h_ksAWduXvxNQ,
panamacity,Ashley Entertainment Center,00909_j5CuFrSI80J,400
panamacity,Small Kitchen Island/Butcher Block,00D0D_hDFf3fIeCuh,90
panamacity,Broyhill Cannon Ball Liberty Set 4 pc,00Y0Y_7PhQw8UH2RQ,575
panamacity,Dining Room Table 6 chairs,00Y0Y_9XSmMPkXtUG,125
panamacity,Breakfast Nook Table,00404_4EGOxxHTlIe,150
panamacity,PATIO CHAIRS,00M0M_dqgYsXtrDQ1,60
panamacity,Dry Sink,01212_fETmX4hnk4Q,80
panamacity,Beautiful King Size Bedroom Suite,00U0U_j3CnWyygqow,625
panamacity,Bed Boss memory foam king bed -- delivery available,00505_iAbD0TfC4Yk,250
panamacity,table,01212_d5FdFEPKdYc,250
panamacity,Baker's Rack,00M0M_itPa9fddEyC,160
panamacity,Cute Dresser,01111_bIonFevQfnR,10
panamacity,King size mattress and box springs,00V0V_kVLAGLVWg8q,75
panamacity,Pair of Yellow Lamps Antique Finish,00H0H_hy8WkbuyXcg,50
panamacity,Furniture for sale,00E0E_efn0I3aJtcA,
panamacity,Wooden  4 Drawer Dresser,00D0D_5h6oATIkfPW,35
panamacity,Henry Link wicker sofa by Lexington,00G0G_fqvbK6Oo2Nd,300
panamacity,NEW Queen Size Bed IN STOCK TODAY,00404_95eIxdZCCou,215
panamacity,**NEW Queen/King/CA King or Twin/Full Bed Frame** IN STOCK NOW,01414_82xz029MH9y,42
panamacity,4 piece wicker set,00e0e_gmlL47JBZTF,140
panamacity,Nice Coastal theme couch,01414_60yIbrBIRMy,180
panamacity,Chandelier glass flowered,00s0s_1UD56PJ753w,50
panamacity,Chandelier. Modern,00707_1BBs0mpT7A5,50
panamacity,"Headboard - King, solid wood",00Q0Q_1NX8IDKo3Il,175
panamacity,Half Moon Table,00X0X_dvwaRxYg0qp,30
panamacity,Mirrors / Picture,00v0v_5QcKo6SFsMB,40
panamacity,DAY BED with TRUNDLE,00b0b_7EDcvCg7FTX,90
panamacity,Coffee table & 2 end tables,00j0j_FHVi2SMgMA,
panamacity,Furniture,01515_6diftcZ0qA1,
panamacity,Furniture,00p0p_a1w3JHiLg2s,
panamacity,Custom furniture,00V0V_dHfhmH9vbek,
panamacity,Furniture,01616_1NY57R4Igka,
panamacity,Coastal side table,00n0n_ciBCrfJZuiV,125
panamacity,Furniture,00n0n_c3M8mW2muP,
panamacity,Furniture,01616_1NY57R4Igka,
panamacity,Custom furniture,00101_imZ2hI27hvU,
panamacity,Furniture,00n0n_c3M8mW2muP,
panamacity,Custom book case,01515_aM8dL1tH29r,135
panamacity,Oversized end table,00n0n_ciBCrfJZuiV,150
panamacity,Refinished furniture,00n0n_c3M8mW2muP,150
panamacity,Table,00000_fvO0Usxg0sN,150
panamacity,Furniture,00101_eDX6zf3PIYh,
panamacity,Washer dryer mattress boxspring patio set,,
panamacity,Bench,00O0O_kNMHjVWvWvi,49
panamacity,Solid wood table,00P0P_4FyQHcsYf6z,40
panamacity,Sealy Posturepedic Plush firm king bed --  able to deliver,00f0f_alVnJMFtElN,125
panamacity,Oval wood dining table and 6 chairs,00A0A_6yDp3xUx3IU,200
panamacity,Round Table,00T0T_goYuCrg7udn,120
panamacity,"New 5 piece table set, - $135",00F0F_4WyAOMvJdgh,135
panamacity,Kitchen table and chairs/ TV STAND,00202_cGeffNldBR4,125
panamacity,Farmhouse style furniture,00u0u_aBL6zbwCj69,450
panamacity,Queen Sleeper Sofa and loveseat,00m0m_hWOXS5QBhzv,250
panamacity,Wood Bookshelf,00Z0Z_lnQrXaFkLXH,25
panamacity,Double Recliner Couch w Chair set,00i0i_i21Zvg3FQiI,140
panamacity,Outdoor Table & Chair SET,00V0V_7E9QUsjIasU,350
panamacity,CONDO RENOVATION FURNITURE,00y0y_4dAGoNuizhH,2
panamacity,Cherry wood solid high top table and two bar stools,00f0f_7DboULfvDAh,150
panamacity,Deer antler table lamp,00a0a_jQkYwqETMJF,150
panamacity,Two Victorian  end tables and two table lamps,00Q0Q_7aUm597iWYG,80
panamacity,Bankers table lamp,00O0O_klbRT5rQfEe,40
panamacity,Antique end table floor lamp,00k0k_1QN2gGTS7kV,40
panamacity,Rare antique Lane dragon claw coffee table,00303_8Bu6Dykdjy5,200
panamacity,Farmhouse Beds - Custom Made,00V0V_arhaBkFXQUz,
panamacity,Harley Davidson Bench,00L0L_hO6BGxxydZD,
panamacity,Custom Made Desks - Farmhouse Design,00W0W_jFwHeCm62XX,
panamacity,Custom Made Farmhouse Tables - Trestle Design,00n0n_kR5FlZyu2UI,
panamacity,Farmhouse Furniture - Custom Made,00B0B_1q7vE77rCc3,
panamacity,Custom Made Farmhouse Tables - Traditional Design,00202_jlgTZrY5KXk,
panamacity,Furniture for sale,00x0x_tf8SU42a9Y,10
panamacity,Living Room Set For Sale,00r0r_1DOzfIi5dda,1400
panamacity,Bunk bed - Top Bunk $200 OBO,00E0E_aIy9cvGWjVS,200
panamacity,"Vintage Cloth Floral Print Parlor Couch 66"" In Length  $60",00O0O_dzDY9E9S8Zi,60
panamacity,Sleeper  Sofa/Love Seat/Slipper Chair,00B0B_5LbTYT63eYG,900
panamacity,Bedroom set,00T0T_gwHngTzTvGv,350
panamacity,Farmhouse - Modern Custom table,00w0w_deWdK5r6CTQ,
panamacity,NEW White Sleigh Bed. In stock now for just $228,00w0w_iHcgFLnGC2a,228
panamacity,"NEW Queen Mattress set, (mattress & Box), only $200",00b0b_f4PqFK3jRlm,200
panamacity,Dark Chocolate Brown Cloth Sofa & Love Seat Matching Set $250,01515_i20lUZEVLrF,250
panamacity,8 Drawer Dresser (Turner Furniture),00G0G_aqOfQx3s9HS,649
panamacity,REDUCED loveseat,00Q0Q_kmLC1ZlDCuL,60
panamacity,45 Extra long Twin Size Mattress Thick Quality Matrress 50.00 each,00q0q_aPU6nL77WCd,50
panamacity,Antique Japanese china cabinet,00b0b_6rx0wbNkMdm,700
panamacity,Chairs - Antique Upholstered Lounge chairs,00G0G_20Gt7Agr5hw,50
panamacity,Electric Fireplace w/ bookshelves,00z0z_bBRkWjB1vck,360
panamacity,SOFA SECTIONAL W/QUEEN HIDE A BED,00X0X_k4jl2dm3Bsg,800
panamacity,DINING ROOM TABLE AND CHAIRS,00404_ecPjXu3IXwm,450
panamacity,Coffee table and end tables,00909_luW8EJGT6uM,125
panamacity,Carolina Collection King Size Mattress,00202_1BnHzBAb1Aa,140
panamacity,Wooden entry table/ sofa table,00505_lX7TOMvMqUF,40
panamacity,Bedroom set solid wood,00505_kxHD6JVOBAN,600
panamacity,Skateboard style designer furniture,00505_jwspHh7WG5m,25
panamacity,vintage shield walnut chairs,00s0s_xxLuzB82wz,25
panamacity,dining chairs,00s0s_xxLuzB82wz,25
panamacity,Corner office desk,00K0K_jgBioUzQaUa,30
panamacity,TV stand or dresser,00u0u_4dlgmXnqQBc,40
panamacity,King size Serta iSeries,00c0c_2s4A60RkkBB,100
panamacity,"60 ""ROUND TABLE PAD reduced",00p0p_k9VjDa2VVmF,40
panamacity,"Have nice couch, w/accent pillows",00P0P_dTFsnUyCzgn,50
panamacity,Bench,00O0O_kNMHjVWvWvi,49
panamacity,Now Open,00L0L_1S9rcMEAbY6,1
panamacity,Full bed set incl. mattress and dresser with mirror,00q0q_4M9cpZmHucY,250
panamacity,bedroom set,00N0N_jFf8jWHD7Ee,250
panamacity,Villa Clare china cabinet,00r0r_l7lQcGj8WAR,2000
panamacity,Various Office Furniture items,01212_93AYTxI40wk,40
panamacity,Unique green end table. Perfect for your condo!!!,,40
panamacity,"File cabinets: Laterals, Verticals, 2,3,4 &5 drawer",00S0S_8khvmplQNWP,
panamacity,Small Folding desk,00O0O_jWVzLwKOnNz,40
panamacity,Legal 4 drawer vertical file cabinets,00n0n_9TMbo40XUL8,95
panamacity,Three Hon 4 drawer vertical file cabinets *matching,01010_fWEZUD2Tw5F,89
panamacity,Two guest chairs,00H0H_eSrXC8DvJbf,60
panamacity,Sale ***New and used office furniture ***,00x0x_zrJwm9BI2E,
panamacity,Kimball executive desk,00V0V_6ezOWs30kPo,200
panamacity,Black L-desk. Right hand return.,00r0r_gtpKkK9z6OF,295
panamacity,***New*** cherry L-desk left hand return,00f0f_5UPZiCXPC25,350
panamacity,Mahogany receptionist desk,00K0K_76DqDFNEJyV,1195
panamacity,Office furniture for sale,00202_kb7CQ7n2hIl,
panamacity,Nice king size bed -- delivery available,00707_gf0vwatO9Tt,99
panamacity,Full size bed-very nice   (will deliver),00d0d_34HDURbuBWW,150
panamacity,Pillowtop king bed with very thick mattress -- will deliver,00606_4Bfi2gH7N7z,200
panamacity,Queen bed with like new Serta mattress -- Like new  (will deliver),00i0i_dqhqXYibBfC,200
panamacity,"New King 13"" Pillow Top Mattress Set, (mattress & box)",00S0S_cFZpw08UmBV,525
panamacity,Bunk Bed,00q0q_4oNYhI1scDW,400
panamacity,Nice Summer Set painting,00G0G_6Sq0wq8yn03,50
panamacity,Nice Large Entertainment/Media Unit,00i0i_g7I9AaAb6QT,100
panamacity,"treadmill, men's clothes, fish tank",00Y0Y_hXHqkgAGApN,150
panamacity,Living room furniture/decor -package deal,00H0H_fJnkaJq0U2E,700
panamacity,Bedroom Set (California King),01111_aq62rWnQmDC,2500
panamacity,Bedroom Set (Queen),00I0I_26J9oRy8u3C,1000
panamacity,Camel Color Leather Reclining Couch & Love Seat,00707_jiLySVguFjf,300
panamacity,Solid Oak round dining room set,00c0c_mw2pexubQR,200
panamacity,*** GREAT BAR STOOL ***,00N0N_jOmjjfSjMYU,10
panamacity,2 Bar Stools,00a0a_4PCgFAuL8Tk,40
panamacity,*** 4 BEAUTIFUL DINING ROOM CHAIRS ***,00U0U_49tKNfqTqK6,90
panamacity,White framed mirror,00e0e_dYSWLJFhZKw,30
panamacity,Set of 4 dining room chairs,00G0G_l5dmgLrK0Lt,30
panamacity,Beautiful 3 piece Hooker Bedroom Set,01111_ke7YozJD7I3,600
panamacity,21x18 Gold Framed Picture,,10
panamacity,Leather sofa loveseat set,00u0u_znoLF8ztnd,800
panamacity,Wood Dining Table and Hutch,00S0S_b1Y6Rcojz1r,900
panamacity,White wooden mirror,00e0e_dYSWLJFhZKw,25
panamacity,queen mattress and box spring,,50
panamacity,7 ' Wide Sofa,00Y0Y_lbVZS0KLiiO,200
panamacity,Dining Room Table,00d0d_iewZuEBWSIi,50
panamacity,***NEW Queen Size Red Brown Sleigh Bed IN STOCK NOW***,00505_2wbdc74XYO0,228
panamacity,Loveseat. Need room for baby,00Q0Q_kmLC1ZlDCuL,60
panamacity,Sectional Couch,00404_ga1JnTlzXUn,250
panamacity,King bed -- will deliver,00t0t_8bwvPF1JbU2,100
panamacity,Vintage Rattan Swivel Stool,00u0u_acoJvFTNvcv,25
panamacity,USED&NEW MATTRESS & BOX SPRING SETS,,100300
panamacity,**SALE**BRAND NEW MATTRESS & BOX SPRING SETS $150-$500.00,,150
panamacity,5 HIIDEAWAY COUCHES,,400
panamacity,**SALE**KING SIZE.. MATRESS & BOX SPRINGS,,150
panamacity,TRIPLE DRESSER,,100
panamacity,China Cabinet,00P0P_5H62VnrvDKC,
panamacity,**SALE**DOUBLE MATTRESS  & BOXSPRING,,50
panamacity,Wicker Chair W/ Small Table,00606_9YorfieOC4X,70
panamacity,KING SIZE.. MATRESS & BOX SPRINGS,,150
panamacity,Stove,00C0C_7VyJJOqMEpD,
panamacity,Farmhouse dining table,00h0h_9wRqMoIQxRl,300
panamacity,Dining table,00I0I_5SUFVP6biaB,300
panamacity,"NEW Queen Mattress set, (mattress & Box), only $200, in stock today",00b0b_f4PqFK3jRlm,200
panamacity,Beautiful hand carved teakwood table and chairs,00X0X_i9A1nqrG3sD,5000
panamacity,Dinning room chairs/ bar stools,00h0h_bxvs4iz38eF,150
panamacity,Entertainment Center,00l0l_lCCZKh71qSK,150
panamacity,Furnishing a 6 Bedroom House ASAP,,1
panamacity,Nightstand/small table,00S0S_in9tnjYwbBR,25
panamacity,Armoire,01616_hXuxcMtzh9W,125
panamacity,NEW White Sleigh Bed. In stock now for just $228,00w0w_iHcgFLnGC2a,228
panamacity,Queen bed set,00Y0Y_c0ha64LoMr7,125
panamacity,NEW !!!  DYNA-GLO 6 BURNER GAS GRILL WITH SIDE BURNER,00w0w_ku91xupUCZc,325
panamacity,Custom built wood furniture,00z0z_iqKEr2gU9x6,
panamacity,"Distressed Shabby Chic Furniture, Lighting & Accessories",00T0T_lAXvPcGXlsY,
panamacity,Vintage 3 Arm Bronze Candelabra Floor Lamp with Milk Glass Shade,00A0A_gYuI3PvZ9Mh,120
panamacity,ARMOIRE,00s0s_h0w9NPaoEVB,185
panamacity,For sale,00E0E_hmMoWxPpNe0,
panamacity,Sectional MUST SELL TODAY BY 2,00101_cB3NK3eK852,150
panamacity,Beautiful dining table,00202_eX6ZkdE1EHC,500
panamacity,Bunk Bed,01010_3UeMAj4rJS0,100
panamacity,3 lamps bases with harps in antiqued silver color,00a0a_dch7WTAlnuy,80
panamacity,Large wood coffee table in antiqued silver color,00202_elKbC1edAcv,150
panamacity,Coffee table or large side table with storage,01212_c5uotj8ZBZH,110
panamacity,Desk or entryway table in vintage metallic finish,00w0w_52XhM1Aw4dJ,110
panamacity,Party table!,00G0G_aYdcqIEuzXq,75
panamacity,Adirondack wood bench!,01616_6CoTnBKJawW,75
panamacity,two bar stools and 1 in table for sale,00a0a_f8Z0LOvNOub,20
panamacity,7+ foot tall double faux palm tree,00l0l_3xoh7pu3rFi,225
panamacity,"Cream, beige, khaki arm chair with ottoman",00C0C_2uTHfyKxDGw,175
panamacity,Corner entertainment center,00Y0Y_2ubzoRtShPI,190
panamacity,2pictures,00Z0Z_VSgJubXTsJ,15
panamacity,TV stand,01111_jGiPEBzsPSI,20
panamacity,Old Folding mirror,00H0H_1fqdLSC5gsJ,50
panamacity,Pair of twin headboards,00K0K_jtgcB1ijwWv,75
panamacity,Real wood,00H0H_3N3DyPTUbi7,150
panamacity,Metal framed mirror,00t0t_5e5FP7rm9x,20
panamacity,Black Wood Chair with Table ( Cushion  included),00r0r_9Jy6kSus08u,35
panamacity,Used office furniture for sale,01111_hauBb1DeSli,
panamacity,Complete Condo Furniture Package,00l0l_lKuBCgzxbET,1400
panamacity,Living Room Furniture,00l0l_lKuBCgzxbET,600
panamacity,King Size Headboard and Rails,00H0H_3yI8xhfnWxc,150
panamacity,(2) Nightstands (Solid Wood),00S0S_9I6Gd9Yq6vH,200
panamacity,Leather Sleeper Sofa Couch(Queen),00l0l_lKuBCgzxbET,350
panamacity,TV Console ( Solid Wood),00606_7Gt1GDvutfD,175
panamacity,Gray Loveseat,00909_6djjAcZIDvX,150
panamacity,(2) Bar Stools,00707_bOSmVafNo5L,75
panamacity,Breakfast Table and (4) Chairs,01313_7yalBv1MTTZ,125
panamacity,Small Dresser Chest w/ 5-Drawers ( Solid Wood),00o0o_bWfdgupz33x,150
panamacity,Sitting chair-Good condition,01717_2fSNMxllx78,75
panamacity,Bedroom set-King,00909_VhrH2eWPci,450
panamacity,Euro pillowtop king bed -- able to deliver,00E0E_bgz5kvys4vA,225
panamacity,QUEEN ANN SOLID CHERRY OVAL TABLE,00c0c_bdlj4AxyBWD,600
panamacity,two bar stools and 1 in table for sale,00a0a_f8Z0LOvNOub,20
panamacity,Wooden Barstools for Sale,00a0a_hzgkFsEnOgC,100
panamacity,Buffet,00Q0Q_3qPZTLce2kd,400
panamacity,"NEW, The BEST Murphy/Cabinet beds from Cabinetbed.ca",00303_luZTIj2rclr,1800
panamacity,map topped shabby chic end table,00P0P_fXlZ0qJWkAk,40
panamacity,coastal table set,00D0D_56CZOdJjmct,115
panamacity,"genuine leather couch, chair, 2 ottomans",00j0j_al773pQwwCn,350
panamacity,posh pet bed,00o0o_iNmNWzDynTi,35
panamacity,Shabby chic nightstand/endtable,00l0l_cu2J4hoqED6,40
panamacity,Soft Serve Ice Cream Machine,00M0M_8FkJC5UbC4y,2500
panamacity,Soft Serve Ice Cream Machine,00M0M_8FkJC5UbC4y,2500
panamacity,Glass Display Cases,00E0E_bQGwykMsH4q,200
panamacity,Childs Bedroom Furniture,00U0U_hra5QKxfPZV,50
panamacity,Oak Wood Coffee Table and 2 End Tables,00Y0Y_iosRQsf0V4Y,50
panamacity,Sofa,00808_j6SqFoBsRjO,
panamacity,Sofa,00N0N_8v6eaGhUaXr,
panamacity,Large over-sized chair w/ Pillow,00j0j_MMZMmZ99Yw,30
panamacity,"Entertainment center, TV stand, armoire , dresser",00f0f_cEye8dl11hT,375
panamacity,burr oak china cabinet,00P0P_fNkDF9EC1tA,1000
panamacity,lazy boy recliners,00606_dWhSbmFBOpy,250
panamacity,antique king headboard/footboard,01111_d3rqVxrQWVb,75
panamacity,antique chairs,01515_kKZHAIOFV0M,100
panamacity,Dining Chairs 4,00T0T_d3fnfNnvKbo,200
panamacity,Moving sale,00g0g_iliOtbiUhd4,780
panamacity,Moving Sell,00H0H_hHxXrjHYto3,125
panamacity,white wicker day bed with trundle,,400
panamacity,"RTA Cabinets, Many Door Styles to choose from",00Z0Z_b8DO88XXD6Z,
panamacity,|||Never miss my kitchen cabinet deals|||,00n0n_iaLF2vxlJrY,
panamacity,"""Joyce Roybal"" painting / canvas only /  exc. cond.",00X0X_4AuDVyDl7UD,3
panamacity,"Framed ""Jeremy King"" numbered  Lithograph / exc. cond.",00T0T_jZb7cND7NG,10
panamacity,"Traditional, Leather High-Back Accent Chair with Foot Stool",00y0y_fsia1T9j6KY,45
panamacity,wood circular table and 2 chairs,00b0b_gKdhpSK14W8,350
panamacity,Glass top dining table 4 chairs,,40
panamacity,Wool rug (8x10) with Ikat design,00T0T_d4e5dWhlBSJ,300
panamacity,wood screen,01111_kobbd0jNViw,150
panamacity,Thomasville Chair,00909_kp1ZjnO0imz,200
panamacity,mirrored dresser,00707_3OhKfbh731W,375
panamacity,Sleeper Sofa,00404_9o1MPxMH5bl,150
panamacity,queen mattress and low profile box spring,,450
panamacity,queen size bed,00o0o_hIwO7iU4tcE,475
panamacity,floor mirror,00606_7Er0qaIWPRV,200
panamacity,couch,00T0T_d4e5dWhlBSJ,350
panamacity,mirrored night stand/ small cabinet,00z0z_k9Lg0eCH3c9,150
panamacity,wood trunk/ coffee table,00303_hd3l0Yk6Nq9,200
panamacity,OFFICE DESK,00c0c_3c3M6fxG1Aq,375
panamacity,1920's Art Deco Bedroom,00E0E_b3pVKc5mgDN,1295
panamacity,Beautiful French Hand- Woven Wall Tapestry,00g0g_biDNAgR7iiq,200
panamacity,"Mint Green Oak Armoire: Wardrobe, Nursery Changing Station, Foyer",00404_lpPcY1iF9TE,575
panamacity,Ashley Oversized Accent Ottoman  Brand New,00q0q_fldS355BGa1,150
panamacity,Tables Kitchen Dinning Poker,,60
panamacity,Nice Couch Very Clean,00N0N_2n1QogqP0r9,75
panamacity,King Mattress W/ Box Springs Queen Mattress Only,00c0c_7CtQpyMZdXk,75
panamacity,rattan table  and chairs,00000_lLMvLtEaIfF,90
panamacity,Nice Couch Very Clean Sleaper,00y0y_dQ4fEfduhup,60
panamacity,Palm End Table Coffee Table,00h0h_5jx1m0iKApX,100
panamacity,Nice Loveseat ready for sale!,00q0q_50V23IURwAd,60
panamacity,Upscale White Leather Couch,00r0r_22P1TxcVwh6,250
panamacity,Tan layzboy loveseat,00303_3gNcKpgdeyu,40
panamacity,Wynwood Chalked Blonde Carved Column 2 Drawer Sofa Table $175,00e0e_9MHLxz6d6y3,175
panamacity,Pickled White 2 Door Multi Shelf Credenza Excellent Condition $450,00h0h_1BPgQaUpKyb,450
panamacity,Round Solid Wood Ornate Barrel Claw Foot Dining Table W/ Chairs $175,01313_6u4C7OISaYg,175
panamacity,Light Tan Leather Large Size Recliner Good Condition $150,00V0V_1rHiJKsYp1l,150
panamacity,Beautiful Dark Brown Wood Dining Table 6 Chairs Built In Leaf $450,00q0q_1gS0jztvFZB,450
panamacity,Furniture Sale!!,00202_1eyNfmmOj4N,200
panamacity,patio lounge chars (pair).  Negotiable,00Y0Y_f83AGGBAIpD,20
panamacity,Cherry wood office desk with drawers,,115
panamacity,patio set 5 pcs table and 4 swivel armchairs  bar height,00T0T_UkqokytnoO,300
panamacity,Foyer entrance table,00E0E_iFOuhsFhhxK,65
panamacity,3 PIECE LIVING ROOM SET,00A0A_jIReTA7qarc,400
panamacity,Wood on wrought-iron television stand/entry table,,125
panamacity,Rattan coffee tables tables (2),,125
panamacity,Furniture update,00a0a_fJA1SA7qnMk,7
panamacity,Metal filing cabinet,,80
panamacity,PAINTING ON CANVAS,00404_ewKPhMrB0Ti,75
panamacity,4) LARGE CD/DVD RACKS (Each Holds ~350CDs),00s0s_kxQiYCGDkt7,20
panamacity,Blue couch,01111_8bnH9HSSQwr,100
panamacity,2 NEW Linen/Blue Distressed Bar Stools,00E0E_85AlaNZ1yci,150
panamacity,Pair of Bar Stools,00w0w_7vIDiPN9CrL,110
panamacity,retro bamboo 4 piece set,00Q0Q_jI0wd5D3mxK,145
panamacity,Old oak mission chair,00I0I_cVif6EJi5ii,30
panamacity,Cherry wood table,00t0t_eEoTNh59Doe,100
panamacity,Light Tan Desk & Chair W/ Slide Out Drawer $25,00E0E_7CvZ5QyFymi,25
panamacity,Solid Wood Tan Curved Glass & Mirror Cabinet China Display Curio $250,00808_bq5yadRsrTJ,250
panamacity,Breakfast table and bakers rack,,160
panamacity,Coffee table,00G0G_75QGHbcea4t,30
panamacity,Queen Sofa Bed,00W0W_fxcP5S9uYNA,400
panamacity,Oak jewelry chest,00606_5nEOfhMNEmf,50
panamacity,"Desk, office chair, file cabinet, conference table, etc.",00000_3FszhwKBFb6,
panamacity,Used office furniture for sale,01111_hauBb1DeSli,
panamacity,wrought iron table and4  chairs  with 2 chaise lounges,01111_bGfGKL78Cb1,300
panamacity,LoveSeat,00303_fOijf0v4b7N,125
panamacity,Dining Table,00J0J_4gsL4VVlDRH,125
panamacity,Real wood twin bed,00T0T_6XT1MwhokZj,100
panamacity,5  Drawer Dresser,00Q0Q_42vpyeruVdJ,65
panamacity,Furniture,00N0N_g8l4AMkT8pF,1600
panamacity,"30"" Round Glass Top",00h0h_4hzVU85HI7V,25
panamacity,Furniture,00i0i_aqiudit7QEd,125
panamacity,Furniture,00u0u_9PCivP9bNBz,495
panamacity,Furniture,01111_S8OxrwQsjN,725
panamacity,Dresser and table,00f0f_1xNpKG9092e,20
panamacity,Two White Bunk Beds,00J0J_QrxO2CdMzn,300
panamacity,TV stand,00d0d_5llML9KtuLb,100
panamacity,Futon frame,00u0u_dFZ64Cai8c2,40
panamacity,tv stand,01515_juBaxR2yV2o,60
panamacity,Entertainment Center TV Cabinet Black,00D0D_jwTK4Z4lN6j,500
panamacity,WANTED King Size Bedroom Set,,
panamacity,Pier 1 curio cabinet,00Q0Q_fGCbsxean4w,15
panamacity,"New TV Console,, ON SALE,, ON SALE",00z0z_gh9oqHdmzmJ,174
panamacity,Bronze 3 light chandelier,00101_fKUZi8naVjb,65
panamacity,Teal living room set,00V0V_esYtuN8iSuF,600
panamacity,china cabinet,01212_5UwHa38FEOZ,100
panamacity,Restoration Hardware original lancaster leather chair PRICE DROP!!!,00C0C_iDfUpvj4Ynp,1200
panamacity,WHITE WICKER BATHROOM VANITY CABINET BEDROOM KITCHEN SHELF WALL UNIT ~,00W0W_ixrUkPMMv2x,65
panamacity,ANTIQUE SOLID WOOD BED FRAME SIDE RAILS NO HEAD/FOOT SIDE BOARDS ONLY!,00R0R_i6e7YszYqe7,75
panamacity,sofa with recliner and hide a bed,00i0i_dBgnYXJOEpr,300
panamacity,"NEW Mattress Sets, T-150, F-155, Q-160, K-300, ZERO down Financing",00909_hdzsU5yAPyo,150
panamacity,FURNITURE FOR YOUR GUEST BEDROOM CHEAP!,00303_3REtUlQOUL3,205
panamacity,4 sets of Bar Tables,00J0J_llWCH2YhObg,700
panamacity,"52""x52"" sailboat print - picture",00202_cxeMbiaifPU,125
panamacity,White raised front panel cabimet,00x0x_2HVlrapwLVt,80
panamacity,New Hillsdale Furniture Janis Sleigh Bed Metal Head board & Foot Board,00b0b_eakJV6ER5hH,200
panamacity,christmas deco  leaping reindeer /sleigh,00l0l_8wojx9yVmJJ,40
panamacity,Store fixtures,00V0V_1Jgkc0nDFts,
panamacity,Dresser,01313_kR15OmfaCKF,40
panamacity,Living room furniture,00E0E_6GmXpoRlgAM,160
panamacity,Leather lazyboy,00o0o_jFqh3kocG0X,175
panamacity,Loft bed,00N0N_4GgtOmX7iwX,80
panamacity,Custom built wood furniture,00O0O_5VXgLG7lmAu,
panamacity,Wall Decor,00z0z_7bWXyU37zOS,100
panamacity,New Dining Table,00c0c_ekxEbRyLTpm,300
panamacity,Twin/Full Metal Bed Frame,00t0t_5P23EnMEZiQ,25
panamacity,Patio Pool Wood Chaise Lounges,00e0e_h47vazFYUaI,65
panamacity,Chair and a Half with Ottoman,00Z0Z_6suOATiCWYA,60
panamacity,Queen Sleigh Bed,00E0E_l8246VDyjbi,200
panamacity,Bedroom furniture,00B0B_dVQ8etLE0ZK,225
panamacity,Serta adjustable bed twin,00T0T_kAjTyzah3TC,125
panamacity,Dining set,00r0r_5vbvpGr2Kiq,450
panamacity,dining table with removable leaf,00r0r_1qsy431KU8l,150
panamacity,round oak table,00000_7TfsDnUlLnT,125
panamacity,All wood table,00n0n_3ZeiSYXnIab,20
panamacity,All wood table,00n0n_3ZeiSYXnIab,20
panamacity,Dining Room Furniture China Cabinet Included,00W0W_7A8NyMMc8fO,375
panamacity,Light Wood Futon Bed/Couch,00707_5tdTelxiQIU,125
panamacity,Indoor Outdoor  5 Piesce Patio Furniture,00V0V_drCjCtdzYvU,175
panamacity,Capodimonte Nuova Lamp,00n0n_lJDlp9Yq9pF,150
panamacity,Rug,01313_kkhmcUgLHQA,1800
panamacity,Soft Surroundings Curtains,00d0d_bZZ4WAxxlbU,200
panamacity,Gilded Frame,00000_iDXuPqaiMQc,375
panamacity,Antique Table,00n0n_heF25q5PIKe,75
panamacity,"PORCELAIN UNDERMOUNT BATHROOM SINK, WHITE, NEW IN BOX",00I0I_5cDLtZYZ5Ng,45
panamacity,QUEEN bed set,00000_3MV35SDXnlC,400
panamacity,Antique Henri II French Hutch,00000_eAslhrToODQ,450
panamacity,Queen and Full Bed Frames,,25
panamacity,SOLID WOOD COFFEE TABLE WITH DRAWER 36X24X18,00A0A_5xvg30srixW,50
panamacity,"36"" x 24"" x 18 Solid Wood Coffee Table Working Drawer",00E0E_bUNBl7vJbKN,35
panamacity,"Two piece sofa, love seat, and ottoman",00O0O_aZjHlRLQSBL,700
panamacity,Furniture for Sale,00d0d_eBgmBtWkYEn,
panamacity,Wood corner TV stand/table,00606_573bXdSP2fP,75
panamacity,NATURAL WICKER RATTAN PEACOCK STYLE CHAIR - PREOWNED NEEDS SOME REPAIR,00a0a_2epsYLmqbQk,35
panamacity,WHITE WICKER BATHROOM VANITY CABINET BEDROOM KITCHEN SHELF WALL UNIT ~,00W0W_ixrUkPMMv2x,65
panamacity,Like New Two Tone Dinning Room Set / Sits 8,00n0n_7iL0CswMCDZ,1850
panamacity,Gun cabinet from the 1970's,01515_d69fpGmO8Zl,105
panamacity,"Like New Cindy Crawford ""Home Collection"" Oversized Couch w/ ottoman",00V0V_hipy3wLQJgi,2500
panamacity,Bed,00R0R_8pW1gKMfUfO,100
panamacity,"OPEN SUNDAY 10-4, NEW Mattress Sets, T-150, F-155, Q-160,K-300,",00p0p_lqzqMOndt9B,150
panamacity,Dining Room Table,00d0d_iewZuEBWSIi,80
panamacity,Sectional Couch,00c0c_kqqji02e711,300
panamacity,Oak table with fresh white paint,00N0N_kXZlZHrU7KB,100
panamacity,Glass Shelving,00m0m_7k6gsQ96q7Z,
panamacity,Heavy Duty Picnic Table,00B0B_TKdASN2ASL,400
panamacity,Commercial folding tables,00C0C_lcXcjtQFYww,250
panamacity,Coastal Casual Furniture At Affordable Prices!,00a0a_5npgykLFy9A,
panamacity,Beautiful coastal furniture,00a0a_5npgykLFy9A,
panamacity,Great prices on furniture,,
panamacity,Nice Stone Dining Table,00w0w_9qnUepgAxT0,40
panamacity,Like new living room furniture,00Z0Z_nz60KCoS82,300
panamacity,Recliner/Lift Chair  LaZBoy brand,00202_6HJhBMGOEeS,500
panamacity,Michael Amini Luxury 5 Piece Tuscano Biscatti King Bedroom Suit,00h0h_42jtAcabZlJ,3000
panamacity,Large solid wood Armoire,00t0t_46PVcZWX1HT,250
panamacity,Custom coffee/side table,00I0I_kXKxhHb9urZ,95
panamacity,"60"" Glass & Metal Table",00A0A_ik6eHJrIWEx,120
panamacity,dining set,00G0G_ckkuTNy1QYK,95
panamacity,Broyhill Entertainment Center,01313_71IxxmZAik8,100
panamacity,Bunk Beds with Trundle,01414_9ZSqx7Oq7gl,250
panamacity,Desk/Table for computer,01010_iz3SQrcPXKU,100
panamacity,Two drawer Lateral file cabinet,00j0j_fafuZDIMDJZ,125
panamacity,2 Bar stools,01313_5zW4gTvhv0E,75
panamacity,Wooden table and chairs,01515_91s4gtPRi1a,250
panamacity,FULL/QUEEN BED WOOD HEADBOARD AND FOOTBOARD,00J0J_7ajNjfbYsqT,100
panamacity,Condo Renovations - furniture & more,00t0t_fltQlpL8OT6,
panamacity,"""BEACHY"" CUSTOM MADE DINING TABLE AND RATTAN CHAIRS",01616_a3TTc330482,600
panamacity,Bedroom suite - Queen PRICED TO SELL,00n0n_1NLCOGpgT5m,1800
panamacity,Lamps,00j0j_ebqVqN3RKem,20
panamacity,Dining table,00i0i_i7UhSyVaWcC,300
panamacity,love seat,00N0N_iiicBlFLmXi,60
panamacity,Dual recliner Sofa,00N0N_Du546kXyCd,150
panamacity,Wooden Picnic Table 8 ft long,00808_3V5sq472IRs,175
panamacity,Solid wood shelves with mirror,00r0r_Tpas1AiMdq,35
panamacity,Nice folding lawn and beach chairs,00Z0Z_3uaRlE2peyz,5
panamacity,OFFICE FURNITURE,00F0F_7ZiCLnBVnre,
panamacity,Duncan Phyfe Table and 6 Chairs,00d0d_3DPWkxZltzT,450
panamacity,Sleigh Bed - Queen,01515_6U3SjKx8BkN,195
panamacity,Bunk bed,,100
panamacity,coffee and end table beautiful,00r0r_e349Lfsx1Pi,90
panamacity,Dinning room Chairs set of four,01616_eGavc1y4ttb,90
panamacity,Serta king size mattress,00b0b_iLVu55StF0f,400
panamacity,Full Size Bed Setup the Mattress says Full Size,00C0C_c8Ih3VjdxY1,250
panamacity,HON 2 Drawer Filing Cabinet Cost New Almost 400 Good Shape,00p0p_jDQrFkIiSb8,80
panamacity,DINING SET,00t0t_40jtyKNrpHx,700
panamacity,dining room set,00B0B_7uEVPPqhKgc,60
panamacity,Ino. Living room furniture,,
panamacity,Queen Bed,01717_fm2haiB7cDE,150
panamacity,Blanket Rack,00Y0Y_50eNBCvnAsX,12
panamacity,Mirror - Beveled Edge,00d0d_i6dl9fgPsaz,25
panamacity,Childcraft Dresser,00707_khMDnL0mPjv,150
panamacity,Palm Prints (2),00i0i_5ujHkDc6dmu,15
panamacity,Parson's Chairs (2),00W0W_jXMWJhhtuPa,60
panamacity,Sofa Table,01414_6bqybSw07NX,15
panamacity,Table or End Table,00O0O_cevkTOA7jEe,10
panamacity,Beautiful bed perfect condition!,00v0v_g7KLSD9czfi,
panamacity,Condo furniture and refrigerator  for sale !,,
panamacity,Moving sale,00a0a_a27L0HHJeW5,
panamacity,Armoire - clothes chest,00T0T_5T9F4ajRgUM,275
panamacity,Patio 2 Seat Metal Bench,00L0L_GOMDrcnvF5,25
panamacity,Dining chairs set of four,,300
panamacity,Mirror,00p0p_290vV4AOWZL,55
panamacity,Dinning room table,,425
panamacity,decorative tabels with stand,01515_bu8Baxj2DzC,50
panamacity,Leather love seat,00101_gWyhPDplzap,75
panamacity,China Cabinet,00r0r_f64OfsqrZJu,295
panamacity,Dining table with Heavy round Glass top,01717_1pNgUL5UQKn,199
panamacity,couch absolutely like new;,00707_dvPvL4TPV6L,199
panamacity,Gorgeous heavy hardwood bedroom suite. King,00909_7gh0946PveY,249
panamacity,"TV Console, entryway or buffet",00V0V_gcXdcnKbMeT,199
panamacity,Bar stools for kitchen,00Y0Y_XPeGBHa5UN,35
panamacity,"Entry console table, buffet or tv stand",00707_hHgILBWLB5b,99
panamacity,dining room chandelier light,00M0M_5Dx3dkEr6Vu,75
panamacity,Cherry desk,00z0z_hOLTR8acNr0,40
panamacity,Nautical TV stand/Couch table,00C0C_lRsO1qmevtJ,200
panamacity,Microwave oven,00B0B_iXo8Ga3qccn,30
panamacity,"Table, round solid wood",00W0W_eZmxOSwNcA8,350
panamacity,Ethan Allen table and antique desk,00E0E_5XyIJhkLQKK,2100
panamacity,GREAT FURNITURE FOR GUEST  ROOM,,205
panamacity,Furniture,01313_jkGpiBfiToA,200
panamacity,Recliner,00Q0Q_eMIMoWa4NoG,75
panamacity,Furniture,00W0W_76F2RVPW9qf,350
panamacity,"Denim sleeper sofa & loveseat, CASH ONLY",00202_dnkekp8MnGw,399
panamacity,Wicker furniture,00x0x_2HEluUQrbSG,350
panamacity,Convertible Sofa Bed,00W0W_6jCtLWmroX5,150
panamacity,Arm Chairs - Pearson (Two Matching),01616_2gGVtjfuZ9b,650
panamacity,Furniture Moving Sale,00707_dvPvL4TPV6L,
panamacity,Trundle Bedroom Set,00Y0Y_g6atQMIb5Pb,
panamacity,Dinning room table & 5 chairs,00d0d_ZXgBSz9WyZ,40
panamacity,5 Drawer Chest Of Drawer,00k0k_a441lDzIYDU,50
panamacity,4) LARGE CD/DVD RACKS (Each Holds ~350CDs),00s0s_kxQiYCGDkt7,20
panamacity,Headboard full size,00T0T_2z1HH6VVXpy,20
panamacity,vintage chairs & light fixtures,00c0c_8qT7TatdpjU,120
panamacity,Coffee Table and 2 End Tables,00i0i_9TfJVyebq2R,100
panamacity,Childs Bedroom Set,00U0U_hra5QKxfPZV,100
panamacity,Indoor Outdoor Patio Furniture,00f0f_kYd4hg16Jnz,185
panamacity,BLike New Beautiful Dining Room Furniture China Cabinet Included,00W0W_7A8NyMMc8fO,375
panamacity,Coffee Table and 2 End Tables,00i0i_9TfJVyebq2R,100
panamacity,Lamp and small bedside table,01111_eIEROJ5sLou,20
panamacity,|||I sell designers cabinets for your kitchen and bath|||,00808_bIm1a1jwTXT,
panamacity,"Stratolounger Rocker/Recliner and 40"" Vizeo LED TV",00000_iHTupETcVXc,300
panamacity,Serelli Cheery wood bed set,01212_7OEP3hZvJW6,450
panamacity,Dining Room Set,01010_biDDUUCk9cF,300
panamacity,Furniture,00Q0Q_iuHQdTbPBBY,75
panamacity,Annie Sloan Duck Egg Blue Vintage Dresser,00r0r_lX3A4TY1QdE,300
panamacity,Like New Hand Crafted Farmhouse Table,00Y0Y_hy1a3Fnbfz4,800
panamacity,Brand New Futon,00I0I_8dZ2kdiAq80,189
panamacity,"Beautiful Oil Painting of Paris Street Scene by artist, P. Santoro",01616_5iVYXVHoiSX,195
panamacity,Restoration Hardware Queen size cloth/fabric bed frame - great condition,00U0U_a7RvCuJaqwA,800
panamacity,Leather Living Room -pic,01717_cuv2UPyTGbC,600
panamacity,Large Solid Wood Coffee Table,00000_cUHvTxCNMDs,60
panamacity,Oak Entertainment Center,,150
panamacity,Beautifully Detailed Nautical Oil Painting 30x26 Professionally Framed,00J0J_9Yf0xlSdWk5,425
panamacity,Solid wood 24in stools -2,01616_gFxEmX0XCzA,40
panamacity,2 Wine Racks,00U0U_kMGLPqD8wYp,50
panamacity,Coffee and 2 side tables,00y0y_8dQGRlVJyLD,200
panamacity,Chest/cabinet,00909_72bvriyNUwI,30
panamacity,Pier 1 rattan and wood hamper,00g0g_9wrHo1WBtJ9,25
panamacity,2 pier 1 metal based lamps,00C0C_d9AYlhFuCbG,40
panamacity,Pub table,01515_9v12pajK9xl,150
panamacity,Sealy Adjustable bed bases,00f0f_cBJcWCHvxmA,300
panamacity,"Component Glass Shelf, Wall Mount",01616_ed8zGBmjVhf,40
panamacity,Solid wood desk,,150
panamacity,END TABLES,00707_27vqS4xruYU,
panamacity,ANTIQUE WOOD FOLDING TABLES,00u0u_5PprMEOho25,100
panamacity,ANTIQUE DIVIDER,00Y0Y_cGmVUEF3XtY,
panamacity,ANTIQUE FULL BED,00o0o_3gSRrj6ha5J,
panamacity,Entertainment Center & Tv,00p0p_l69hdTdcIjy,50
panamacity,Patio Table and Umbrella,00O0O_4xd3AcAcYLx,30
panamacity,Wall Mirror,00Z0Z_g7QkqT19fi2,30
panamacity,L shaped office desk,00e0e_cjSszmWMnqR,350
panamacity,file cabinet grey,00C0C_dx1MOp0PxKQ,60
panamacity,Bamboo style floor lamp,01515_eNtzqiSEuEK,100
panamacity,Bird cage wine rack/storage,00303_976hhZ5tLRq,200
panamacity,Kitchen/workshop cabinet,00y0y_b0u1Gaov9Rq,50
panamacity,"STRESSLESS CHAIR  ,OTTOMAN",00Z0Z_7lqUfuVmUc8,800
panamacity,"Two pedestal 66""x42"" heavy Dining Table",00000_1dj1DXkHWX3,90
panamacity,Bar stool/ round table/kids bench,00M0M_7s29HGlbQGe,5
panamacity,Queen mattress and box springs - like new condition,00u0u_haP57IfKIJQ,100
panamacity,Kitchen table w/4 chairs - good condition,00R0R_hyuxOJ5IsO5,150
panamacity,"Wall Unit, includes chest of drawers, two end pieces and light bridge",00S0S_hAGl3VfXNdv,200
panamacity,Large Grey Velvet Couch,00z0z_gyl6n72ziWE,500
panamacity,Power Recliner,00X0X_dVqghJMruA3,150
panamacity,"Like New Desk, Office Chairs",01212_g3kSkuEPbuS,500
panamacity,Headboard King,00h0h_8Xs2P9r7Nag,25
panamacity,Queen bed,00M0M_WdqZ4Z37VH,500
panamacity,Metal Bench,01212_3YO1i7keRYo,60
panamacity,COASTER KING SIZE SLEIGH BED & ENTERTAINMENT CENTER,00h0h_6hl57W6gWSz,275
panamacity,Queen size Sofabed & Chair,00t0t_aXpJalOUXNF,350
panamacity,"ARMOIRE holds 42"" TV",00X0X_A6dQ9mKq3f,100
panamacity,Bedframe and Headboard - Queen/Contemporary,01515_5ACAuyDqRQW,225
panamacity,End Tables,00s0s_73bDuhd7hnF,90
panamacity,WHITE WICKER BATHROOM VANITY CABINET BEDROOM KITCHEN SHELF WALL UNIT ~,00W0W_ixrUkPMMv2x,65
panamacity,Two real wood endtables,00h0h_l37aOjXcdqS,60
panamacity,Queen bed,00O0O_2NOHxma4J0Z,200
panamacity,FURNITURE FOR YOUR GUEST BEDROOM CHEAP!,00303_3REtUlQOUL3,205
panamacity,"NEW Mattress Sets, (mattress & box), T-150, F-155, Q-160, K-300,",00i0i_Aj9MrsdC4C,150
panamacity,Farmhouse Tables,01515_g4vXvXS6TpH,400
panamacity,Coral Stone Lamp Table,00F0F_ldQtgJkcTMh,75
panamacity,4) LARGE CD/DVD RACKS (Each Holds ~350CDs),00s0s_kxQiYCGDkt7,20
panamacity,Ashley 7 pc bedroom set,00101_94kXGRs6OWt,2200
panamacity,Love seat sleeper sofa,00w0w_h9LB8M5FSZN,100
panamacity,QUEEN SIZE 4 POSTER BED,00q0q_iV6ftbBg0IH,950
panamacity,Chest of drawers and matching nightstand,00K0K_7eObaqhi4Y4,110
panamacity,2 paintings,00G0G_8sKOlNZQqU2,25
panamacity,Wrought Iron Garden Bench.,01111_4R9GxNYxGck,50
panamacity,Commercial Precor Treadmill.,00X0X_4gh6NPmv8GE,495
panamacity,I am in need of a office desk,,
panamacity,Sofa Sectional,01212_5nQNiHLfjsC,800
panamacity,Sofa Table,01010_1jS7FEghR3p,40
panamacity,All white slip covered sofa (fold out bed),00J0J_4NeUv3wd9zp,200
panamacity,***ASHLEY 7 PIECE QUEEN BEDROOM SET Black Coffee,00h0h_9gyHPbbSkho,595
panamacity,Larkinhurst sectional,00d0d_kixCSCP7TWP,800
panamacity,Queen headboard,00909_kRnqQWv46tV,150
panamacity,High Top Table With leaf and 4 Chairs,00V0V_c4WX5hIzepL,300
panamacity,Brand New mattress,00r0r_3bUuX8L0zFH,100
panamacity,head board...king,00Q0Q_wx2CWkQ9rU,100
panamacity,Marble Top Plant Stand - Hand Carved,00505_6gkGNlqcZgh,60
panamacity,Dining Room Set,00v0v_d05nn7hfEod,3500
panamacity,Wood Bench with Padded Seat,00F0F_dFi9FyvQg4L,60
panamacity,"RTA Cabinets, Many Door Styles to choose from",00Z0Z_b8DO88XXD6Z,
panamacity,Mitchell Gold + Bob Williams Arm Chair /Accent Chair,00F0F_8oVXjt9QGTv,350
panamacity,TV Console/Cabinet For Sale,00H0H_c85uSWhBtOW,100
panamacity,Leather Recliner,00m0m_bYcNNCrsV2,250
panamacity,Benches,00404_9SBusPMFDay,54
panamacity,Bench,00e0e_ePGTd22K7t9,54
panamacity,Leather couch with electronic reclining,00909_lC5MTDMye7o,425
panamacity,"Vintage Functional Oak Phone/ Gossip Bench w/storage by Jaycee,England",,275
panamacity,VINTAGE ORIENTAL ROOM DIVIDER W/ VARIOUS INLAYS W/ MOTHER OF PEARL,01717_2YwCIXRA5SX,500
panamacity,"Queen box spring, mattress and frame",00C0C_gqG4UBH0lkF,75
panamacity,Bungee chair,01515_1vfesGkRdlw,30
panamacity,Loveseat. Need room for baby,00Q0Q_kmLC1ZlDCuL,65
panamacity,"King Solid OAK HEADBOARD&BEDFRAME ,Matching Dresser with Mirror",,300
panamacity,Childs BED Solid OAK HEADBOARD&BEDFRAME ma,,50
panamacity,NEW-COFFEE & 2 matching LAMP TABLES Cream Wood w/Brass Inlay,,150
panamacity,Bookcase (9),00b0b_26QH49n0Woa,35
panamacity,Wingback chair,01515_722lU1urcNB,75
panamacity,Solid wood shabby chic tower,00V0V_GKV1bYr04W,85
panamacity,Kid's Chair,01616_6IAyIILkPca,15
panamacity,"Chair, Metal Frame w/Plastic Seat",00k0k_jw4y0IHV9vH,15
panamacity,"Chair, Metal Frame w/Plastic Seat",00k0k_jw4y0IHV9vH,15
panamacity,"Chair, Metal Frame w/Plastic Seat",00k0k_jw4y0IHV9vH,15
panamacity,"Chair, Metal and Wicker (5)",00o0o_hfECCWyoXC0,25
panamacity,"Screen, English Cottage by Seabrook Classics",00W0W_kYxJUdeVHdp,125
panamacity,Lowcountry Screen by Seabrook Classics,00101_gY45QS4hCfE,100
panamacity,Corner hutch,00J0J_akYaDYLEaVQ,125
panamacity,"Chair, Wood & Metal w/Arms",00C0C_3Rv07F7Mc6X,25
panamacity,Lowcountry Screen by Seabrook Classics,00101_gY45QS4hCfE,100
panamacity,Buffet/Credenza,00t0t_2pX0EtIcybC,135
panamacity,Chair w/Arms,00505_jJP7MZLEqqe,25
panamacity,Cherry wood dining table,00W0W_jN9HQ2TRz4V,100
panamacity,Custom Made Bedroom Suites,00H0H_8mM6lah0KSV,250
panamacity,La-Z-Boy Full Dual Reclining Loveseat,00101_7yKNwgig7nQ,700
panamacity,Wooden Picnic Table - New,00O0O_4qiEHTdIE79,150
panamacity,coffee table and sofa table,00D0D_9Hi3S1mNrAp,100
panamacity,"Bedroom set, dining room & coffee table",01414_8NmvgtBpLHq,1
panamacity,Lamps,00Q0Q_1x98fP0yQmK,20
panamacity,Reclaimed wood desk,00h0h_akGwqTcTL6x,175
panamacity,Resin Wicker furniture,00g0g_jGdc4Cx91P9,550
panamacity,2 bar stools,00808_34F5mrovpNl,40
panamacity,King Size 3 Pieace Bedroom Set,,200
panamacity,Mahogany Bedroom Set,00101_bNSsAXMwTBJ,1600
panamacity,Real wood bed set. Very good condition. King.,00R0R_5AUHHQRDdlP,700
panamacity,2 lamps,00V0V_gjeYgX9ZPBi,20
panamacity,Table and 4 chairs,00v0v_35i5CyOaQ2L,40
panamacity,Pine entertainment center,00n0n_kDGdgPppeWE,200
panamacity,Brand new couch and loveseat,00F0F_2EHj7W6eTbB,350
panamacity,TV STAND,00R0R_5itR7umpFQ3,40
panamacity,TV STAND,00000_7GuHyH1GLO3,40
panamacity,SOFA AND CHAIR 1/2,01414_64TYyBCWH60,275
panamacity,Pub Style Oak table with Hutch,00000_7mDVqxUWoXQ,650
panamacity,Quarter sawn oak table 6 chairs,00l0l_gVt4OJP2HpE,975
panamacity,Cedar Chest,00D0D_5I2hCiRFsax,90
panamacity,TV cabinet/computer desk,00x0x_l6beIcROPX8,25
panamacity,Solid wood wardrobe,00L0L_isCMfJRzXIN,25
panamacity,Bed frame,00N0N_eoJ6qJbw1FX,1
panamacity,Small Upright Shelf,00b0b_8OC101E2NR0,15
panamacity,2 rattan chairs,00P0P_9tebJza6J9R,60
panamacity,Entertainment Centerâ€Ž,00Q0Q_1NECRRZOOJW,200
panamacity,Bedroom Set - Solid Wood,00y0y_lEMKi7MCWLD,500
panamacity,Dining Table,00505_cy0VoZuPQV6,50
panamacity,Dining Table With 6 Chairs,00J0J_4tZOP8cqv7Y,200
panamacity,Like New Recliner,00P0P_jXSFnIAlwIr,100
panamacity,Oak Wood Curio Cabinet,00N0N_5j1iZ12q380,50
panamacity,Nice Wicker Patio Furniture,01717_iIfl8RnpoI,150
panamacity,Oak Wood Coffee Table and 2 End Tables,00i0i_9TfJVyebq2R,100
panamacity,Very Nice Bedroom Furniture w/King Size Canopy Bed,00K0K_aSvKjdjb8ci,500
panamacity,Ceiling fan,00q0q_caoO5I0eCN6,30
panamacity,Chair,00707_7GBXVlIvlDS,45
panamacity,"1 Yr Old Sleeper Sofa/Couch & Love Seat, Great Condition!!!",00C0C_6hegd1YtYKT,800
panamacity,Beautiful Vintage TV Armoire Cabinet by Pier 1 Imports,00l0l_jgh6RPyzrZN,75
panamacity,Couch and pool table,,50
panamacity,2 padded bar stools,00101_6eOJxTuWoyy,20
panamacity,2 Executive High Back Office Chair,00404_isbvHkyL8LY,50
panamacity,Bissel Vacume Cleaner,00T0T_i6mZDORL4Yv,50
panamacity,DESIGNER FURNITURE FROM ROSEMARY BEACH REMODEL,00g0g_5ift5gij2ai,
panamacity,Queen Bedroom Set,00808_6uUTZM0E3B8,350
panamacity,Queen Sleeper Sofa & Loveseat,01717_9wc4vfAyG59,400
panamacity,Glass Pendant Globes (3) $25 total,00606_1exbu66GTzO,25
panamacity,Glass Pendant Globes (3) $25 total,00606_1exbu66GTzO,25
panamacity,Chest of Drawers,00U0U_5rBCrY2wX03,200
panamacity,Chest of Drawers,00i0i_czWXFy2WiBp,170
panamacity,black bed queen size with rails,00s0s_8odMjRuX04y,50
panamacity,2 seater recliner burgundy velvet,00808_f7sTyGYTPX2,75
panamacity,Lots of furniture must go!,,300
panamacity,Marble top table,00J0J_eQMY2jwy0CD,75
panamacity,Wood Sofa Server Table,00Z0Z_536h5uk9uY3,20
panamacity,Solid wood Rosewood Jewelry Cabinet/Drawers,00505_5jH30mGzXd9,85
panamacity,Beautiful Hand-crafted Solid Rosewood Bar Cabinet - Flip Top,00K0K_kmHv8nTT1AF,250
panamacity,white wicker?rattan? shelf,00S0S_fA4IwXoJSpx,40
panamacity,kitchen set,00W0W_glYt35ZMIuI,300
panamacity,New Massage Chair (Can be Shipped),00H0H_dHsaz6naIie,1400
panamacity,Full size bed,00j0j_hyuD62npgWQ,45
panamacity,Chairs,00404_hJKvAWLtkLj,10
panamacity,3 Tom Greene Brutalists Chandeliers.,00202_3VzngCXXWM,5000
panamacity,Computer desk,00c0c_cWxVwitqh7l,150
panamacity,Dining Room Table,00V0V_3RS18mhqnhi,225
panamacity,Chaise Lounge,00L0L_6ogp0QuCe6A,500
panamacity,Bedroom set,00W0W_6SqpB0lpJPT,800
panamacity,Ladder Bookshelf,00m0m_6DsqjcfMjkW,20
panamacity,Oriental screen,00L0L_g9vAKi2oh2v,600
panamacity,NICE DESK,00T0T_dQnDVTRckEG,75
panamacity,6 piece Bedroom accesories,01010_fFK5mpPgWwU,400
panamacity,Lost Mountain Artwork,00808_6ZtqiAXl9cZ,75
panamacity,Bunkbed all wood,00808_j8eBkuN7tSz,500
panamacity,Help wanted! Easy work for quick cash,00a0a_8eb8QUmZYO4,
panamacity,Corner entertainment center,,200
panamacity,Dining room table 4 chairs,00E0E_hvQEvvL6Nfi,125
panamacity,Like new traditional couch and recliner,00W0W_3TSxZsYySBW,300
panamacity,Very nice kitchen table for sale or trade,00B0B_gYy5Vp8R1b4,275
panamacity,Furniture,00j0j_jV0xup06LEV,75
panamacity,Wood entertainment/ computer  desk cabinet,00a0a_hTRvR2o4HN4,75
panamacity,dresser,00U0U_kC9S8X9PaDm,25
panamacity,SLEIGH  King size     HDBD FTBD,00000_3n6vY5k8CWT,175
panamacity,Bamboo Side Table,00h0h_131uLMD5uZF,45
panamacity,Invocare motorized hospital bed,00y0y_2mcvX7ErJzN,300
panamacity,Sectional Couch,00e0e_15UVuqXoRKr,200
panamacity,Refinished Solid Wood Dresser,01515_9FwmJtnA4EP,575
panamacity,Rustic Red Cedar Log Tree Stump Table,00q0q_cgrNW6bYNOH,1200
panamacity,Large white shelves (2x),00h0h_hb6XrQ72UGD,15
panamacity,Night Stands,01313_kshLDBcabXr,80
panamacity,White Bamboo Shelves,00I0I_b5cGeZXAqFH,35
panamacity,Baby stuff,00c0c_h5zK8bQmEVx,
panamacity,Bedroom furniture,00M0M_h8GFr53y85X,100
panamacity,Used furniture $200,01313_8ugB6KkHbn4,
panamacity,Entertainment Center - BROYHILL,00b0b_d20w4StAZdR,450
panamacity,Glass top table with 4 chairs,00F0F_jgu2z5DFc2i,50
panamacity,Queen Pillow Top Mattress,00d0d_cYqTai0PTll,50
panamacity,Book shelf,00V0V_59N6LeKwx7P,40
panamacity,CRIB TO BED CONVERSION KIT,00707_afPdoLYI7AS,75
panamacity,Bar with Wine Glass Rack,00u0u_hk4w7VAxvf,425
panamacity,Refinished Solid Wood Chest of Drawers,00S0S_i3MmqWY7KzW,395
panamacity,Reclaimed Wood Queen Shutter Headboard,00k0k_4wKhADmnGXj,275
panamacity,Refinished Distressed White Coffee Table,00o0o_8ZhCZ43dTIw,150
panamacity,Refinished Rustic Distressed White Dresser,00f0f_bOkYz9MUtfg,400
panamacity,Dining room table need gone $120 OBO,00H0H_3UgXycPRCCX,120
panamacity,Ashley's Furniture Fielding Sofa and Oversized Chair,00k0k_jZhtcSuhyyP,800
panamacity,Queen Sleigh bed,00g0g_8CjrBSJIKyx,125
panamacity,King mattress,00I0I_lv7pjTqsaWb,50
panamacity,Burnt orange pull out couch,00A0A_1fNStcWZ3fj,100
panamacity,Tempur Pedic King Advanced Performance Mattress and Box Springs,00D0D_fC7v56cmCYU,450
panamacity,Pull out Couch,01717_76gze5PcfnC,175
panamacity,Solid oak china cabinet and hutch,00P0P_ipBbBd1QtXT,
panamacity,Vinyl Accent Chair w/ Ottoman,00N0N_lGy3jaXpChS,50
panamacity,3 Piece Dining Set,00d0d_kE1e3dpJFJj,1500
panamacity,Full size brass bed,00e0e_laLBeNBSxB4,50
panamacity,METAL BUNKBEDS FRAME $85,00m0m_hGvBNKr0gx8,85
panamacity,"Couch, love seat, coffee table, and end table Cheap!!",00j0j_j7HtNU5EkFu,200
panamacity,Mirror,00000_9WDRoRPnJwN,100
panamacity,Drop-leaf vintage table,00j0j_aEtAGUk34iK,100
panamacity,"Walmart Desk, Coffee Table, Side Table",,30
panamacity,3 seater couch and faux leather futon,00o0o_axBdWHFoWuS,60
panamacity,"Nice Sleeper Sofa, Golden Brown / D. Brown Pattern / Well Made + Heavy",00Y0Y_artoMMFmI8d,100
panamacity,Custom Built Real wood Murphy beds,00404_66imvp7eZpL,
panamacity,Custom int center,00Q0Q_2v8uKurLIu2,300
panamacity,Recliner,00d0d_1uVQMyHrQpM,150
panamacity,Wicker & Wrought Iron Buffet Dining cabinet,00Y0Y_h47wvdrYInA,75
panamacity,Queen bed & Paula Deen desk,01717_i5EjvYEtUjy,150
panamacity,Queen pillowtop mattress only,,
panamacity,Wood night stand,00i0i_hCffhfzS82Z,15
panamacity,"Queen headboard,  footboard and frame",00J0J_1pLfLa1Y80b,40
panamacity,Rare Rocker (Wingback),00y0y_gR0iSDsenRQ,395
panamacity,Mirrors,00o0o_cj0IeG3YVQl,25
panamacity,Framed prints,00q0q_7gtq5B2yIyH,10
panamacity,Bar stools,00000_dmOGhIqOpBq,15
panamacity,Brown painted chest of drawers,00q0q_d1okuvbUZgn,50
panamacity,Large Wall mirror 3 x 4,00k0k_9vPbc2rQDVM,40
panamacity,"38"" SHIPS WHEEL BRASS GLASS & ROPE TABLE",00J0J_kN7HkjNfrsi,1100
panamacity,Ceder chest,00f0f_5e15uyvDDq4,75
panamacity,Brand New Soccer Goal Bed,00O0O_divmRfSrlI1,109
panamacity,Brand New Dining Table w/ 4 chairs,00N0N_b3Jgznhc1qY,399
panamacity,Brand New Full size Bedroom Set with Camo Accents,00t0t_7JsTKWJ6SMk,899
panamacity,Brand New 8 Piece Bedroom Set- Queen Size,00I0I_kvbCifEu0W0,2099
panamacity,Brand New Dining Table with 6 Chairs,00u0u_3w5Ygohi8ly,1199
panamacity,Brand New Table w/ 6 Chairs,00e0e_dq9LOae1KDf,599
panamacity,Brand New Dining Table w/ 4 chairs,00d0d_4NzjlKDmYQu,419
panamacity,Brand New Futon/ Sleeper Sofa,00t0t_IQrHNZr0mH,259
panamacity,Brand New Sofa/ Love Seat/ Side Chair,00Z0Z_3fCH5WQUZju,1299
panamacity,Brand New Sofa  & Love Seat,00808_3Du3AgXc9r8,899
panamacity,Brand new couch,01111_bW7DhdDwGVh,659
panamacity,Futon/ Sleeper Sofa,00000_j6evNfjm4rh,259
panamacity,Wooden bunk bed,,50
panamacity,Patio table and 2 chairs pub height,00E0E_kWUwedYKx9O,30
panamacity,Thomas Kinkade style paintings,00y0y_1LuMYpLPVi4,
panamacity,Couch & chair,00u0u_kq4xL6792zt,
panamacity,Red desk with chair,00V0V_fwM7ccTBvqj,95
panamacity,Solid maple corner china cabinet,00m0m_abHx2da6srp,225
panamacity,Walter of wabash solid oak armoire,00s0s_9DHPJcmHtbf,235
panamacity,Walter of wabash oak dresser,00505_869fYCcG8j9,185
panamacity,Couch/Chase chair,00Y0Y_gL2cHpMmQ5f,850
panamacity,Coffee Tables your choice,01616_gyCYTsewPF3,18
panamacity,Wall unit,00E0E_gykcDTnw9gF,200
panamacity,2 piece set,01414_gyNfpMV72yI,130
panamacity,Shelf/Entertainment Unit,01616_hST8yMxQGJW,40
panamacity,Armoire,00g0g_fEODT8iysaw,275
panamacity,Giant bean bag,01111_16hvzCZVeDH,40
panamacity,Unique Drift Wood Seashells Coffee Table,01616_lIy29SfJCY8,1000
panamacity,4 Dining Room chairs,01414_dIMejnJbuiH,200
panamacity,Big Picture Damce Me To The End Of Love,00j0j_jGYl4F7keye,15
panamacity,Expandable Dinning Table and 8 Chairs,00H0H_9AI0pyAhNzR,4500
panamacity,CUSTON BUILT DRAWER STACKS 2 EA  $75 EA BEST OFFER,00i0i_hfT3EIezogK,75
panamacity,White wicker design bedroom suit ***REDUCED PRICE***,,175
panamacity,Maple office desk & chair ***REDUCED PRICE***,00n0n_Ez9oM2rL7t,60
panamacity,REDUCED *** $50 Maple wood single bed,00n0n_Ez9oM2rL7t,50
panamacity,Bamboo Framed Picture,00B0B_eTVX8rJJuQS,100
panamacity,Marble top harp/lyre Victorian style table,00v0v_eT7O7dU54pe,600
panamacity,Coastal casual furniture,00x0x_6jtn5mSapf3,
panamacity,"Premium decor items: table, lamps, rugs, wall art, wood blinds",,25
panamacity,WOODEN DESK,00p0p_izNRMErLsuv,225
panamacity,Leather Living Room Set,00B0B_giUnXDW9ey7,600
panamacity,Beautiful Roll Top Desk and Chair,00R0R_hIV3niOGOvT,500
panamacity,Wine Racks Iron ( Quality ),00707_2yjZP5JnhQV,
panamacity,Child Vintage School Table and Chair Set,00X0X_fzVq6pYSpmO,100
panamacity,Chandelier - NEW PRICE,00707_5cbMie3Kfud,25
panamacity,Entertainment Center That fits up 75 inch TV,00000_h0ZtefRZXwY,650
panamacity,Cherry Wood Large Entertainment Center,00N0N_2r4lFpbkQ9W,1100
panamacity,Beautiful room divider,01414_gRRORAVArqh,200
panamacity,BERNHARDT COLLECTION 10 PIECE SET,00s0s_jDCFTRqyACr,400
panamacity,Large Tuscan Coastal Scene Picture NEW PRICE,00z0z_3FSkMTYDrle,20
panamacity,nice chair,00C0C_d47OOpy6e9s,40
panamacity,wicker bar stool,00o0o_3zWvnBAsMw1,20
panamacity,glass tables,00404_6ZE98YFTZPY,20
panamacity,Lots of furniture!,00g0g_5UnheaOtPO0,300
panamacity,Executive desk,00606_5J1dd0zsX7k,195
panamacity,Nice Patio furniture with loungers and table,00J0J_bqqv2zs9JEs,175
panamacity,Bar stools,00M0M_4XsR1blB0Ni,30
panamacity,Industrial farmhouse table,00r0r_cwkv9boab82,300
panamacity,Sitting Chair- leather & fabric,00c0c_hHg1it1KuIX,200
panamacity,Armoire,01717_7Qm35UNth7X,150
panamacity,Paolo Crate  n barrel shag rug 6x9,00s0s_9tLrG1wXJMF,75
panamacity,China Cabinet,00p0p_9ldsXtFRSN5,650
panamacity,"Couch, loveseat  ottoman and end table",00t0t_16UFx4V28ot,250
panamacity,King Size Bedroom Suite,00P0P_3VQi1lCst1w,1500
panamacity,China Cabinet,00e0e_f3i4YDFpN4g,600
panamacity,Leather recliner,00R0R_kTxUpSQDl0P,25
panamacity,Twin/Full bunk bed,00101_bgF33SVHiKT,200
panamacity,Green floral tapestry,00505_f0NwLd1OjNd,50
panamacity,Beautiful wrought iron floral chair,00M0M_7X4T4Tvpns6,85
panamacity,Apalachicola River Driftwood,00O0O_9AAfjgJbOzm,300
panamacity,Patio table & chairs,01111_7Vn9BZzaqSA,40
panamacity,Very good condition hide a bed,,100
panamacity,Antique Marble end table,00I0I_43aEhWjSVGp,45
panamacity,Elec Fireplace/Heater - Vintage Preway Antique Porcelain Cone Retro,00o0o_dcj14aGcaC0,700
panamacity,"Couch, love seat & pictures",01717_5S9TsJpnPbp,285
panamacity,Twin over full bunk,00z0z_h9fwUYU1TOd,100
panamacity,Table and Chairs,00v0v_k9SregZa63M,150
panamacity,Bar Chairs (2),00y0y_79zZ5ynO7t5,40
panamacity,Bedroom set queen,00202_ao3izIpGzIV,200
panamacity,Dining room set: Antique white,01717_k9OCt5jgDwG,1200
panamacity,Large pivot mirror,00707_5cTlHwPlzn2,30
panamacity,ISO: Dresser,,
panamacity,Like new 2016 queen mattress and box spring,00Y0Y_4x0yiqBJzSs,150
panamacity,2 TWIN SIZE BOX SPRINGS $20 each,,20
panamacity,Small sink with faults,,35
panamacity,WHOLE HOUSE FURNITURE,00n0n_2Zp9iKxEkBk,
panamacity,Solid Wood Bar Table and 4 Matching Bar Stools,00g0g_lTrQsoiB2Uc,175
panamacity,"Oriental Rug wool, 6' x 8.5'",00a0a_geELzHcqs5f,50
panamacity,ROUND TABLE with 4 UPHOLSTERED CHAIRS,00808_e8Rg0KFRV5A,400
panamacity,Entertainment Center,00S0S_c1DONIaAOL0,500
panamacity,Tropitone Patio Set,00P0P_c44mZ9uQGcA,75
panamacity,Queen Sofa Sleeper w/ End Tables,00A0A_b93XC5jypcb,
panamacity,Vintage Rattan Bentwood Dining Set,00o0o_coZj7xrIEVe,200
panamacity,Vintage retro dinette chairs,00f0f_11duqSAQXcJ,95
panamacity,Custom painted table & 4 chairs,00f0f_gRRtSvgnNIZ,475
panamacity,Kitchen table,,30
panamacity,Farmhouse table,00000_cQMKGKJD1iM,300
panamacity,Farmhouse table,00m0m_cbwueciWGYx,300
panamacity,Custom Daybed Swing Bed Porch Patio Outdoor & Sunbrella Mattress Cover,00F0F_hOzxCXQ6iDp,650
panamacity,New Frigidaire 26.7 cf,00J0J_gUDzLBFPz3b,1000
panamacity,Kid's Loft Bed Twin,,200
panamacity,Loveseat sofa    desk,00P0P_hIDTbfjGY7H,50
panamacity,Green sofa,,75
panamacity,2 tall lamps,00Z0Z_54wDQTdENUq,40
panamacity,2 Night stands,00W0W_iF4vNKUJwTC,100
panamacity,Down sizing and need to sell,00c0c_6797pagYs7d,125
panamacity,Furniture,00w0w_fHMQ26Pm26s,250
panamacity,Brand new desk,00S0S_gPsjP0Aw9xw,175
panamacity,Couch and glass tables,01111_iLRwJuvymoO,200
panamacity,desk for sale new,00U0U_82ywJAd2JLq,90
panamacity,ANTIQUE WOOD CHAIRS,00808_15l9S4Qc7DP,50
panamacity,ANTIQUE U.S. NAVY MESS CHAIR,00C0C_2YHtr00PXZZ,100
panamacity,SMALL ANTIQUE TABLES,00G0G_1OgwEwSygUk,
panamacity,VARIOUS VINTAGE TRUNKS,00z0z_cWykZiw6AWr,
panamacity,VARIOUS VINTAGE CHAIRS,00x0x_geqq5tJFNVo,
panamacity,Office Desks and chairs,,100
panamacity,Assorted vanity and tops,01010_ic5LpW5lvcs,150
panamacity,4 Poster King Bed,00i0i_8XBsRDrunzw,1200
panamacity,Comfortable chair,00E0E_Xia9LS44d0,30
panamacity,Sleeper sofa,00505_iiQ7liO0lBx,30
panamacity,King size mattress & boxspring,01212_dwhxTWdTuVr,60
panamacity,Sleeper sofa,00m0m_5Uxjq0u3lCa,10
panamacity,Headboard and frame,00E0E_W0VZGkGzzy,25
panamacity,Office Chairs,01717_cLpKnhWxUVL,25
panamacity,Farmhouse Table,00D0D_1xl5AlYoDec,900
panamacity,4 post twin bed with frame,00D0D_a6hub0pQGgR,150
panamacity,Refurbished Barnwood Table,00P0P_drz2CO2dO0P,100
panamacity,Bunch or furniture for 1 price,00K0K_9Xfsx3kfLFZ,150
panamacity,Dining room table,00909_aDw3IMtSgQt,50
panamacity,Junior sizes loft bed twin bedwith slide,00L0L_feMJw6H2nfO,150
panamacity,Swivel bar stools,00Q0Q_882XLKth07x,75
panamacity,Brown Faux Leather Sectional: MAKE OFFER,01414_aQPzpMZcGN3,400
panamacity,Floral Print Sofa,,75
panamacity,Barwick grandfather clock,00J0J_5CcBzTxu1AW,100
panamacity,Leather sofa / sectional,00C0C_ihEIXIdyGbZ,500
panamacity,TV Armoire,00z0z_7KDovDBDG09,350
panamacity,Twin Box Springs,,20
panamacity,Farmhouse table and benches,00q0q_iqAS2hEz0qc,799
panamacity,Folding table,00n0n_jtCoy5Na3e4,40
panamacity,Mission quarter sawn oak desk with chair,00D0D_jc11sO5qb8a,275
panamacity,Iron Fireplace Screen,,180
panamacity,Table,00808_1eo8lbVi051,10
panamacity,Coffee Table,00505_kvASJXDjeJ9,20
panamacity,Living room set,,600
panamacity,Need gone ASAP l shaped couch with pull out bed,00h0h_7BcZJ0iprQV,50
panamacity,Full headboard with bedside cabinets,01717_8wefPf0gi6p,75
panamacity,MOVING SALE,,
panamacity,Tables and chairs,00U0U_fSmBoR1eqGb,10
panamacity,â˜† Moving Saleâ˜† everything must go!!,01515_iFkN1VPyRux,1234
panamacity,Bench,00o0o_dkmBjRvM8ZH,25
panamacity,Retro tea cart,01313_62D87irHXlV,40
panamacity,Nice Dining Room Set,01717_lNXks36cRRL,500
panamacity,Outdoor Bench,00707_1T2MB4wKsGz,175
panamacity,Computer desk,00y0y_kmypinkdIae,50
panamacity,Two Solid Pecan End Table,00T0T_5E7aNON17my,50
panamacity,Maple hutch/ China cabinet,00101_jEk7o98BB3G,350
panamacity,Chase lounge,00q0q_bmxujNCkK3E,300
panamacity,Dresser,00S0S_3IhVR2O68e0,150
panamacity,"Retro glass top tables, coffee. And 2 end tables",00N0N_arzGLo0Y0W,125
panamacity,Used leather theater chair/ recliner,00G0G_gtbGtAdirK6,15
panamacity,Couch and loveseat,00Q0Q_f4WjImBY2gs,299
panamacity,Coastal Casual Furniture At Affordable Prices!,00f0f_a6Mv0lcCLN6,
panamacity,Pub height farm table,00D0D_dFgXOpRYbdb,649
panamacity,"Dresser with tv stand, dresser and two night stands",00707_iidGUK3mWPh,400
panamacity,Dresser and end table,00N0N_ZGA9V98MzF,350
panamacity,Fireplace mantels,00d0d_9IIIvsZcWTm,900
panamacity,glass sofa table,01212_gmgRhjCstzc,60
panamacity,Desk,00L0L_c97xAY0bFFG,50
panamacity,Rolling Wooden TV stand with glass,00W0W_2eBSr9TjDQg,10
panamacity,Sofa and Loveseat - with throw pillows,00101_kGTrxhyzhr3,175
panamacity,Bottle Cap Side Table,00101_cJpknTWEYjI,175
panamacity,Beautiful marble and wood,00F0F_h8W5glYJtiO,250
panamacity,Solid wood 24in stools,01616_gFxEmX0XCzA,20
panamacity,Gorgeous Mirror,00101_cGeeDWCI1f7,50
panamacity,"5 piece King bedroom set, dark solid wood, with Serta mattresses",00A0A_dlt6gDpH227,950
panamacity,Headboard-Queen-Wrought Iron,00H0H_KVPBq71Wg5,75
panamacity,Desk chair-High back,00Z0Z_ba3mtMubcOA,60
panamacity,"Shabby chic , hand painted furniture",01111_6UtrJbMQvcl,200
panamacity,Pallet Bed,00909_hUCR662wKfU,
panamacity,Antique china hutch,00G0G_bJbQ4nlAVAW,450
panamacity,French provincial china Hutch / shabby chic,01414_fe5NxrmC77n,425
panamacity,Dining room table (extendable) + 4 chairs,00u0u_8uiBejGNGhA,149
panamacity,Side table,00303_eppFFYbPKZW,29
panamacity,Oak coffee table (matching side table avail),00202_7kKUQQ3tpqx,25
panamacity,Black media cabinet (slim),00g0g_kCrOxb7RoOk,29
panamacity,Black computer desk / cabinet,00I0I_lvMJATm6MI1,45
panamacity,Bar / buffet / credenza,00e0e_4iDJQD1OOkK,325
panamacity,Shabby chic armoire .,00e0e_g4uURKIT9ed,325
panamacity,"Moving Sale - Beautiful, Quality Furniture",00303_l9swfr11aBl,1
panamacity,Patio chairs,00O0O_3PlmpeoBwwM,225
panamacity,Couch and love seat,00B0B_6VQmnwUdRLc,100
panamacity,stainless steel bakers rack,00l0l_aGoOiQbfcXm,75
panamacity,Full size Mattress and box spring,00A0A_gmEx16xqIJc,10
panamacity,Wood Queen Sleigh bed without mattress,00H0H_2qLy7pUcrgn,75
panamacity,***Cabinet Beds / Murphy beds,00u0u_iRdJN22LzAI,1800
panamacity,"Various desks, shelves and file cabinets.  Moving so must go ASAP!",00Q0Q_kjciHs8n3Vy,5
panamacity,Oak Table/4 chairs/2 leafs,00v0v_88Y8fqtZG07,240
panamacity,Computer Desk,01515_aEW0DSgUulw,70
panamacity,New Kids bed with slide,00909_ipdyfKldCmI,125
panamacity,"recliner, loveseat, sofa (Not matching)",00M0M_fCiY9HmSbH7,75
panamacity,Like New Queen Bedroom Set,00E0E_57PWonUTvpw,2250
panamacity,Standing Closet,00G0G_iTVoF5E2yaw,60
panamacity,2 End Tables - GREAT Condition,00F0F_ceeuNAYJwnd,80
panamacity,Gorgeous Taupe Couch,00U0U_h5eJ0Ylrlb2,200
panamacity,GORGEOUS Designer Chair & Rug,01414_bent82aV1kB,500
panamacity,Large Entertainment Armoire Solid Pine,01111_f7NVErZSTNn,225
panamacity,Gun cabinet,,150
panamacity,King size bed,00P0P_21gCJTndR,600
panamacity,Dining table and chairs.  Solid wood,00I0I_cYnEIDW2qHe,399
panamacity,China Cabinet Solid wood,00w0w_4gecn5jQyHi,199
panamacity,U-shape mahogany desk with hutch,00i0i_2YZggAP6R5W,945
panamacity,Queen size bedroom suit great shape,00m0m_fm3jMbXl7aD,560
panamacity,[[[Cabinets fine quality and huge discounts]]],00b0b_hyMfceFfufd,1206
panamacity,Unique Console Table and Matching Mirror,00L0L_cnftU8Y0VlQ,55
panamacity,MATTRESS/BOXSPRING/FRAMES,00C0C_8rvPNrtiIkB,100
panamacity,Lamps with shades,00e0e_kxospKzNQR2,12
panamacity,King Bed Dresser TV Stand,00F0F_aErTZHcqYg0,175
panamacity,China Cabinet Like New,00f0f_4QUanpqSlVO,550
panamacity,Chandelier-Shabby Chic,01111_3zJkJOZGb7E,
panamacity,Chalkboard coffee table,01414_lX45Z5Kx0ze,70
panamacity,Chalk board Coffee table,01414_lX45Z5Kx0ze,70
panamacity,Farmhouse table,00000_cQMKGKJD1iM,300
panamacity,Green Metal Picnic Tables,00d0d_laQmHz7E7dk,400
panamacity,11x12 Area Rug,00P0P_hWntWYAFAiV,500
panamacity,"Dresser and Mirror, Night Stand / Side Table, Coffee Table",00P0P_dIgph7CrFgX,
panamacity,Triple Bunk Beds,00S0S_4XxFGt1lpP0,350
panamacity,3 copper metal 36 in barstools,00e0e_eCAAO8HQv6V,100
panamacity,Sectional Couch and Loveseat,01515_emJzLT4l9au,300
panamacity,L-Shaped Sofa,01515_lxEHi9zJiAB,150
panamacity,Leather Reclining Couch,00q0q_8x3NLx24ti2,75
panamacity,single bed with storage,00J0J_9aWSEyZ8BXQ,100
panamacity,Old quilt rack,00X0X_9V0E1sJpu2a,25
panamacity,Old quilt rack,00X0X_9V0E1sJpu2a,25
panamacity,Dinette Set,,125
panamacity,Office desk,00Y0Y_18gXRjPDpsk,40
panamacity,Anique couch and matching chair,00B0B_43S2xpEJtJt,1
panamacity,Barrett Coffee Table,00x0x_h1chBzF9HxZ,300
panamacity,Vanity Stool,00a0a_7zoRjTt3TPT,30
panamacity,Heavy duty breakfast drop leaf table and two chairs,00a0a_6O2OVXokfA6,135
panamacity,Tall 4-drawer chest of drawers,00z0z_5Ez5E60KXTm,1
panamacity,6 drawer French provincial dresser with mirror,00r0r_7tnbCkl13We,1
panamacity,Lane Excursions West Indies Armoir,01616_1cOINpdu3oB,600
panamacity,Bar Stools (4),00w0w_3iNEH3lIuTk,90
panamacity,Wine rack table,00606_iwBSWZ7gen6,85
panamacity,Dinning Table,00k0k_kgrn1IAmouC,500
panamacity,Wicker and Stone Buffet,00Y0Y_h47wvdrYInA,75
panamacity,Twin Daybed with bookshelf headboard and storage,00q0q_9OINn9AC1pS,350
panamacity,Solid wooden dinner table,00L0L_a5phXxE6Gz7,150
panamacity,Hand carved elephant chair,00E0E_3vXHBCXvC8V,400
panamacity,China cabnit,,50
panamacity,Umbrella and Granite Stand,00C0C_dGez3nLmAk5,75
panamacity,Sleeper Sofa,00P0P_hwb7rto3gYZ,300
panamacity,King size bed & armoire,01212_2trib47z6GR,250
panamacity,"farm bench, picnic tables, farm tables, garden bench",01515_6gWKOohMvzr,125
panamacity,Decorator's Rattan Shelves (circular),00q0q_gLBlQCC8O8X,60
panamacity,China Hutch,,150
panamacity,Buffet table,01010_kFmPnOgO5PU,250
panamacity,Asking for help ISO full size top mattress,,
panamacity,Outdoor tables,00G0G_eX271z4StTL,125
panamacity,6 Piece Dining Set,00N0N_bjPZqj6QkKW,275
panamacity,Dresser/ Night Stand,01717_fYGO1W0sgin,22
panamacity,6 seat table,00y0y_7MuBbvwvIYK,300
panamacity,Bedroom set (4-piece) with sleep number bed,00C0C_4Qkl45BOsC6,450
panamacity,Outdoor teak chaise cushion and pillow,01212_god0qdVVlN0,50
panamacity,Mantel,00J0J_8yXQaSZKK0d,30
panamacity,Entertainment Center,00d0d_7h4fZvdILzx,80
panamacity,"3-SEATER COUCH, LOVESEAT, TWO ARMCHAIRS LIVING ROOM SUITE",00r0r_43GZSduS31p,300
panamacity,Tables,00v0v_9CFt3uGeyot,75
panamacity,Cookie Jar & Other Items,00101_dLqfc646N7B,5
panamacity,Purple accent chair,00l0l_gM1NmqKuu6W,70
panamacity,White baby bed,00202_91BaGcwgnel,65
panamacity,Vintage side table,00u0u_1VlQK9rxBgg,150
panamacity,Beautiful wooden table,01313_lYxJbzIGF1U,200
panamacity,Large Metal TV Cart with tires,01212_6RNk399Y9Jx,60
panamacity,8 Foot Slate Pool Table - Fixer'up,00P0P_1Wi4utcyhdY,250
panamacity,Queen Wooden Bed Frame,00l0l_gSCBMOrrCgI,75
panamacity,Lighting fixture,00808_kQ0hbsW7BJx,25
panamacity,King canopy bed frame,00808_bFRsqNrkRfv,300
panamacity,Bar Table with 4 Bar Stools,00C0C_bJnZRDGgUfp,300
panamacity,patio set,,60
panamacity,head board with queen frame,,40
panamacity,Ashley Brown Leather Oversized Recliner w/storage piece,,200
panamacity,Dog crate and table,00a0a_eSViwBfTtey,50
panamacity,Dining table and chairs,00O0O_2EqmCijcC0h,200
panamacity,Wooden chair,,20
panamacity,Beautiful Sofa & Reclining Chair,00X0X_a760PO0xVGX,250
panamacity,HUGH CARPET REMANT OVERALL 24 x 13 MAKE OFFER,00O0O_hY1PGYha1K2,
panamacity,Mirrored glass nightstand,00202_fMQtxxHaXGf,125
panamacity,Mirrored entertainment center,00w0w_5Q0RXEzMTsf,160
panamacity,To++p quality new Herman Miller Eames Lounge Chair,00B0B_7BkDSwPlzUc,1018
panamacity,"SIMMONS BEAUTYREST QUEEN SIZE MATTRESS BOX  SPRING,FOAM TOP",00N0N_8q2lXo5yCQz,235
panamacity,Ottoman,00F0F_gX51wpS9yE3,175
panamacity,Ashley leather chairs and ottoman,00B0B_8B4ct8rJhbM,
panamacity,Sleigh Bed Frame Full Sized,00H0H_kFG7gu1kryv,150
panamacity,Patio Wood Chaise Lounges,00e0e_h47vazFYUaI,65
panamacity,Wood desk,00x0x_5zI66MLQJT0,1
panamacity,Glider,00Y0Y_1tCi22SlBRe,35
panamacity,Easy chair,00u0u_h3mLvZSupYK,50
panamacity,Accent Chair/ Recliner,00h0h_h0k5A7jDyaj,100
panamacity,Bedroom Suite,,100
panamacity,Lamps/Matching Pair,00G0G_gvse4ZGbCnx,40
panamacity,Coffee/Occaitional Table,00D0D_kpDwVDUvyHa,75
panamacity,Triple Bunk Bed,01212_bDZ5DrZulTB,479
panamacity,Mirrored nightstand,00u0u_h7FZV8nQXH5,125
panamacity,Adorable totally refurbished 5 piece dining set,00v0v_lY9AgNlWywF,250
panamacity,Pop up bed frame/trundle,00909_dPcxabE2E11,
panamacity,wood coffee table lifts up 2 end tables and one foyer table,00505_gcWcZlKNJZA,350
panamacity,Entertainment Center,00i0i_8t3iwZTlOZo,100
panamacity,Chairs,01515_BW7LqU0cps,25
panamacity,Kids 3pc Racecar Bedroom Set,00202_61KvJvDrDR4,200
panamacity,Mirrored entertainment center,01717_7IYFP2dlKfO,160
panamacity,Queen size bed frame,00y0y_1bJBRHCLuIn,75
panamacity,Solid wood table w/4chairs,00101_i74zASdRFCZ,400
panamacity,Closet door,00c0c_fpB0hhZdG50,25
panamacity,Blackout Draperies Large Windows,00e0e_iPSxTFuYf1X,
panamacity,Dinning Set,00q0q_4ecJvnbgCRX,550
panamacity,WHITE KING WICKER BEDROOM SUITE,00P0P_dbSE3os6Ck8,350
panamacity,chocolate brown swede pull out couch,,250
panamacity,Bamboo shelves,,65
panamacity,Sleeper sofa and love seat,,350
panamacity,Recliner,,60
panamacity,2 twin size box springs,01313_ejtQ5xNditI,75
panamacity,2 barstools,01414_5WeUqaytJLD,20
panamacity,"NEW Mattress Sets, (mattress & box,  T-150, F-155, Q-160, K-300,",00000_8imPmG0fO0x,150
panamacity,"Dining Table, rattan 4 chairs",00L0L_6Gaorc9OWpd,85
panamacity,Glass coffee table,00S0S_kyj7lXorGBE,50
panamacity,Wall unit,00e0e_aeiGTZksDWr,125
panamacity,Upholstered chairs,00t0t_jh77EvxPH5c,40
panamacity,2 End Tables,00M0M_fAPSM5ViPXl,150
panamacity,3 Piece Living Room Recliner Set,00808_bS2TQJVxYU9,1300
panamacity,Bedroom set,00p0p_i4tpMFwaVoz,600
panamacity,Recliner,00r0r_5R8oeG01sKv,600
panamacity,Coffee Table/End Table/Mirror,00000_7B1ZoTb4Swo,75
panamacity,Dinning Chairs,00202_4vuOW6vyukb,50
panamacity,Dresser,00K0K_b9FjznwB3LN,25
panamacity,Queen size  sofa sleeper,01414_ln7r5U2AYKd,350
panamacity,Two Solid Pecan Tables,00T0T_5E7aNON17my,60
panamacity,"ISO Bamboo, Rattan, Teak, Tiki Stuff, 70's furniutre",00s0s_c4AoGX8um1d,123
panamacity,Dinning table,00Q0Q_9SkhpebVrq4,75
panamacity,TV stand,01313_c0AuPgie0ZQ,20
panamacity,Decor Mirror,00E0E_gUYadHQkZwT,25
panamacity,Refurbished Shabby Chic Vanity/Mirror/stool,00101_8aehEWGOdGX,300
panamacity,Click clack black futon,00B0B_2DkDGZAJB6t,10
panamacity,Large Painting of Woman,01212_bkKzoUW4YrV,35
panamacity,BRASS BED FRAME w/ ceramic knobs,00f0f_1G1su9KXClR,165
panamacity,FULL SIZE ROCKER/RECLINER,00Z0Z_kquWmmRPIkI,130
panamacity,Black Ashley Furniture,00C0C_6DB28rnr4JF,500
panamacity,"New King  13"" Pillow Top Mattress Set, (mattress & box)",00S0S_cFZpw08UmBV,525
panamacity,Dining Room Table and Chairs,00d0d_eLNkUuhOPFp,300
panamacity,Shelf,00E0E_liOq9pPrHA8,15
panamacity,Table and 2 chairs,00K0K_g73bRzczOp9,100
panamacity,Rooms To Go Table Set,00u0u_hfGpPgwgi4d,200
panamacity,Dressers Chests Lamps and Antique Chairs and More,00303_1VS2dEFYaaF,
panamacity,wood coffee table lifts up 2 end tables and one foyer table,00505_gcWcZlKNJZA,350
panamacity,Rocking Chair,00M0M_2dWoaG0IfyZ,15
panamacity,Antique mirror shelf,01313_lkpPXn4lv9E,40
panamacity,Shelf,01313_kkoViS3T6ub,20
panamacity,Office Desk,00202_jTmBRi5HoEs,25
panamacity,Couch/loveseat brown,00s0s_bePvatcnVKV,150
panamacity,Two piece sectional,00U0U_9ifejj4TCnD,500
panamacity,"Sofa, loveseat, oversized chair",00b0b_e6PYFNx84Mh,500
panamacity,Industrial farmhouse table,00000_cQMKGKJD1iM,300
panamacity,NEW White Sleigh Bed. In stock now for just $228,00w0w_iHcgFLnGC2a,228
panamacity,Vinyl Banquet Chairs,00v0v_bzsis7MwuLQ,150
panamacity,Lazy boy couch an chairs,00g0g_4LHWurDHHiY,100
panamacity,Bedroom Set,00m0m_lfxbXm8Ipvc,975
panamacity,FARMHOUSE TABLES,00r0r_eDlaiRqmeRa,425
panamacity,Curio cabinet,,30
panamacity,Living Room Suit Free delivery 75 Miles of Geneva Al.,01717_j6HAWhzl8tM,799
panamacity,Living Room Suit free Delivery 75 Miles from Geneva Al. 36340,01717_j6HAWhzl8tM,799
panamacity,Living Room Suit Free Delivery 75 Miles From Geneva AL.,00I0I_bf0BPOghLHX,799
panamacity,Living Room Suit Free delivery 75 Miles from Geneva AL.,01111_cSTELNbYQqP,749
panamacity,Halifax White China Cabinet Top,00K0K_1JNG1TJ6pot,200
panamacity,Tall table and two chairs,,50
panamacity,Oak table,00h0h_7ZdzM2cykCV,200
panamacity,Antique colonial bed,01515_5QRWgdGLGnP,200
panamacity,Decor Mirror,00o0o_5Mu4D0tklul,25
panamacity,Mirror,00R0R_auApdd7yG15,15
panamacity,2 seater loveseat  $40!,00808_jXr0tVahwXs,40
panamacity,"Solid wood tile-top dining set, 7 pc",00606_dlHrHfjAZ1h,150
panamacity,Thomas Kinkade inspired paintings,00y0y_1LuMYpLPVi4,
panamacity,Moving - its got to Go!,00909_crsH49Xidx,800
panamacity,ISO twin mattress and box spring,,
panamacity,**Queen Size Bed** IN STOCK,00404_95eIxdZCCou,215
panamacity,SALE  SALE  SALE  **NEW Dark Wood Dresser **,00R0R_cZneY9keRUF,225
panamacity,Chest of drawers,00101_56yrb6AhhE6,125
panamacity,5 piece wall unit,00d0d_eGRXRN0q6AK,300
panamacity,3 piece wall unit,00101_5e0tsZowlxY,200
panamacity,Full Size Tempurpedic Mattress and Box Spring for Sale,00101_bgQXGNa4Klj,125
panamacity,Storage room furniture sale,00L0L_e50wfMyQdb5,
panamacity,Night stand,00707_kmfqPsDK3JY,80
panamacity,Entertainment center/tv stand,,125
panamacity,Dining Table/Chairs and Bar Stools,00u0u_idJKLHl3zd3,400
panamacity,Desk with chalkboard top,00M0M_guFvReaifcx,70
panamacity,Futon $35 . Glass table $7 .shovel $5,00S0S_b4JM0Ib25QG,35
panamacity,Small nautical table w/2 stools,,45
panamacity,Wine rack,01616_ipWMWMpY8BG,20
panamacity,Twin Day Bed with Trundle plus Nice Matching Dresser,01111_1bO4zscKRZV,475
panamacity,***Double Leather Recliner loveseat***,00j0j_2MMJowJtUaw,200
panamacity,Table with bench seats,01111_8DATTCVCK1g,80
panamacity,Bookcase Headboard (Single/Twin),00H0H_7y4G4MT4p43,50
panamacity,beautiful RATTAN pagoda-style SHELVES,00q0q_gLBlQCC8O8X,60
panamacity,PLATFORM BED AND FULL PILLOW TOP MATRESS,,200
panamacity,Bassett Trestle Table,00e0e_2v6pfyGTFcy,1650
panamacity,China cabinet and bar,00707_jM0gnCIo67U,800
panamacity,Walnut headboard and foot board,00i0i_fzgncoI01lh,75
panamacity,Acrylic wine rack for sale,00X0X_ernxPmbudP1,70
panamacity,Large Dresser,00A0A_bmRKvm7ehdb,1500
panamacity,Couch,00y0y_hw9guCMC6xn,200
panamacity,Leather love seat,00909_4exdF9FIUrU,100
panamacity,Round oak table,00H0H_7hiju2VYA6q,100
panamacity,Cinderella Bed,00d0d_gIeRXrot9mT,250
panamacity,Martha Stewart outdoor chairs set of 4,00V0V_3s2E1kFaJ0t,275
panamacity,Kitchen table,00e0e_ivH0GF6vJlN,1000
panamacity,3 piece camp living room set,00101_loBydKoAy2H,1200
panamacity,Solid oak table and pine benches,00Q0Q_50h8sgiT8I7,250
panamacity,Beautiful KingSize Bedset with matching Nightstands,00H0H_9vE0eKhxJia,550
panamacity,Unit full of nice office desks,01616_jH9OOcVOdrs,200
panamacity,Couch and loveseat,00606_bC1ToAD52bX,75
panamacity,Thomasville Sofa & Loveseat,00101_4AkGr6ATBTL,250
panamacity,Beautiful furnishings,00h0h_6Wun2DkDG0I,
panamacity,Rattan Bar Stools- MOVING SALE,,125
panamacity,Plastic side table,00S0S_59kTelyfeMJ,5
panamacity,Old Ikea chest,00b0b_3NXNu3FJeV5,30
panamacity,Plastic utility shelf,00X0X_34EhFzluNqh,15
panamacity,Desk with chalkboard top,01111_cqZpt2xbZc5,70
panamacity,day bed,,200
panamacity,Coastal casual furniture,00g0g_8G8WPspJegL,
panamacity,assorted pictures and small chair,00e0e_9j4PsbvZh10,
panamacity,Wraught Iron Vintage circa 1950,00a0a_bSE4ghclJqo,480
panamacity,"TABLE   Beautiful Contemporary Glass Dining Table ""Make Offer""",00x0x_4YdHYuf7692,200
panamacity,moving sale everything mush go,00K0K_e3UOlHynyYg,1234567
panamacity,Dining table,00909_8COGxSvjdrr,75
panamacity,2 Black leather couches 70.00 OBO NEED GONE ASAP,00Z0Z_1JqfkG7BVBZ,70
panamacity,2 nightstands,00C0C_abrClPVGQd7,75
panamacity,Small desk,00o0o_4v3YeqGDJgJ,25
panamacity,Foldup chair,00K0K_laNPJMrMixB,15
panamacity,Project wooden framed mirror,00b0b_lvDKOoXlnet,20
panamacity,Wooden Dining Table,00n0n_e6DayuvUVcF,30
panamacity,Ethan Allen twin metal bed frame,00j0j_5XwKq1pqs7B,365
panamacity,Brown small wooden table,00q0q_kcgIYdWHQOO,15
panamacity,Chairs,00H0H_k6u0La1YhUL,350
panamacity,Very nice and heavy wine rack,01313_lOw1Dq9oNGa,200
panamacity,Coffee table,00B0B_4e2SGUBK1SF,30
panamacity,Tall dresser,00e0e_9krGxUSjkGT,50
panamacity,NEW White Sleigh Bed. In stock now for just $228,00S0S_bsYLDaH5tXh,228
panamacity,Chair,00q0q_ceDlsgpPsBS,150
panamacity,2 Black leather couches 70.00 OBO Need Gone ASAP,01414_uujE2l4f2y,70
panamacity,Bed Room Set,00101_5HfPpnbMPTO,200
panamacity,Ethan Allen dining table,00202_3mEKEQu8gJh,105
panamacity,Living room chairs,00404_1nyYRLQqaKO,200
panamacity,Tables,00W0W_3OKTcHkgGw2,250
panamacity,Book shelf cabinet,00R0R_anfb4zyQuu4,100
panamacity,Two arm chairs,00X0X_GhZ8eUN295,200
panamacity,Solid wood China cabinet,00R0R_ii8YZCB2wWL,175
panamacity,Entertainment center with tv stand,00i0i_d9b9cZnChBm,100
panamacity,Recliner,00x0x_92HhKcscG43,40
panamacity,"Couch,armoire, and coffee table",00E0E_92BZdnz3vee,100
panamacity,Queen bed box and frame,,200
panamacity,Teal/Aqua Infant Crib,00D0D_eYwZZdotrjQ,30
panamacity,Bedroom Set - 4 piece - Good Quality,00b0b_1v6m3TdMRr2,1000
panamacity,QUILTED BED SPREADS AND PILLOW SHAMS,01717_9rUrO04vqP2,3545
panamacity,QUILTED Queen size BED SPREAD,00W0W_7PS7OMf1Dm9,35
panamacity,Leather Loveseat,00F0F_2EYqZ1BOTNo,75
panamacity,2 Black leather couches 70.00 OBO NEED GONE ASAP,00V0V_7oWX6xd9J5U,70
panamacity,Antique,00202_8nvfZVxmQqJ,125
panamacity,Antique Tables,,200
panamacity,Moving Sale Everthing Must Go,,10
panamacity,"New TV Console,,  Discontinued,,  on SALE",00z0z_gh9oqHdmzmJ,174
panamacity,Nice living room chair,00c0c_6PopnnWJNbM,100
panamacity,Very Nice Real Wood Bedroom Suit,00d0d_ceTRhPElF8A,800
panamacity,Table,00i0i_kObNmWbskNP,30
panamacity,NEW Merlot colored queen size slatted bed.    In stock,00E0E_gzwP5cu4AHI,175
panamacity,Entertainment Center,00n0n_9vl5NDSxM6X,150
panamacity,Chipola Jr College teachers desk,00S0S_dXrlIBpR66z,200
panamacity,Beautiful Brown China cabinet,00f0f_gEfks93xTrW,100
panamacity,"60"" Round Glass top Lane Dining Table",00303_b3nMKtvJua3,150
panamacity,Wooden desk,00B0B_8qYMf9Nxbah,50
panamacity,Oak entertainment center ***REDUCED***,00000_bfXAN0DAN9s,75
panamacity,Computer desk ***REDUCED***,01010_iyq5muRYn9H,45
panamacity,***REDUCED***Brown office/computer desk,,35
panamacity,Oversized chair,00B0B_3tBNZWWJlo3,300
panamacity,Recliners for sale,00T0T_1smk9AzWNb2,100
panamacity,Brass French Bakers Rack,00B0B_iA5Em4Adgz3,250
panamacity,Demilune 3 Drawer Cabinet,,300
panamacity,Large Storage Shelving,00505_iPs0JXIXJd1,100
panamacity,Lighting Chandelier,,50
panamacity,Large Dinning Table W/5 Caine Back Chairs,00101_4zXJcoFbsBH,450
panamacity,"NEW Mattress Sets, T-150, F-155, Q-160, K-300,  Financing Available",00000_8imPmG0fO0x,150
panamacity,King Size Magnolia Farms Headboard,00Z0Z_3W0nFKp2Sz,300
panamacity,Lamps,00E0E_6fZkZp0DoOe,10
panamacity,Desk,00n0n_cDfkV8vrmpb,60
panamacity,Beautiful Pine Wood Entertainment Center,00Z0Z_eS2fFygbZvi,300
panamacity,Twin day bed,00H0H_10U23VZDIc5,200
panamacity,"NEW Mattress Sets, T-150, F-155, Q-160,K-300, ZERO down financing",00U0U_ekUNWzdS31E,150
panamacity,Dinette Set Glass Top,00v0v_kXchKAuXJKd,250
panamacity,End Table - Contemporary,00S0S_8Vh4jyYX2Vp,50
panamacity,Contemporary Mirror,00d0d_bF2w7BEgJTk,100
panamacity,2 Black leather couches 70.00 OBO NEED GONE ASAP,00N0N_46e7n8N5z0J,70
panamacity,"Sofa, tables, armoire, computer cabinet & more...",00T0T_7ESJ0hQkEZp,1
panamacity,Ornate Oak Sidepiece,00D0D_avxiIdaBSVN,265
panamacity,TempurPedic Queen Base Foundation,00G0G_uExuU0DsAT,80
panamacity,Coffee Table,00C0C_bdVpYPVo4RT,120
panamacity,Marble coffee table,00f0f_9UL1BIIZOEw,49
panamacity,Nice wood/glass round coffee table,00J0J_3XsSCaN6wHG,60
panamacity,Outdoor table,00n0n_3ZeiSYXnIab,20
panamacity,Entertainment center with fireplace,00s0s_iXdWHEhj7iK,500
panamacity,Pine 6 drawer dresser,00r0r_3PiDhlWNZUR,100
panamacity,Full size bed frame,00B0B_gB77LeQymnt,100
panamacity,Couch,01212_iRxRsCl6hsr,200
panamacity,two wingback chairs,00s0s_eey0N6nq791,50
panamacity,Glass top table with 4 chairs,00o0o_bsERtPbvl3t,60
panamacity,Adjustable Standing Desk,01717_kx3pYrGE7V6,200
panamacity,Dock bed.,00v0v_lhzN8vvHSeS,60
panamacity,Coffee Table W/2 End Tables,00c0c_7FssbT9Xpfp,75
panamacity,BRAND NEW ENTERTAINMENT CENTER,00Y0Y_4PoKBCpEsQR,99
panamacity,Very nice kitchen table for sale or trade,00B0B_gYy5Vp8R1b4,300
panamacity,Crib toddler bed changing table,00F0F_6Xoh1s5rG21,80
panamacity,32 gal Cora life biocube salt water,00p0p_7yhlH6MLl8X,600
panamacity,Tan recliner,00e0e_ehk995sMkCG,60
panamacity,Double hammock,00M0M_ggV1hSSigMK,250
panamacity,Dining room table and chairs,00J0J_13cyEbip6oZ,200
panamacity,Sofa bed/mattress still in plastic,00U0U_aZ6kMkCnD0x,50
panamacity,reclining cqr,00r0r_1LKTk2ltiiZ,200
panamacity,night stand,00C0C_a3Ya5CDbu0f,40
panamacity,Rare wood and marble coffee table,00X0X_i7goxHFs3IQ,240
panamacity,TV Stand/ Small Entertainment Center,00101_kzqwswaDvfX,55
panamacity,Headboard for Queen size bed,00909_k1S2sQXU7wi,65
panamacity,Grey sectional,00s0s_bt0kyONL3gM,175
panamacity,High Top Table,00808_7M5N4e2tOoF,100
panamacity,Coffee table & end table,01616_8l53a2gX5Ax,100
panamacity,Arm chairs,00X0X_GhZ8eUN295,200
panamacity,"Glass Round End Table, Bamboo, Wicker, Rattan",00P0P_kGxjv8wJXUt,35
panamacity,Wicker Chair,00G0G_gRkR3f1YcB3,10
panamacity,Wrought Iron Table Wine Bar / Sofa Table / Hall Table,00r0r_gdocnjEnMDd,150
panamacity,Glass entertainment center,00N0N_jYyeps75cIf,120
panamacity,Wooden dresser,00101_kQ8gO9bDSMz,150
panamacity,Office desk,00f0f_e8D9lp47ybg,50
panamacity,Flip flop chair and ottoman,00d0d_bIi1kKbW1V6,200
panamacity,2 Barrel Chairs,00606_5gkQqcOLik9,300
panamacity,bathroom vanity,00w0w_kN20StCgdp1,75
panamacity,Dining suite,00b0b_f5XZ86OIssY,950
panamacity,Swivel gliders,00R0R_cHqU5PqvqHO,650
panamacity,5 piece rattan set,00P0P_hxNT3P8tUJh,300
panamacity,FIVE DRAWER CHEST,00h0h_6S9jGaA16b,35
panamacity,"Couch,LoveSeat,Table",00w0w_85TvJaMoMDo,175
panamacity,Custom Rustic Heavy Duty Coffee + End Tables,01515_lc6EhQemrpS,200
panamacity,Storage Sell,00q0q_9Xj16axGkY1,
panamacity,Excellent Condition Shelves,00O0O_bW0Sq4qWjZX,75
panamacity,"NEW Queen Mattress set, (mattress & Box), only $200",00b0b_f4PqFK3jRlm,200
panamacity,King size Sleep Number bed,,750
panamacity,2 dinette sets (oak) & (maple) $200.00 Ea (firm),,200
panamacity,SmartBase Mattress Foundation / Platform Bed Frame / Box Spring Replac,00o0o_gR18cEzXqoz,70
panamacity,Songe Mirror,00303_cSY8FoQOWeR,90
panamacity,Apollo Bust,00000_3LtsnvDE3XR,50
panamacity,iron bench,00H0H_6cpcgeUKTY0,150
panamacity,3 Glass Decorative Tables With Beveled Glass,00U0U_eRAExLQcfiB,90
panamacity,Bedroom Set,01515_7bHC04NZCII,895
panamacity,Coastal casual furniture,00o0o_fzXK1BlAuAB,
panamacity,Outdoor glass top table,00e0e_izmPQ4QO7J,25
panamacity,Queen Size Headboard,01313_3kVPjy8zsZ3,70
panamacity,Antique buffet fully refinished,00q0q_6mUPFBaQf7L,1500
panamacity,"Beechwood Corner Cabinets, Lighted with Mirrors & Glass",01616_2YZZUl1fuls,150
panamacity,Dresser,00m0m_kjhP0ljbjbH,150
panamacity,Dresser with Mirror,00000_bzlBrBK7qgs,50
panamacity,Entire Kitchen with JennAire gas cooktop and double oven--CORIAN,00T0T_3I4enaxY4fY,4500
panamacity,6.5Ft Solid Mahogany Canopy Home Pub Bar w/ Mirrors & Brass Rails,01717_7XDAVulbfCl,4800
panamacity,Single bed,00V0V_1DznkekSliQ,175
panamacity,Used Dresser 175 OBO,00d0d_jJloF9cYatx,175
panamacity,Dresser $50,00V0V_32nyOrsAMZS,50
panamacity,rocking chair,00F0F_8dKlrRKs3Go,75
panamacity,glass top/ iron based sofa table,00w0w_gs4G2VM3WEf,150
panamacity,Decorative Armoire,00F0F_2Ix6rXMQxr6,150
panamacity,Store display cabinet with light,00U0U_apiGDZy3ohz,100
panamacity,Vinyl LP holder,01414_k9fSA3wRxqH,55
panamacity,wood futon,,100
panamacity,Dark brown love seat,00o0o_9ir8M2AGZOX,100
panamacity,Pink padded lips head board,01313_bHOmHvfaskJ,70
panamacity,Biltmore Queen Comforter Set,00p0p_3fr3OxvYmws,100
