peoria,TV stand,00g0g_4i1r4WLzvob,300
peoria,Oriental Mirror with Woman 25 x 36,00V0V_lwvI63JWcIy,350
peoria,Oriental Mirror Gold Bronze Inlay 36 x 46,00X0X_8vaT4bxyxEj,500
peoria,Nice Flexsteel Green Fabric Pillow Back Couch w Wood Trim,00T0T_hV0Xil9dA4I,100
peoria,"Very Nice Richardson Brothers Oak End, Accent Table w Dovetail Drawer",00E0E_alBWBexFqq9,50
peoria,Large Farm House Table,00v0v_gMnMEtZe0R9,250
peoria,Solid wood CHAIR SETS,00Y0Y_8YPsxqbWa4I,100
peoria,TV Entertainment Center,00i0i_chHXiHjtawp,50
peoria,Oak table and chairs,00O0O_2HpUN5mJpHb,100
peoria,Buffet,00d0d_h8Z3AhSVOtZ,250
peoria,Small Foyer Table,00F0F_fgmN3LKX7ei,45
peoria,L-Shaped Desk,00Y0Y_h3NCd8c9zYd,175
peoria,Sectional Couch,00G0G_gDAmqSRl0Sx,200
peoria,Floor Lamps,00S0S_cOqkDpOfN1p,50
peoria,Hand Crafted Wood Sculpture Floor Light,00U0U_bwJt6B0Sn7L,450
peoria,Mid Century Modern Desk Chairs,00000_gAVzyAXxeJ,25
peoria,Hand Painted Chest of Drawers Tiger,00y0y_lDlZj5WYQkn,70
peoria,Wood Table & Chairs,00n0n_jyG2iz8n3c9,75
peoria,Small Foyer Table Wicker/Rattan,00r0r_f1NbP60apBM,55
peoria,Kids Play Tables,00D0D_c5CcYEbYYDO,20
peoria,Wrought Iron Deck Chairs Folding,00d0d_isKDz4KHI6X,65
peoria,Vintage Coffee Table Hand Crafted Tile Table,00k0k_depvcMeAXy8,95
peoria,Wood Armoire / Wardrobe,00n0n_lcm9rVtWTJw,250
peoria,Vintage Secretary Desk Drexel,00D0D_9bjlV2alSjB,375
peoria,Antique Crib,00t0t_7IKDNNkeN6O,39
peoria,Oak End Tables - Pair,00606_e5UIVwXWoIk,120
peoria,vintage drop leaf table with chairs,00X0X_LjK3jdNcsA,350
peoria,"48"" Cedar Chest",00m0m_aXHInDgMSg9,100
peoria,Leather loveseat good condition,00Y0Y_lJEhPfDR5px,125
peoria,Armoir - Cherry- Gorgeous,00I0I_rNu9xhxYPK,349
peoria,Bar chairs,00f0f_lPNJUS7G1DP,120
peoria,Coal creek mansion bedroom set no mattress,00l0l_1Wgc0yJ658w,225
peoria,55 gallon aquarium with metal stand,00w0w_espy1Q8JPS2,
peoria,Vintage Table with 3 chairs,00M0M_3Q1WPHBl8W,50
peoria,desk oak 43in tall 33  i9in wide  17 in deep exc cond,00B0B_bxDyNuMxRuf,100
peoria,oak rocker old all orignal,00Q0Q_fqXYnmYLAJQ,50
peoria,Ironing board,01414_QvQh32iZKW,20
peoria,Vintage Herman Miller U of I Shell Chairs,00606_iCqRkWGZ6jC,200
peoria,Awesome Pair Mid Century Modern FAIP Lamps,00h0h_b3B6AvyfRfF,100
peoria,Adjustable Bed Frame - Twin to Full,00606_fBxTrND4sDx,20
peoria,Candle holders- a pair (2),,80
peoria,Repurposed sewing table REDUCED,00w0w_fEHA1kHfbvj,25
peoria,Mid Century Lane Perception Side Table,00X0X_fXnQEd6okQX,100
peoria,Primitive Wood Crate Side Table,00Z0Z_hysNXAqFL51,40
peoria,Rectangle Coffee Table,00f0f_21qk9Iwtgnh,30
peoria,Antique Rocking Chair,00Z0Z_eZP9NjjVCkT,40
peoria,Thomasville Coffee Table- Reduced!,00b0b_lAwdErNMYsy,50
peoria,Coffee table,00000_263ALrgrMK9,30
peoria,Vintage Watertown Slide Dining Table and Chairs- Reduced!,00d0d_guJM1nCvEYE,300
peoria,Kroehler Buffet project piece!,00505_923AVHzzUsf,80
peoria,Mid Century Step End Table REDUCED!,00909_kPJKCfTNoFh,10
peoria,Sofa Table,00303_3UiSEtiOuMQ,100
peoria,Large Computer desk,00i0i_3CjEaw9WHaJ,150
peoria,Oak wood frame bench - heavy - $10.00,00g0g_8g7q0lsGUTO,10
peoria,Pair of Wood and Upholstered Benches,00I0I_lCYfzRj3K3f,25
peoria,Pair of Gold Patterned Wing Back Chairs $45.00 each or $75 pair,00101_pzSGbym8MZ,75
peoria,Jewelry box,00T0T_9BGRe3zS0MG,20
peoria,DINING SET,00Y0Y_28GIPjGJ6sh,550
peoria,Jewelry armoire,00z0z_9NGUWjkCsz3,50
peoria,Livingroom Group Loveseat and 1 Table,00J0J_5vpoZbOFaQp,35
peoria,King Size Box Springs,00606_iMqFbqevDo5,30
peoria,Glass entertainment center,00l0l_ktlJEfijXZi,50
peoria,"29"" Wood bar stools",00D0D_8sDDRM24yoY,25
peoria,Oak Bookshelf,00O0O_1in52xzwcrX,100
peoria,Bar stools,00M0M_9gw9rpLDIty,40
peoria,37x60 Wood Drafting Table,00l0l_8IjY2ZmbkJV,250
peoria,Moveing sale everything must go,00V0V_9atYMTKZQJC,150
peoria,Bar stools,00A0A_k83vGRWBZXo,60
peoria,Couch,00b0b_fcCoYMjQj7E,50
peoria,Hutch,00h0h_4596FhWUC6v,50
peoria,"recliner chair,  Small medicine cabinet, blind",01212_6xdx4AfEfMJ,
peoria,King size tempur contour supreme,00101_bWUvE83v6lG,650
peoria,**Flower picture**,00u0u_184y2HXu4TE,8
peoria,**Adjustable computer stand**,01212_et3VwKF4uEK,12
peoria,**Wood chair with cushion**,00I0I_8fK8uimR7Ua,15
peoria,Ethan Allen Buffet and Hutch - REDUCED,00z0z_2UYyNLau0pB,225
peoria,**Matching flower pictures**,00101_6t5p4bTDv8y,10
peoria,**Wooden Shelf**,00b0b_aWPEwQTRXyq,12
peoria,oak corner hutch,00q0q_43P1NUas20j,200
peoria,Ikea Dresser - 6 Drawer Chest Birch,00101_kn1HOnBwIu7,30
peoria,Oak Wall Unit/Entertainment Center,00T0T_gDbVjaXoFmt,350
peoria,Banquet chairs,00O0O_llSjf4sXGxW,20
peoria,Big FRENCH PROVINCIAL Chest of Drawers,00606_3ioYG6r8zuv,180
peoria,TV Stand,00A0A_jB54EEs41yI,50
peoria,Electric Fireplace,00M0M_jSeBNwpud7N,100
peoria,Wood Hutch,00P0P_8mI45ZRe3J9,65
peoria,Beautiful Marble Top Vintage Coffee Table,01313_6CPS2uSwePO,50
peoria,Vintage Accent Table,,30
peoria,storage bins and rack-great for kids room - $10,01717_c57qVI0vlGN,10
peoria,Vintage record player/radio cabinet,00M0M_4Spyp18q6X4,50
peoria,Thomasville Dining Room Table and Canted Hutch,00s0s_5bYfIkLEVmf,2000
peoria,Rocking Horse,00r0r_S16YBMPaHD,15
peoria,Dressmaster sewing machine,00j0j_VV2Nez5JsK,75
peoria,Two leather storage footstools,00Z0Z_26abNBK0Ja9,25
peoria,Antique Walnut Bed,00p0p_7QXzT5PB8M2,50
peoria,Ducks Unlimited Whiskey Decanters,00p0p_ahV80UC2zci,10
peoria,Memory Foam Mattress - memory foam-King size,00q0q_hG74BBDDXAH,200
peoria,OAK  ENTERTAINMENT  CENTER,00e0e_i3ygOXjqYu4,250
peoria,***Round Plastic Tables***,01010_8kHGj39WHuL,10
peoria,***Round Plastic Tables***,01010_8kHGj39WHuL,10
peoria,Massage Chair,,480
peoria,Vintage potting bench / Kitchen Island,00101_1MvQSTYemx8,85
peoria,Sofa Table,00202_6uPNgHqZtHN,95
peoria,Massage Chair,,480
peoria,"Beautiful Solid Wood Vintage Sewing Machine Table Unique! 29"" X 20"" X",00Z0Z_g1WvBZDzJxh,40
peoria,"Black Primitive Painted Side Table 19"" X 21"" X 20"" Tall",01111_l7wjkKLU4O5,15
peoria,Armoire TV cabinet TV stand,00y0y_iFWdc530BkB,185
peoria,White wicker twin beds and matching trunk,00x0x_7XucaEnYXDQ,150
peoria,End Table - $15 OBO,00M0M_8Zx3LmSEsJ1,
peoria,Coffee Table - $25 OBO,00K0K_bgt3Jlj4M4M,
peoria,Three Oak Cabinets - $50 each OBO,00C0C_eLZnrLyMbJv,
peoria,Display Case - $30 OBO,00n0n_59QV5yMBysF,
peoria,Vintage Wood Desk,00v0v_bfQI6DT6wPB,175
peoria,New large sofa with chair and ottoman,00l0l_5G4sRCP01nF,1000
peoria,Used full size mattress & box spring,00U0U_fXQziCAS020,40
peoria,Used single bed pillow top mattress & box spring,00u0u_7CKUlN1r0Qk,35
peoria,Used single bed mattress & box spring,01515_BE361MjrAa,30
peoria,2 matching twin headboards,00g0g_5COawPLkb62,50
peoria,TV Stand,01010_1Cr9o83HBOK,30
peoria,Old stand/dresser with mirror,00J0J_6I6nylkJ4Wc,125
peoria,Vintage Wood Sitting Chair,00f0f_PlUKGfLUoZ,25
peoria,Hand Crafted Wood Sculpture Floor Light,00U0U_bwJt6B0Sn7L,450
peoria,Sectional couch,00B0B_7fmCCQyLdmt,750
peoria,Office chair Nice nearly new,00N0N_li8OQrg7wpj,125
peoria,Wrought Iron Head Board,00g0g_l9Tvu6VIakX,235
peoria,Mid Century Modern Kroehler Desk,00q0q_jTYGTrG7jR9,115
peoria,Industrial Drawers And Architect's Lamp,00k0k_4jmS66qX612,65
peoria,Mid Century Modern Folding Table,00Y0Y_fqb37Kvcd0I,35
peoria,Mid Century Modern Chrome Cantilever Chairs,00b0b_fTOL8mXE51a,295
peoria,HON 4 Drawer Steel Vertical Filing Cabinet,00v0v_lcbQHW6luRD,50
peoria,Six Piece Maple Children's Bedroom Set,00Y0Y_45jdp1tKl4R,200
peoria,Table and chairs from Pier I,00n0n_awOb0aUP5ZP,375
peoria,Couch,00n0n_dyWoqVtoabB,200
peoria,5 Piece Oak Office Furniture,00U0U_asCNdDmfCPz,500
peoria,Free Floating Shelves,00q0q_dgebE7VZ9Cd,10
peoria,Bedroom Set,01717_dkhvRY2uKVa,50
peoria,End Table,00b0b_9fRotW4TVRi,5
peoria,Matching set of mid-century side chairs,00b0b_7cy2InGFMEZ,80
peoria,Queen Box Spring and Mattress - Excellent Condition - $100,00j0j_8A3h2OUvEqJ,100
peoria,Cal-King Bed Frame - Good Condition - $200,01616_b65x5OsOSTc,200
peoria,"Petite Antique Tiger Oak, Serpentine Front Entertainment Unit",00f0f_bErxvDQHV3m,180
peoria,Piano bench,00E0E_dkbO4eWA9BR,20
peoria,old chair,00Z0Z_94cC1sz4dHl,15
peoria,Jewerly box,00O0O_6h5rvlKlJeB,35
peoria,Six Drawer Dresser,00x0x_gJAsgKSr9uH,25
peoria,Foldup Rocker,01111_2wyB8mLX1sT,15
peoria,Nice Curio Lighted Cabinet,01010_glqTiUGf7h5,125
peoria,Large Oak Beveled Mirror,01313_96RDH3dBAUs,35
peoria,ANTIQUE Mission Style Tiger Oak Dresser and Mirror,00909_98KRx4A5ac6,250
peoria,Black Chalk Painted Chest of Drawers--Looks Like a Treasure Chest,00M0M_lMVcPP0HhxB,140
peoria,RESTORED Petite Wine Bar/ Mini Buffet,00Q0Q_bBb8M9kQg9F,125
peoria,Petite Vintage Baby Changing Table,00n0n_43Bd6zDOkFw,125
peoria,Beer Barrel Bar Table For Sale,00q0q_6Mgw7khOUNq,250
peoria,SHABBY CHIC Cracked Paint White 4 Drawer Dresser,00L0L_2isDP9aDU3O,150
peoria,Loveseat,00k0k_dz7gZV5kBXx,150
peoria,Steelcase desk chairs,,70
peoria,Metal and MDF desk,,65
peoria,Vintage leather reclining message chair,00m0m_cgBggseRXnj,75
peoria,Waterfall dreseer,00r0r_h0K3azvcfWk,75
peoria,book case/shelf,00000_cPMXeW47w7A,12
peoria,1950's bedroom set,00K0K_7ttwyJsk3K6,250
peoria,Bunk beds with built in desk and dresser,00l0l_ksYY7bBLi7X,350
peoria,Black Glass Coffee Table,00j0j_9ao90ZX0LNx,25
peoria,Curio,00000_6vbu9FkEQ4a,100
peoria,Mattress,00606_e9MCvedmmL7,75
peoria,Queen size bed frame will adjust to Full,00L0L_7GL1PL7Xo1I,
peoria,rocking chair,00V0V_afngDJ3J4Eh,40
peoria,TV stand,00505_6Lnt4EmgKY7,30
peoria,Stereo cabinet,00r0r_120W82DolQE,60
peoria,Queen size bed,00P0P_448exXpMZrD,175
peoria,Round table & chairs/w/ 2 leaves,00000_lLgdSYFXyJA,50
peoria,desk,00D0D_knV78rXBtTR,40
peoria,Gently Used MATTRESSES and Box springs. All sizes available. $50+.,,50
peoria,"Good Condition Mattress; I have Twin, Full, Queen and King",,50
peoria,Hutch,00k0k_9ueXbbQMeQh,45
peoria,GLASS LIVING ROOM TABLE,00L0L_eS1UODIFWRh,50
peoria,Wooden frame folding table,00l0l_4PpflN3U0MJ,4
peoria,Black Plastic File Cabinet,00Y0Y_5JRruXBrgH5,10
peoria,Mirror For Dresser,00B0B_ft95crIKoRn,30
peoria,"Nice Round Side Table With Drawer Sturdy With Some Wear 25.5"" Dia X 25",00r0r_kmjKr0BlMwX,22
peoria,"Vintage Rattan Footstool 16"" Square PU Marquette Heights please",00i0i_4WQ1Wagu32P,15
peoria,"Television / microwave stand 29""w x 19.5""d x 29"" Tall PU Marquette Hts",00m0m_8sRDvoLJ7I3,25
peoria,Light beige footstool,00F0F_43frrt1Pv3t,20
peoria,A hard to find 3 piece wicker desk/dressing table,00L0L_dX3f2erNkfb,125
peoria,Tomlinson Pavane couch,00l0l_bRgOktxYYBG,150
peoria,Antique Victorian Couch,00c0c_6gJ88esgiZo,430
peoria,Unique Mid Century Modern Two Tier Table,00u0u_hZrDKCESX9Q,35
peoria,Vintage Wrought Iron Stool Vanity Chair,00W0W_3LzskvROcuL,40
peoria,Oak table with 6 chairs,00505_656WCtJFNg8,275
peoria,Retro Metal 2 Tiered Shelf,00j0j_5jWEQwvWVAu,12
peoria,King sized bed frame,00101_8OgaFwROg9,100
peoria,Wicker Chair,00b0b_ciQEHkF3rsk,60
peoria,Bunk beds Galore custom built,00U0U_83pBOer8kQt,
peoria,"Solid Oak Slat Baker's Tables (30""Wx30""Tx72""L)",00202_4XjjEmSMZqI,75
peoria,Full Size Loft Bed with Desk and bookcase,00T0T_cs4IyuHXPqv,
peoria,Custom full size loft bed,00T0T_cs4IyuHXPqv,
peoria,Single Slide out with Captains Bed,00j0j_6oGBVWmXM4F,750
peoria,Dining Table and Chairs,00505_h9T3HgqF0Tw,450
peoria,Drexel chest of drawers with mirror,01313_k67EFlcCEH3,150
peoria,Pet bed,00w0w_kx3P34AiPLk,25
peoria,"Couch, loveseat, 2 chairs, coffee table, end table, ottoman",00505_k486GAnIDnl,500
peoria,Farm Table,00N0N_17PJEF1X4w8,200
peoria,Butler coffee table,,90
peoria,Secretary,00X0X_5sBNUdr09zS,90
peoria,"Large Living Room Cabinet for TV, Stereo, or Lots of Stuff",00h0h_6Khc8XQwMrK,20
peoria,Table with 6 chairs,00p0p_jzlecSRmk5S,250
peoria,moving sale,00r0r_3mdqwhT4Se6,100
peoria,Chest of Drawers,00n0n_1alhcpofjIG,45
peoria,New Sectional Sleeper Sofa (GALIO MINI),00404_63OZnoTjVRh,1699
peoria,Solid wood office desk,00O0O_kW1zNV5xvv1,400
peoria,Vintage Table with 4 Chairs,00N0N_4bKpgXZAZ5O,65
peoria,Room Divider,00f0f_8iJvSf2tDn3,250
peoria,Coffee Table,00L0L_fkJkmHB6Wiq,20
peoria,End Table,00i0i_hPvZyQvrrpC,20
peoria,2 door cabinet,00L0L_apNQgUOqFxj,20
peoria,Table with 4 chairs,00S0S_inCT5fRDkmo,175
peoria,10 Piece Office Furniture,00303_eN0X3rsbSJQ,595
peoria,8 Office Chairs,00C0C_1KNAs40ySVA,245
peoria,New Sectional Sleeper Sofa ( FERARRA),00505_cx7V04k41EZ,1699
peoria,LATERAL FILE -,00707_e2VRg6QBQvM,250
peoria,New Sectional Sleeper Sofa (Como),00l0l_c39Wx86RHIt,1799
peoria,New Sectional Sleeper Sofa (DANTE),00F0F_gWZmTnepgiu,1299
peoria,Beautiful Round Table,00J0J_505kZ71w6Cp,60
peoria,"NIB - Serta 12"" Memory Foam Mattress (King)",01111_fiUSorvkF1s,400
peoria,New Sectional Sleeper Sofa (PAOLA LUX),00p0p_2L8xmqu8f4K,1899
peoria,New Sectional Sleeper Sofa (Como),00l0l_c39Wx86RHIt,1799
peoria,Old wood toy box,00I0I_eF3As2iap20,10
peoria,Antique wrought iron bistro set,,
peoria,Jewerly Armoire,00i0i_3oi5UXtqBr0,125
peoria,China cabinets & a Sofa Table REDUCED,00I0I_d2Yh40LDHWb,40
peoria,computer desk,00L0L_hEpjoaeyJa,50
peoria,Twin Size Bunk Beds,00F0F_7TwccHbVeSD,150
peoria,Vintage Medical Cabinet from DMH,00H0H_6r5cJUOQ3J,85
peoria,Artisan hanging light/chandler,00s0s_33nlscyCaIB,20
peoria,Vintage COSCO Step-Chair,00v0v_1vRKriB2fsj,40
peoria,Vintage Swag Lamp,01010_pcQpwzxK80,25
peoria,Decorative Mirror,00x0x_4slWGbQWqT4,40
peoria,VINTAGE ORNATE ROCKING CHAIR,00707_5i1Eoq57d9F,150
peoria,7 wicker chairs,00y0y_4t2bEOUk7WX,75
peoria,Glass coffee table,00J0J_czeIoGEUJH4,40
peoria,COOL KIDNEY SHAPED DESK,,50
peoria,ANTIQUE VINTAGE CHILDREN'S DESK,,50
peoria,CHAISE LOUNGE CHAIR & AUTOMAN,,50
peoria,Farm style table and chairs,00N0N_3OkwpTGfj48,50
peoria,Fire truck toddler bed,00t0t_gIxkFc01uvc,40
peoria,Card Catalog,00e0e_i203160nsVl,325
peoria,2 Side by side display cases,00Y0Y_3vWlwCPCFT5,1000
peoria,Sofa table,00i0i_lhNm5dT2Tdf,300
peoria,Wagon seat bench,00T0T_8ltcQOHbSTX,250
peoria,Flexsteel 7 Piece Sectional,,1200
peoria,White metal cabinet and countertop,00I0I_l6yrDAW9Nc7,160
peoria,Anderson Hickey Co. commercial grade office desks,01515_9FPPdKZD3XC,40
peoria,Fenton Daybed with Linkspring PLUS quality twin mattress,00B0B_dWq5IydYBeL,400
peoria,6 Shelf Book Case,00B0B_h7SsBxiXkfV,125
peoria,FS: SOLID WOOD Soccer Goal Bed & Twin mattress,00f0f_8UA3kLcZ4yt,210
peoria,Wooden lateral file cabinet,00q0q_hggkJGhqjBA,500
peoria,Roll Top Desk,00f0f_7DO7Rnijdpp,400
peoria,Chromcraft Oak Kitchen Table,00U0U_ie6iyUmpZqJ,120
peoria,SMALL BLACK TV STAND,00606_7Se2SBDvCFs,10
peoria,End Table!,00606_kgxeklxGAat,40
peoria,Victorian Chair,00z0z_l5JZEz4m9Cu,80
peoria,Victorian Glider Rocking Chair,00l0l_4HSdWBsgS3C,100
peoria,Victorian Setee,00d0d_1n3rfaeDASq,80
peoria,Storage Container with 6 wide Drawers,,10
peoria,Sauder Milano Convertible Sofa,00x0x_lPHsDusNben,100
peoria,"working ""old country  store"" reproduction phone",00z0z_ieBQVl9k7zb,90
peoria,Office Furniture-Office Cubicles/Workstations,00j0j_9TK6MPz6KFv,
peoria,Office Furniture Cubicles/Workstations,00808_8fvBl4PWlMw,
peoria,Office Furniture Cubicles/Workstations,01717_ibN6fyd013r,
peoria,White bookcase headboard,,50
peoria,Stained Glass,00f0f_gLkTw6zgqj2,22
peoria,Ethan Allen Pine Loveseat,00e0e_j2wSmRyjBSg,165
peoria,Black Lacquer Curio Cabinet,00a0a_kbK3Xlpy99W,155
peoria,Stained Glass,01212_lWHY5xEJnSJ,70
peoria,Aquarium Saltwater/Reef tank setup,00Y0Y_fWX0kLH8xoz,1750
peoria,Oak Pub Chairs,00q0q_hIc6pf15GBP,50
peoria,101 Ranch Oak Dining Room Table and Chairs,00b0b_7I2BLlem6oj,250
peoria,"52"" Ceiling Fan New!",00U0U_7pqtGWguCAj,100
peoria,KITCHEN TABLE,00y0y_1lSZOyxxIci,50
peoria,King Size Bedroom Set,00l0l_nXhxrB3G8t,375
peoria,Twin/Single Mattress/Box Spring/metal thing,,
peoria,Coffee Table,00H0H_jhhBAKfFcCv,80
peoria,Wardrobe,00M0M_1QMY9uHqiMW,100
peoria,Dresser w/mirror,00A0A_cqc71EkzcI8,25
peoria,Micro fiber couch and chase,00s0s_3xL0pizaedd,200
peoria,**Reduced to sell! MUST GO! Like New Queen Futon Set,00C0C_e74g7CeYBkC,125
peoria,"50"" Electric LED wall mount fireplace",00q0q_22NcDlkAZ9w,120
peoria,Home office furniture,00i0i_1PsPRrq19KC,475
peoria,Wine / Whiskey Barrels (Decorative),00H0H_8idZWVP0nOz,185
peoria,"Recliner; Brown Leather, FlexSteel, Oversized",00N0N_fYxrNqpES5E,350
peoria,Oak Table,00303_e9SmbgCZ9HY,150
peoria,Loft Bed,00X0X_i6LMvUSAvdU,100
peoria,Glass computer desk. 30$ obo,00k0k_bL4ZN6l0Ju3,30
peoria,End table w/ magazine slot 20$ obo,00b0b_6KbEPXiO828,20
peoria,2 wood end tables w/glass top. 50$ for pair or 30 ea. Obo.,00P0P_e1gow2kmi08,50
peoria,Table,00404_4VcW3Fo3QcL,40
peoria,stool,00m0m_aQOInrSI9dE,5
peoria,Drop Down Duncan Phyfe Table Oak,00f0f_lxMzPVMRsb1,100
peoria,Mid Century Modern Desk Chairs,00000_gAVzyAXxeJ,25
peoria,Vintage Chrome Kitchen Dinette Table,00202_ktjgXa2DJTV,35
peoria,Henredon Town & Country End Table Hollywood Regency,00D0D_gssHrXiQsqF,85
peoria,Solid Wood Chest of Drawers/Armoire / Wardrobe,00n0n_lcm9rVtWTJw,250
peoria,C.R. Laine Wing back Chair in Green Fern Pattern,00M0M_c29GmL699k3,50
peoria,Two Identical Flexsteel sofas / couches in excellent condition,00000_gUhIvWS4UWO,150
peoria,Lounge chair for sale,,20
peoria,Vintage Kitchen Table Mid Century Formica Top w Leaf and Chairs,00p0p_8BEonlkUS0m,150
peoria,STEP 2 TWIN PRINCESS BED,00H0H_7gaLUZkni2h,175
peoria,Dining Room Table with 6 chairs,00C0C_jS1OmUVFLSh,675
peoria,Square baby grand piano,00m0m_9S5EjtyBdYA,1500
peoria,Old rocking baby crib and more,00Q0Q_b0IZ3l0QVTn,75
peoria,Sturdy wire shelf IKEA type,00z0z_hhGq7iVDdzk,25
peoria,Queen size headboard,00r0r_94xh2WJskHf,80
peoria,Glass tv stand,00n0n_c7jiltCzjAM,70
peoria,2 end tables,00q0q_9RAMB2KPUN1,30
peoria,Cherry Armoire,00v0v_54hUcfTtNkX,100
peoria,Light Blue End Table,00W0W_9yz50weSJI6,40
peoria,Candle holders,00l0l_1RkNWftSD4I,30
peoria,Turquoise Lamp,01010_a288Da5LrSd,25
peoria,Coffee Table,00n0n_1X5ozzPBSEJ,100
peoria,Headboard-Twin,00p0p_dTmr41xMcIw,30
peoria,Bull Horns,00s0s_8OkcWLyrVfZ,150
peoria,End tables,00I0I_iNlWJqbH4ok,80
peoria,Pottery Barn Kids Navy Blue Bookcase,00b0b_dVRv9GqlGqn,25
peoria,China cabinet / Hutch $ reduced,00K0K_7mNaxWo4ouL,150
peoria,Wicker double chair,00J0J_9680n1agYUd,80
peoria,Day bed,00C0C_2E72Mmie8FT,80
peoria,Pottery Barn Kids Navy Blue Star Table,00v0v_jMAM42TRsMp,25
peoria,Crate & Barrel Light Blue Chairs,00n0n_877cybPbDRF,500
peoria,Thomasville Oak Buffet,00V0V_gEKjfyKxueU,200
peoria,Tredmill as is,00T0T_bKACthbX0av,50
peoria,"Pub style table and ""high"" chairs",00S0S_gjuZwSg3lkJ,99
peoria,Dresser **** nadeau****,00D0D_6xJOs830YmI,225
peoria,Mattress-- tempur pedic cooling mattress,01616_6wcGcIRgnDx,570
peoria,Lighted Pulaski Curio Cabinet,00i0i_aEbKQPbOR8Q,350
peoria,Computer desk,01616_aRdqTwS2POA,30
peoria,5X7 area rug,00g0g_kxpQgwm2BRJ,20
peoria,kids oak bunk bed,,175
peoria,Outdoor bench from Pier 1,00S0S_kxSIVXXfpHX,10
peoria,Cedar chest,00P0P_5DUnREyvTvc,50
peoria,Lexington Chair,00n0n_WDBKaGfTMn,75
peoria,Heavy mirror,00W0W_bgP88VuzEAq,10
peoria,Piano Bench,00V0V_26lmVq4rKgQ,5
peoria,Plastic child's chair,00G0G_R1qZ4oOQDA,3
peoria,Custom Built Bird Aviary,01010_kuBpoTOXQjX,200
peoria,Vintage Office Chair,00L0L_4HOrfiAjU5Y,150
peoria,Metal military style storage cabinet,00O0O_7qcg1nWEvcB,150
peoria,Wood table,00t0t_cthfN4zgLDd,120
peoria,"Metal foot bench.  36x17 x 17"" tall",00H0H_8UjBBbIltUX,75
peoria,glass coffee table set,00k0k_akBtUZ02QNK,100
peoria,Cute kitchen table & 6 chairs,00m0m_djYHfbEvz2X,175
peoria,Old Rustic Weathered Wood Cabinet w/Original Antique Hardware 80x48x14,00505_js8RzdIOZOY,95
peoria,Cabinet,00m0m_3gqz1L8t2JR,50
peoria,Curio Cabinets (matching set of two),00Q0Q_2DoeetQVMFl,450
peoria,Two Study Tables,00M0M_lW3C31muHlD,120
peoria,Dining Table and Chairs,01010_cQPBQ4xkCdq,150
peoria,Beautiful Dining Table and Chairs,01212_15LKFxjwzH9,200
peoria,coffee table and two matching end tables (3 piece set),00g0g_7KOBMWtaPtk,225
peoria,Floor Length Self Standing Mirror,00l0l_fefGf7v0a9E,100
peoria,Chest of drawers,00N0N_QGlKIR7kCx,150
peoria,Solid wood entertainment center,00h0h_6X2vV4ZF3Mm,40
peoria,1930's Dresser,01010_8IeOoDB8G1L,225
peoria,Twin Captains bed,00909_gXr0QLtMu5I,500
peoria,Bar stools,00q0q_fIc9paEa7br,100
peoria,Theater seats,00b0b_dBpaeRtbCN6,800
peoria,Couch,00z0z_fK3ppbNTaEW,50
peoria,Twin bed,00D0D_7a43m7gG9En,150
peoria,Full size bed,00T0T_ebVVp4DCSis,150
peoria,Hide a bed sofa,00u0u_7SZwXpYOOLT,50
peoria,Coffee Table 2 End Tables,01414_4tf0dRxxfip,20
peoria,Corner cabinet Old,00i0i_jMzPkgnS6eR,50
peoria,1940s Iron Bed,00h0h_lVmZEBzSoUt,45
peoria,1940s Secretary Desk,00W0W_2y1f8eOxFl0,100
peoria,Off white/cream sectional,00q0q_8vxoZ2f8ZRH,500
peoria,MID CENTURY CHROME LEG DINING TABLE AND 6 CHAIRS,00L0L_eE2U61ro6W2,40
peoria,Cherry coffee table & Side Table,00404_lYwziqXKfWI,325
peoria,Matching couch and love seat,00k0k_8vyyCRkv54o,150
peoria,PATIO BAR CHAIRS,00Y0Y_9ugVBuhEVWB,70
peoria,Amaizing Mid Century Modern Dresser,00Y0Y_8gWaRxuCx7L,500
peoria,Very nice 10-foot conference table with glass top,00G0G_7X6VM2044lZ,500
peoria,Looking for funky 50s-60s furniture and lamps,00U0U_32JHuV0iIWq,
peoria,Credeza,00K0K_gq2Xdw97kgQ,125
peoria,Curio Cabinet,00606_hmC3nZlZzoX,45
peoria,China cabinet,00505_gsp8XhvTTnj,75
peoria,Loveseat and ottoman,00505_32vYPNNRHkU,150
peoria,Rocker recliner,00a0a_5glkKfe1tvV,100
peoria,"30"" new pub style table",01111_hmKQ4IjdT4J,35
peoria,Couch,00H0H_7OLcnYn3n64,250
peoria,End table,00c0c_aIIJ8k9GkjO,25
peoria,Server Cabinet-furniture,00h0h_O15dT7LfJ5,75
peoria,ANTIQUE DINING TABLE,00P0P_l2yoW9zdvVn,150
peoria,Lighted Entertainment Center,00202_cG7m2kcsPJT,300
peoria,Solid oak cottage dining set,00j0j_673ZGQxoXeB,525
peoria,New mattresses. Truck load Sale.,00P0P_4zedkFz3W6k,300
peoria,Dining Room Table & 6 Chairs,00u0u_lu4tm7FxuC6,500
peoria,TV Armoire,00B0B_90pHoP5QLvI,350
peoria,Desk,00L0L_aOt22iWWsM1,250
peoria,Buffet (Washington),01212_Sjva7mWeSP,650
peoria,Picture,00H0H_l58BoA3zAuY,15
peoria,Cherry Curio Cabinet - Reduced,00j0j_4CtG6A75VFV,100
peoria,Modern black and silver heavy duty reclining chaise lounge,01111_bOTCIOIhka4,50
peoria,Complete set of Office Furniture,00101_9Oy5NmKtndP,400
peoria,King Size Stearns and Foster mattress,00404_jWFOJLkswu8,75
peoria,Oak curio,,50
peoria,Custom Work Desk for Sale,00B0B_79gun0ZgM9b,400
peoria,Microsuede loveseat,00W0W_gycw83ALBRo,85
peoria,Sauder Armoire / TV Entertainment Center,00b0b_fuXhUFr1f4d,90
peoria,Nice Leather Couch,01010_2RoCHEh5ef6,350
peoria,Furniture Natural Laminate Coffee Table with Silver Steel Frame,00v0v_eA7TegooV0Q,20
peoria,"Convenience Concepts Tucson Collection Console Table, Black/Cherry",00Q0Q_i4R8zArjooI,30
peoria,your zone flip chair - TWO,00r0r_k1EufvVLRzj,85
peoria,Girl toy storage unit,00F0F_kCrbDe1hmxY,20
peoria,GOLD BAMBOO TABLE - REMBRANDT LAMP & SHADE,00303_9n4FCKYwtgh,
peoria,Dresser and Vanity,00L0L_eYq2eivM00y,75
peoria,Small Bench,00101_9UfagaX8wQK,10
peoria,"TV home theater stand made of glass, metal, and solid wood",00J0J_4a6Sgmv8Ms4,70
peoria,Solid wood furniture,00M0M_XuB1ZEiVM6,
peoria,Thomasville Bedroom Furniture with Mirror and Armoire,00e0e_dk1EJH04HEc,750
peoria,Leather Chair,,250
peoria,Office chair - black,00M0M_bjm4uS4i7aN,30
peoria,Side Table,00p0p_90tc7QKnL11,20
peoria,Wardrobe / Armoire,00X0X_75HOixkgKiq,50
peoria,"Great used furniture, great prices",00808_cgpCy8M8VgY,1
peoria,End table,00Q0Q_hX1W3ibT1Cz,50
peoria,Oak Express Table and 6 Chairs,00i0i_bpTNu90cpmV,1200
peoria,Tv stand,00a0a_6ZGGlYkJkvr,15
peoria,CHINA CABINET SOLID WOOD,00z0z_hyIeDvy3Do4,500
peoria,poker table,00d0d_gEIdyD4sS9X,75
peoria,"coffee table, end tables",01111_4tCW0QmqKOa,100
peoria,BLACK LEATHER CHAIR AND OTTOMAN,00D0D_24AGyF9lRmH,100
peoria,BROWN LEATHER RECLINING CHAIR,00F0F_2a1d9Y70DFa,150
peoria,Full Size Captain Bed Frame,00000_lS90HUdwVbU,250
peoria,Pedestal Table,00f0f_ijG60zeEWWL,50
peoria,"Sofa,coffee table,TV,Bed,mattress etc..",00000_jVQAecdpJDP,1
peoria,2 Curio Cabinets,00s0s_Intut8tqxQ,250
peoria,Roll Top Desk,01616_cuuNRtGkrJY,200
peoria,Child's Bedroom Furniture,00V0V_7xSuBamgB7N,200
peoria,Oak Dining Room Table & (5) Chairs,,350
peoria,Antique Secretary Desk,00E0E_tkKiwfR5DQ,
peoria,furniture and shelves,00606_LtpzeaQjoo,
peoria,KING SIZE BED WITH BEDFRAME AND SIDE TABLES,00V0V_hyWlZn9dH82,500
peoria,FURNITURE FOR SALE,00c0c_8dWGlgw0rlF,
peoria,Kitchen Island Table and Stools,00b0b_5GiSoBip57t,95
peoria,Twin bed,00d0d_lTWJI2AIzIF,75
peoria,QUALITY POLISHED STEEL ITALIAN BRASS HOOF FOOT GLASS TOP COFFEE TABLE,00g0g_lArn9WZsQED,650
peoria,Wicker chair,00X0X_ainyrJDu0dy,20
peoria,6. Chair amatching table kitchen or dining,00U0U_gfjl0XBe45a,150
peoria,Coffee table with glass top,00H0H_fZXlcpLY1xZ,80
peoria,Coffee table and end table set,00l0l_5jUTwhwPVQA,160
peoria,End table,00d0d_40RlPYZXjta,50
peoria,6 drawer dresser (Washingto),01717_8RN0EFMRDTY,350
peoria,Gun cabinet,00d0d_7pFJD8icMRN,90
peoria,Great Couch,00i0i_gFpS54nX4C,500
peoria,"Chair:: Ottoman"" For___ Herman Miller",00q0q_juFrMknSjoF,1013
peoria,Mersman End Table / Nightstand,00W0W_aA3wAOYRif7,30
peoria,Table,00505_aRA4AkNKuXH,10
peoria,Chair and ottoman with Black### Leather on Walnut,00Q0Q_jwyiqOpzeu5,1016
peoria,Shelving tracks and brackets,00u0u_kYw3Ub44I4m,1
peoria,FULL SIZED BEDROOM SET W/ MATTRESS AND BOX SPRINGS,00101_6Pd0mdZkvoY,395
peoria,Oak Bathroom Cabinet,01616_fcABcDam1Mg,20
peoria,Quilt Rack,01717_hetB1Bsv5tR,19
peoria,Lazy Boy patio furniture,,500
peoria,Baby Dresser Shabby Chic Armoire (4) drawers,00n0n_6KERQYR8O1M,95
peoria,Wrought Iron Patio Set Heavy Duty Grape Vine,00p0p_c9Kz8rAN5YE,275
peoria,Vintage Secretary Desk Drexel,00D0D_9bjlV2alSjB,350
peoria,oak gun cabinet,,475
peoria,Round Kitchen Table and two chairs,00n0n_23ZzGKWlphR,250
peoria,Glass Display Case,00000_lOxJ6ZGB6c6,200
peoria,Dinning table with four chairs,00606_6PJbakFHYZc,350
peoria,Blanket chest,01414_ajOlpeBuICr,155
peoria,Simmons Hide-A-Bed,01313_8GXE62L3AqO,40
peoria,Oak Table,00E0E_5ljF4WTKiZ0,250
peoria,Beautiful sofa ottoman & arm chair,01414_4krQ4iXoaHs,215
peoria,Couch Very Comfortable,00n0n_dmXF33o0cTz,65
peoria,New Price! Wood Folding Chairs,00x0x_bVfKkPpIVSy,10
peoria,6 month old bubble tub,01212_jfqbytIg1pI,400
peoria,Sofa,01212_7Pjm0HWHISL,40
peoria,Recliner,00U0U_27xfmriqwZs,40
peoria,Vintage Kroehler Buffet- reduced!,00C0C_eJcGtXi7Cjo,80
peoria,Hurricanes (2),00X0X_igylzf1MmEj,15
peoria,2 Light Vanity,00O0O_laR1VWNDkeG,100
peoria,tea table and lamp table,00N0N_kFSOEtTe72q,95
peoria,Home bar,00b0b_1J9Sm9QE2S6,100
peoria,Book shelve with glass doors,00e0e_gffGsZwRd6m,150
peoria,Rustic Entertainment Cabinet,01616_mOX2bar0pj,250
peoria,"Entertainment center with 32"" tv",00w0w_4H47gHM4OvP,150
peoria,MID CENTURY MODERN CHAIRS,00U0U_fPUnz6jUEAC,60
peoria,Mid Century Modern Bedroom Set,00k0k_lTUqb6XkU9l,450
peoria,Entertainment Center,00000_9HguDVJIEJv,100
peoria,Nice wooden bench,00x0x_eniRwHYJvZa,30
peoria,"36"" Round Coffee Table",00T0T_juAY97nxWt5,50
peoria,Mid Century Modern Dining Room Set,00v0v_5xQ4gV2XoDJ,800
peoria,Lockers,01515_blwiFeWDCZQ,100
peoria,Pair of chairs,00p0p_eyWoqwTbGZU,40
peoria,Lift chair,,300
peoria,"For Sale:  Beautiful wooden coffee table, end table, or table support",00x0x_dAWuwHBFh0r,40
peoria,Good Solid Wood Dresser,00V0V_gnA487fTNqn,100
peoria,Loveseat,00J0J_jG2RgzJ6Hj5,35
peoria,Exterior hinged window shutters,00O0O_3bdP6IyS5IR,50
peoria,Sofa sectional - Barclay - like new - non smoking no pets home,00a0a_461lcfOnuSi,295
peoria,Waterfall Buffet,00s0s_6gpRc9fRLI6,300
peoria,Tanning bed,00t0t_dHyEGWxtqls,400
peoria,Twin size daybed,00606_jJtMgchwqko,400
peoria,solid oak desk and shelves,00I0I_9i8VtIuEl0R,200
peoria,storage bins and rack-great for kids room,01717_c57qVI0vlGN,10
peoria,Ashley Microfiber Chocolate Couch & Chaise,00v0v_iH9ArrSAsdl,225
peoria,camping cot for sale,00d0d_1EkukeeAckA,70
peoria,Gliding chair,00W0W_kJK9VaymXmC,100
peoria,Side table,00I0I_d2btsuobC6R,20
peoria,Couch Sofa Blue 3 cushion,00303_1aSKzp9MMSh,30
peoria,Sofa and Sleeper,00k0k_9t1kOxGMCbp,400
peoria,Bench,00f0f_ja4kC0IIe0J,20
peoria,Display cabinet,00L0L_f84NeQABK4B,50
peoria,Outdoor chairs,00q0q_6lfRJQihhQ4,20
peoria,Patio set,00G0G_8Xi8wOfd9gB,100
peoria,Captains chairs,00Z0Z_cVKKFWgxIsa,100
peoria,Glass Table and 4 Chairs For Sale,00c0c_cKfqYezFCd4,350
peoria,Couch and Loveseat,00T0T_k5yT7iV2d91,75
peoria,Solid cherry wood Marble top sofa table,00303_deiqRGaP1nI,650
peoria,Entertainment Center,00Q0Q_4A5ieKfU2tf,50
peoria,Orange Drum Pendant Light (5),00Y0Y_8G65FSaVZ3a,175
peoria,Full size bed frame,,50
peoria,Mid Century Chain Lamp,00E0E_9IFB66MMaFN,50
peoria,Chandelier,01414_a6yIPzy7ENU,15
peoria,TV cabinet,00L0L_foz5p0Ev9fd,30
peoria,Office Chair -Fabric & Oak,00b0b_fCh5omzOi61,50
peoria,Crackle glass top table,00L0L_3YuBLN0jpEv,100
peoria,Vintage Double Chaise,00i0i_i75OysfOfUW,150
peoria,Recliner couch & Dining table,00p0p_1TuvyWmO650,460
peoria,Chest with Hutch - Vermont of Winooski Solid Rock Maple,00z0z_gYcyEye3K79,
peoria,Queen size wood bedframe,00u0u_1YJEWFetJaD,175
peoria,Solid Maple Antique Desk with Hutch,00x0x_3Sy2C8nnsTp,400
peoria,COFFEE TABLE  (VERY GOOD CONDITION),00Y0Y_hNmFltYKYIV,120
peoria,3-Tier Metal Shelf,00g0g_7byVbdmigkD,60
peoria,TV Stand  (VERY GOOD CONDITION),00L0L_8fLfJ2AdUU1,199
peoria,4 Drawer Legal File Cabinet,00I0I_1LBg3hRRQMq,35
peoria,Area rug,01414_7OsqI2yG3dF,100
peoria,New lower price - Area rug,00B0B_jnV4r70Ysxx,90
peoria,Indoor/outdoor rug,00A0A_7Px4juiWwuI,50
peoria,Chair & foot stool,,60
peoria,Metal & Wood Plant Stand,00808_bsl4zeGZazQ,25
peoria,for sale high quality Chair and Ottoman,00C0C_8BWG09Vpf4o,1018
peoria,Table with 6 chairs and china hutch,00H0H_4DR0277cmmD,200
peoria,Art/Craft Table,00f0f_gwqRdB1VcYn,45
peoria,Vintage director's chair,00o0o_3xPghOK5pGD,25
peoria,Broyhill hutch. ATTIC HEIRLOOM,,500
peoria,VINTAGE ORNATE ROCKING CHAIR,00707_5i1Eoq57d9F,150
peoria,Vintage COSCO Step-Chair,00v0v_1vRKriB2fsj,40
peoria,Vintage Swag Lamp,01010_pcQpwzxK80,25
peoria,Decorative Mirror,00x0x_4slWGbQWqT4,40
peoria,Never Used White Shelves - Set of 3,00O0O_9MkB5KZF9Yu,29
peoria,Never Used Dark Brown Shelves - Will Sell Seprately,00X0X_hLND50QwQ3Q,35
peoria,Wood TV Stand/Storage nice condition,00p0p_6J19coxxwIc,10
peoria,Bed set,00v0v_2QdKPRTZ2EP,250
peoria,END TABLE  -,00C0C_aDujN9zLyZK,20
peoria,Dining table set,00q0q_iggnvPqnu93,1150
peoria,upholstered bench with storage,00606_8MxloliZMf3,100
peoria,FISCHER POOL TABLE W/ACC,00B0B_l7aOfPnBA4,600
peoria,Ashley furniture Brown Love Seat,00M0M_ah0p5CTwDpd,100
peoria,Oak Headboard and Footboard for Sale,,100
peoria,Couch sofa,00L0L_bzvXMCpgBhO,80
peoria,Sofa cover,00z0z_8QfKdh2sQAu,25
peoria,Cherry Wood & Fabric Chair,01717_bdDFHWrw0a4,15
peoria,Dark blue leather couch,00s0s_hBdORKSRXGf,100
peoria,Dining Room Table & Chairs,00d0d_i0D01LJBn6V,175
peoria,Industrial wood cart,,300
peoria,Chairs,00N0N_7zR22gGTcZ7,15
peoria,Tv stand,00K0K_4dwTQi5avuc,10
peoria,Sofa Table,00W0W_bR6QoKreQhE,75
peoria,Couch and loveseat,00404_dgtcljBjM7G,100
peoria,Like new couch/chair and a half/ottoman,00g0g_5m0t1UUUg0C,1150
peoria,Chest dressers,00202_kUN5GfPUsds,100
peoria,Small table,00l0l_gPcCTzpjjqi,35
peoria,Chest dressers,00202_kUN5GfPUsds,100
peoria,TV towers,00000_dtrSJfE1A8r,100
peoria,Coffee table,00N0N_haeKPFf8izd,30
peoria,Oak Baby Cradle,00T0T_dci5ZZ3Ahdl,25
peoria,Tv stand,00F0F_ek161lIDJYB,150
peoria,Hutch Cabinet,00V0V_lFyNdmWbWOL,100
peoria,Curio Cabinet,00x0x_7EOg1WEz5P0,100
peoria,Cocktail Table,00d0d_lxFEtyrI5XG,75
peoria,Curio Cabinet,00K0K_iB1CB6wkpmv,75
peoria,Recliner,00k0k_3juAANYzJjc,75
peoria,Recliner,00t0t_cQc71L3hYDn,75
peoria,Desks,00w0w_fHmlOdqDsTV,
peoria,Pair of Gorgeous Glass Lamps with New White Shades @ $15 or both $20,00z0z_f2RPc1yNpbm,20
peoria,Rocking Chair Oak,00p0p_hMwljuQDWFw,70
peoria,Cream off white beige chest of drawers bed side table stand wicker,00n0n_g2SszilRFUT,60
peoria,Mid Century Storage Bench Side End Table with Brass Leg Ends.,00a0a_2NQopEEKLNn,35
peoria,Wine rack cabinet/stand,00Q0Q_6I4LwAengdJ,45
peoria,Coffee Table,01010_hCCHOCVP0r8,75
peoria,Chairs,00V0V_hS9WGP4zEYW,80
peoria,Couch,00U0U_968e6X1i5vX,250
peoria,coffee table,00202_e4KQ2LUTE7n,50
peoria,Furniture for sale,00e0e_lp8mSeBkDvK,
peoria,Leopard print accent chair,00404_76Oj9pohRZH,70
peoria,Buck Bed with Mattress,00707_cB9D1PaZq53,125
peoria,Dining Room set,00303_fo5xtCxChnw,300
peoria,Blue Toddler Racecar Bed,00I0I_cfPBKn6QYYH,75
peoria,Bathroom vanity,01717_5kw5HmdHFHp,20
peoria,Mansfield Toilet,00y0y_nZXeO4lB2F,20
peoria,Gorgeous black and gold garden stool,00r0r_291KJpusoT3,40
peoria,Metal Frame Futon,00O0O_ei4GcwtCO4x,40
peoria,Ladder,01111_b75kvQgJo2k,10
peoria,Counter height chairs,00101_gUTvY3JPjqC,35
peoria,Broyhill Attic Heirlooms Entertainment Center,01313_7mMjIOUK399,450
peoria,Full Mattress and Box Spring,00X0X_aVF3AbKyjcZ,60
peoria,Metal office desk,00F0F_8RrJk9rrd0,15
peoria,School lockers,00w0w_f0Nf8aR9arK,50
peoria,Antique Dresser,00Y0Y_iFylZNpl708,120
peoria,Built in Cabinet Hutch REDUCED!,00o0o_ja3tdashX6E,60
peoria,Ottoman / Bench- reduced!,01111_hvVb83DQywK,10
peoria,Gun cabinet,00j0j_yVFnL07ryv,75
peoria,Oak table and 6 chairs,00b0b_h6TRGCGjrD7,500
peoria,CUBBIE ORGANIZER SHELF,00u0u_i75Q6bhfM0Q,250
peoria,OFFICE DESK,00w0w_Ahobk6HySx,100
peoria,Electric Hospital Bed w/ Trapeze,,1000
peoria,Large entertaimentCenter,00q0q_6Fpg6mSqSoX,125
peoria,Day bed antique,00000_ihQhtXiT3iv,85
peoria,Chair,01515_1i4VheZ5g0,125
peoria,matching bathroom set,00M0M_gbjg8i0bRqm,75
peoria,tables,00e0e_lNPB9lpQa6,150
peoria,Beautiful Set of Office/Home Office Chairs,00J0J_hlGqndhmTYG,70
peoria,"Garden Shed Wood of metal, with 1 window (SH6)",00q0q_5c0s83Edemm,1371
peoria,comfy couch,00k0k_g26PW7YGOe,75
peoria,Office Chair,00000_icDdOmG4UyM,5
peoria,Fabric Side Chair,00e0e_ieHs7f9IYe1,20
peoria,For Sale:  small wood and metal desk or table with shelves,00r0r_blmLNbjJP6x,25
peoria,For Sale:  Two strong metal chairs with cloth seats and metal frames.,00N0N_aSpnHAmeVEO,35
peoria,Tanning Beds,00T0T_7dwCajp5VLH,500
peoria,Oat sofa,00f0f_ar0i0LV4uW4,300
peoria,Wall decor (metal/wood),00S0S_juvvINu8NA5,10
peoria,"Loveseat, Settee, Country",00v0v_ijRUVFFR7fd,25
peoria,Coffee Table 2 End Tables,01414_4tf0dRxxfip,25
peoria,Futon,01616_4IITwqOPnHN,300
peoria,Corner Cupboard,00W0W_5IiIhGVjjBq,100
peoria,Hand made Oak furniture,00r0r_6uxwRyiHJ0w,150
peoria,STANLEY FURNITURE DINING ROOM SET,00d0d_8xDH1l0Q4jq,900
peoria,Hutch,00o0o_LYBIsxWirS,150
peoria,Mid century style desk,00505_gcOZKX8vWNz,75
peoria,England Sectional Couch Grey Very Nice,00X0X_36soA1OFTMW,1500
peoria,Mid Century Hutch,00P0P_5WzbvmbIqoR,325
peoria,rocking chair,00707_4I1xSLi6erB,40
peoria,mirror headboard,00h0h_8DwGsiritVC,50
peoria,Furniture,00L0L_aOUpcWKTY1I,
peoria,TV stand,00o0o_D7xzMgX6O8,20
peoria,TV Armoire,00B0B_90pHoP5QLvI,400
peoria,Dining Room Table & 6 Chairs,00u0u_lu4tm7FxuC6,575
peoria,Stunningly Gorgeous 10-Piece Dining Room Set,00Y0Y_9PQdUzNMLgB,650
peoria,Plant stands,00D0D_4COBaUYluob,45
peoria,Drop leaf coffee table,00404_dSKyOBAHTQF,100
peoria,Rockers and chairs,00m0m_9zHQDVxjGDe,30
peoria,STACKMORE  card table and chairs,00k0k_2eIkHOe08kr,150
peoria,Study / computer table,00I0I_e85Cgs0OQcb,75
peoria,Recliner sofa,00E0E_bWyNgpKfT2K,85
peoria,*** strong furniture**,00s0s_cxB48PkuP8O,25
peoria,King bedroom set,01010_bvqaBcmDjZY,400
peoria,Sofa,,150
peoria,Wing Back Chairs,,100
peoria,table,01212_GRm2qWOdXJ,25
peoria,Bean bag chair,00202_6ydkQ6PBsa3,125
peoria,Chest of Drawers,00I0I_bHrmv3jwUDW,70
peoria,Reclining Chair,00F0F_A1IldOSeyt,80
peoria,Table for sale,00E0E_2RhFFWryox5,100
peoria,Ashley sleigh bed frame oak and Queen Beautyrest platinum mattress,01717_9WQTOiUIwxe,5600
peoria,desk,01111_f1eVHc4LeWp,15
peoria,Dresser,00V0V_eWtTdhGuU7H,85
peoria,Dressers,00m0m_2KfHMWfm5ds,125
peoria,Beautiful Aico Monte Carlo Table & Chairs,00W0W_6F0pMsv8p8E,1400
peoria,Oak computer desk with side drawers ect,00B0B_et2sUOOsrdy,800
peoria,Vintage Modern - Sewing Machine Desk,00V0V_5NYkI1SUXKa,75
peoria,Antique Fairbanks Restored/Refurbished Railroad Cart Table,00T0T_hCepzBpx9W7,350
peoria,"Dining Room table, chairs and china cabinet",00404_lbsQI19iSeB,600
peoria,Dresser,00V0V_dHFvinzSz9b,20
peoria,estate sale,,75
peoria,Pool Table - Bristol II by Brunswick,00e0e_9er2hpPFCbO,550
peoria,Sectional Couch & Recliner,00h0h_j5TGaFPuv07,500
peoria,Vanity,00O0O_icM951XbgZq,40
peoria,queen size bed,00Y0Y_lgtjYDiOpG,200
peoria,Toybox or trunk $20,00X0X_eaKnawUyNIv,20
peoria,Cozzia Massage Chair,00D0D_bNpfEMXftaT,1600
peoria,2 Gold Couches,01313_kPzp7DlGZsA,450
peoria,Very nice queen size cherry wood bed frame,00e0e_4oJxV9IYOFi,200
peoria,Sleeper Bed or hide a bed,00M0M_b97Fp42U3B9,50
peoria,Candle holders,00404_8CFM6kpbZjp,20
peoria,Candle holders,01313_gcqyacXuP0g,20
peoria,Cool Pier One Full Headboard,01313_aSgcJYl407u,75
peoria,Beige Love Seat,01212_hGeKhAAWmyP,75
peoria,Glass Dining Room Table,00F0F_2vS46lYLOWs,450
peoria,Looking to buy twin boxspring,,20
peoria,Large Mirror,00m0m_3YJcNbQ3SjQ,30
peoria,Petit Recliner,00f0f_bi3nvwwSsKk,100
peoria,Patterned Slipper Chair,00m0m_3YMjO97ollv,50
peoria,Tan Sofa,00s0s_4mcO5lTeEMN,700
peoria,Red Cloth Sofa,00W0W_2eIRalTpyW1,500
peoria,Oval Black Dining Table,00s0s_dteVDGm7Y2x,75
peoria,Square Dining Table,00M0M_8wglwJv0w9N,50
peoria,Coffee Table,01616_bEgVI7SsodW,
peoria,Old Roos Cedar Chest,00P0P_3m8ODtVBfY3,20
peoria,Sunglasses shelf,,
peoria,"Dry Sink - New, Amish built",00o0o_1qbvsbIO8fT,150
peoria,Vintage China Cabinet,00p0p_iE0ePZpy9Hu,200
peoria,Game/card table,00o0o_d7UwSWvOL4d,550
peoria,Chair,00S0S_1Y1E8cmZfJP,100
peoria,Chair,00B0B_bwBPGiQbXtN,150
peoria,Wing Back Chairs,00W0W_dk3t1NBzbKM,300
peoria,King Sized Sealy Posturpedic Mattress,00W0W_i0IVKTQi2iB,300
peoria,Console Table,00C0C_6W7oPCE4ys0,75
peoria,Tv stand only,00g0g_8Jlj7xpC9xf,25
peoria,Metal desk,00N0N_acTi80Jd7gA,15
peoria,Corner Sofa table,00000_b8gugjf5rT5,30
peoria,15 upholstered chairs,00T0T_c1bUBQGOftx,75
peoria,4 office chairs,00t0t_13aAuxPLztK,25
peoria,White plastic lifetime tables-nice,00T0T_adfgNcyEcxQ,50
peoria,Live Edge Sewing Table,00505_cRn9nQX4y8I,350
peoria,Concrete Top Table.. indoors or out!,01515_hKkT6qIE7QZ,52
peoria,Massage Table - portable,00O0O_ELblW7zBFp,165
peoria,Recliner OBO,00l0l_6731q2xKhf,45
peoria,Solid Oak Entertainment Center - Custom Made,00303_al9FEXSPiRU,150
peoria,Table,00s0s_kLpkeFBXEfp,15
peoria,Entertainment Center / Display Cabinet,01717_aL4GmgWXUuc,30
peoria,Entertainment Center and End Tables,00L0L_1oMa0ef82VP,80
peoria,Daybed,,50
peoria,Ashley Sofa,,100
peoria,Solid wood hutch,00Z0Z_kT0BJnHxucV,65
peoria,"4 pcs couch,loveseat, china cabinet and table you can split the items",00Y0Y_dxu5RLQPqRB,2500
peoria,Chaise Lounge Chair,00k0k_3dqckpuYXEQ,120
peoria,Mid Century Modern Furniture,00x0x_kmiwCP9kO4n,
peoria,For Sale: Wooden Italianate nested end tables,00j0j_2gPk7pHvhgU,135
peoria,New high top patio table &chairs,00q0q_d4gTrvSpJmv,120
peoria,Entertainment Center,00m0m_1rhpG9qqpf1,200
peoria,For Sale:  Antique Wood and Cloth Vanity Chair,00000_8DKf3vcUIWF,400
peoria,Queen Bedroom Set,00j0j_5qC8FYdNQv2,400
peoria,"For Sale:  Yellow, Formica-topped retro table with wings.",00K0K_6suCxMs3PPl,125
peoria,Retro wooden bookshelf,00909_fBdgVQ8NvZF,60
peoria,Retro Formica barber's cabinet counter with shelves and sink space,00t0t_eGamHUiZsNv,80
peoria,"Retro Eames , Nelson , Parker wooden coffee table with magazine rack",00E0E_lPLnW4BHKXF,135
peoria,For Sale:  Rare Vinyl Wingback Chair with yellow floral design,00G0G_2SmlwGYfRDI,110
peoria,For Sale:  Metal Desk with drawers.,01616_ck4w3NHssUV,60
peoria,For Sale:  Caned wooden chair with decoration,00E0E_fYGdDdGiKrH,15
peoria,"For Sale:  Comfortable wooden, cloth-covered armchair on wheels.",00q0q_43nEIiX4y5,20
peoria,"Table tennis, $25, obo",00w0w_7Z2p92XslHe,25
peoria,Reduced! Counter Swiveling Adjustable Stool,,25
peoria,REDUCED! Wood and Cane dining table and chairs,00101_kpwFZMQeEBw,180
peoria,Wood door,00j0j_87wSPEjAQgC,10
peoria,Wood cabinets,00b0b_1rKMsayMxc8,25
peoria,Ashley furniture table and chairs,01414_1OalF5uSKFw,250
peoria,Nice desk and Costco book shelf,00a0a_74Ym3sHYyIo,80
peoria,Antique Washstand,00F0F_NfS7urFZcv,250
peoria,Kitchen table with 4 chairs,00D0D_47qs3a2nBrM,350
peoria,Wall Shelf - solid oak,00202_jwp6TXjk5Iq,15
peoria,Side table,01111_gfTiayve1Y3,150
peoria,Lippmann's Dining Room Table and 4 Chairs,00303_aMsKk3SAAv8,875
peoria,Long term care medical mattress,00u0u_3HXZqEtoYyp,40
peoria,Long term care medical mattress,00u0u_3HXZqEtoYyp,40
peoria,Long term care medical mattress,00u0u_3HXZqEtoYyp,40
peoria,Recliner- Power,00v0v_533XqqVxpx7,300
peoria,"Sofa Sleeper, Love seat and Chair",00l0l_45n819ocqh3,175
peoria,Thomasville Dining Room Set,00K0K_6Fym0T1tKKQ,450
peoria,Oak Dresser w/Mirror,00F0F_c7rOkDEuKR2,250
peoria,China Hutch,01717_6DRSyVRcaRw,125
peoria,Dresser & Night stand set,00a0a_99rxHULWgq0,40
peoria,Love Seat..Excellent Condition!!,00Z0Z_7P0TedaGSVW,
peoria,coffee table 20$ obo,00S0S_dYZu6QBruCg,
peoria,Amish Solid Oak Twin Bed & Armoire,01515_bEgaySYRiun,575
peoria,Girls twin beds,00K0K_4eqFKWz8mWc,50
peoria,3 pc sectional,00P0P_5kMn4gXfjPM,200
peoria,Cabinet/hutch,00p0p_fbMrJOqdg3d,125
peoria,standing clock (grandfather),00j0j_lO0mq8fvShn,75
peoria,Bench,00Y0Y_hvXeoU8Oatn,60
peoria,Great condition Armoire,00404_80HPuVfAvgc,200
peoria,Room and board king platform bed frame,00E0E_7b1iCOZyfrO,150
peoria,Couch & loveseat,00t0t_5XSx7kyC4nU,400
peoria,Yes,00B0B_ids14vSo4xS,500
peoria,Junior Bass Guitar and Amp,00Y0Y_bqjouoJUw2r,125
peoria,Bernhardt Curio Cabinet,00H0H_5VmgCLKvyiX,550
peoria,Bernhardt Diningroom Table,00G0G_8tkYXNetVOW,150
peoria,Record player / radio,00s0s_7VkdrjgUd9C,100
peoria,Bed Frames (3),,15
peoria,Nightstand,00f0f_fLytDi30Afw,20
peoria,End Tables (2),00101_1B2ukXIKzmX,40
peoria,Curio cabinet with glass doors and bottom drawers,00303_hCxDMpbJTfN,50
peoria,Home gym,00j0j_ioceQwx05mJ,125
peoria,Beautiful Sofa,00F0F_2DiiymS8Gpv,600
peoria,Lift chair,01616_elRg7IRvTIO,40
peoria,"Recliner, beige/green corduroy",00a0a_lg5JCFkvZuF,50
peoria,Wardrobe knockdown,00I0I_FSFx16AlQT,250
peoria,Dresser,00G0G_e8DLRcQTovr,65
peoria,Custom Country Trestle Table set,00707_5B0PG0AvEDo,200
peoria,Dresser,00t0t_kMI3TjkP8tC,149
peoria,Couch,,80
peoria,Vintage dresser,00i0i_gb4WzxD7cPJ,200
peoria,Mission Table,00C0C_9YvOuJsfIFL,200
peoria,Corner Cabinet,00Q0Q_aFINLxOFHhS,125
peoria,Cabinet,00u0u_fDO3PPH6LDH,75
peoria,Nice computer chair,00t0t_l0PFRFf2p4s,30
peoria,Nice Desk,00G0G_3hpIanzdJuX,50
peoria,Couch,00U0U_bp0aCdJu0Pb,50
peoria,Niceâ€‹ Chair,00V0V_f0i3aB6zKGM,50
peoria,Desk,00n0n_faNJGA97G2b,25
peoria,Linen colored Sofa Slipcover - GUC,,40
peoria,Broyhill Attic Heirloom Collection End Table,,100
peoria,Cedar chest,00H0H_9LVCryYZ1g1,300
peoria,Tavern table,00o0o_5DQ8UZ0s0oX,20
peoria,Pair of bentwood chairs,00F0F_kXERS0vEpUM,30
peoria,6 drawer dresser,00000_gn8OSXpLP9S,175
peoria,Leather Recliner Brown with Nailhead trim,00K0K_aJlHRpSf7T5,150
peoria,Pride 4-wheel mobility scooter,00W0W_g4Ao1oBPsU3,1500
peoria,end table / night stand,,20
peoria,full size bed,,75
peoria,Brand New CB2 Modern Queen Anne Chairs,00N0N_FRL6srhYaw,280
peoria,Power recliner,00M0M_6JG0hWuHJEl,300
peoria,Office desk,00p0p_8f1vTtbOHcW,30
peoria,Roll Top Desk,00l0l_2XVXrTIK6tQ,150
peoria,Sauder Sewing And Craft Table Cherry Finish,00808_901xc4l9GmB,75
peoria,"Free Couch - sturdy, but cat-scratched",00n0n_3OZhuw1XtsD,
peoria,Free Cabinet - (was converted to entertainment center),00c0c_2t5oCDk8dhl,
peoria,Ethan Allen Table & Chairs,00z0z_9rZnoKOJ693,350
peoria,Nice Two Piece Display Hutch,01414_h6R6DCnIt6o,175
peoria,Lift chair - Pride,00303_6Bu0p3b0qjX,500
peoria,Rocking Chairs / Gliders,00o0o_iZ2bSyyxmOV,30
peoria,Kitchen Table,00303_9rEVzaVOIaR,175
peoria,Very old full brass bed frame,00E0E_9uPVvPO4u5s,50
peoria,Wooden armoire,00606_lU4OXIr9bCI,200
peoria,Dining Room Table,00v0v_2vwS61NPXBR,
peoria,Oak end tables and coffee table,00n0n_gsVgxVmKdze,150
peoria,Dresser with mirror,00f0f_6q67xFhx0D1,100
peoria,Tv stand,00I0I_dFOn9sPtViD,30
peoria,8' Couch,00t0t_4RnkpYIzlwU,40
peoria,TV stand,00s0s_kbx4kIrJCgG,20
peoria,Stability  ball chair,,75
peoria,Ashley Furniture Couch,00404_8bUZUdvo9mv,150
peoria,Beautiful charcoal grey Sofa Loveseat from Sherman's,01515_39rSVKV11av,
peoria,Mid Century Modern Sofa Lounge,00z0z_7KsOd0YhFVm,500
peoria,Large Primitive Handcrafted Wood cabinet/shelving UNIQUE,00z0z_5R22STXwniF,
peoria,Dinner table,01515_kVNvHiCQtK8,50
peoria,Matching couch and loveseat,00000_jj53WZ3C6pC,200
peoria,Formica Counter Top,00T0T_ah1ey5A6Tzh,
peoria,For Sale:  Retro round metal outdoor patio or end table,00l0l_i1flc99DGLw,80
peoria,Leather Swivel Chair,00g0g_2NWKnU8g0DS,200
peoria,Power recliners,00M0M_6JG0hWuHJEl,650
peoria,4 piece Queen size bedroom set,,500
peoria,headboard,01616_1P2BdmSAbMv,10
peoria,2 old wicker chairs,00l0l_fqCGIo61B3R,20
peoria,"Daybed, needs reupholstered",00d0d_1OgZR3egTCB,25
peoria,Glass Table & (4) chairs,00g0g_54KUekRZaFl,150
peoria,Vintage Iron table & chairs,00j0j_iOQFlL9dqra,200
peoria,Computer Table For Sale,00q0q_lEAFfqwkllK,20
peoria,Nice Roll Top Lawyers Desk,00Q0Q_kTw4abaQnhP,650
peoria,Wine Rack 24 Bottle,00k0k_67x3HjjYrjx,125
peoria,Throne Chair Parlor Size,01010_8K0YFNWJOSm,75
peoria,Oak Rocking Chair,00i0i_1RVpHqGIEXl,50
peoria,"Beautiful marble dinner table, oak with leather chairs.",00606_h69c1Fz5LCa,300
peoria,2 mid century modern dressers,00707_kiUV1To46ud,350
peoria,Dining room table for sale,01313_1tqPZe06Awg,100
peoria,Day Bed,00P0P_gbivt4mTFrf,300
peoria,Sink/upright,,35
peoria,GORGEOUS ANTIQUE HAND PAINTED CHINA CABINET,01313_agF4d61zkvV,200
peoria,Wooden desk for sale,00z0z_lX0y86xlqiV,60
peoria,MidCentury Modern Vintage Industrial Steel 'Tanker' Desk,00Q0Q_4iBpF6E8FqS,150
peoria,Dining table with leaf and 4 chairs,00Z0Z_aeOXi5a4Sl4,195
peoria,Victorian Wing Chair,00y0y_4LuogEPSZrm,120
peoria,Cabinet and bookshelf,00M0M_jzUGid2cufn,225
peoria,Tan and brown Baker's Rack,00y0y_8aSyflMqJIz,70
peoria,Pews,00p0p_8puKTUzxCpY,25
peoria,Electric fireplace,,120
peoria,Wynwood Cordoba Queen Size Bed Set,00w0w_lYBacUuaH6S,1800
peoria,Espresso Desk/Accent Chair,00303_6BAhLNX5pmH,20
peoria,Rustic centerpiece box,00202_cgTvxxYkC7c,25
peoria,"Persian Carpet, Signed by Weaver",00u0u_5I3feV61H0g,699
peoria,Strong furniture,00l0l_csme2SI7FAh,25
peoria,"Free recliner, can be used for fire wood",,
peoria,Strong furniture,00l0l_csme2SI7FAh,25
peoria,Glider,01111_9n4lqKcMTqk,50
peoria,Ikea Round Dining Table Expandable  4 Chairs Solid Wood,00f0f_3tBivjCGcfk,125
peoria,Industrial Book Shelf,00404_i5OmxSINSsc,35
peoria,Industrial Book Shelf,00404_i5OmxSINSsc,35
peoria,Dark Brown Dining Table with 4 Chairs,00y0y_iEShIKx4taE,180
peoria,Rustic bench indoor,00z0z_iuHcwaWWwkC,60
peoria,Giant mirror (HEAVY),00n0n_cN7N8x63bXv,35
peoria,Night Stand,00d0d_4V4hHvzpvMh,60
peoria,King size bed sets,00z0z_e1AQ14Y43lN,1700
peoria,Chairs tan office style,00Y0Y_8ieHIpr61D6,25
peoria,Bar stools (3),00m0m_hPlPpChE083,80
peoria,Coffee table,00W0W_hMhuHoWu69D,30
peoria,wash stand,00h0h_andblKI4w6r,250
peoria,Leather living room set,00S0S_dHegz3QMXsJ,1850
peoria,dark brown solid wood coffee table,00V0V_1vf4ltuWeNx,150
peoria,Brown leather ottoman,00w0w_7VfQfqIRcGw,150
peoria,Brown Leather Chair,00w0w_7VfQfqIRcGw,150
peoria,Brown Leather Love Seat,00303_8oNQwZzVWqV,350
peoria,Brown Leather Couch,00o0o_k2BndlGUPnq,800
peoria,Ikea loveseat,00X0X_1ykOEfrPtj3,350
peoria,Child's bedroom set vintage,00505_7DoW0Us01sF,200
peoria,Blue reptile print couch,00B0B_1bdTjoqMFks,150
peoria,cradle,00a0a_7vt309mXILK,65
peoria,King size mattress and box springs set,,100
peoria,"Large Sofa, obo",00p0p_ilz2PbzLGIS,180
peoria,Futon/Refrigerator/Dinning Table Set,00R0R_fDfwL7rBZnR,1
peoria,Dresser,00S0S_9pTdzBZcUAm,75
peoria,Thomasville Mahogany Dining Table,00H0H_14ZOQTGHdfC,50
peoria,sectional couch with pullout mattress,00A0A_fA5bHDtsEO,
peoria,Executive Red Leather Office Chair Hekman Furniture Company,00r0r_bIXJ3Zn0Kqr,
peoria,Executive Office Chair,00I0I_YT17lpvnZ7,15
peoria,Power recliner,00M0M_6JG0hWuHJEl,300
peoria,Credenza,00D0D_dsfls0kj5Vk,150
peoria,solid oak table with 2 leafs,00T0T_eovmzy7csWB,300
peoria,RED CABINET,00M0M_26gJfk3gi9r,200
peoria,Corner Curio Cabinet with Light,00e0e_b7bhPPSAjEn,75
peoria,"Zapf System Office Complex, obo",00c0c_lD1zMxfFvCL,100
peoria,lamps  beautiful work well,00f0f_1c6jsGtk7U1,40
peoria,Dining Room Server by Ashley Home,00E0E_jfYprky8Ayd,225
peoria,Walnut Shelf,00j0j_e1BW8vOEWfG,35
peoria,Drop Leaf Table - 1930s,00W0W_icDTvq0Q8If,35
peoria,Wicker furniture,00W0W_96crvUArUAg,1000
peoria,Settee/Loveseat,,100
peoria,China cabinet,,50
peoria,Beige suede sectional,00505_ba4yrL2Bg6z,100
peoria,Vintage Wooden Chest,00Z0Z_bcjoM6Hwb5m,75
peoria,Side table,00o0o_jMcZ721UIRw,25
peoria,VINTAGE WOODARD CHANTILLY ROSE PATIO TABLE AND 4 CHAIRS,00H0H_8iyXr3SixSC,899
peoria,"Book cabinet with glass, OBO",00202_cHIgvYGcyOP,45
peoria,Outdoor funiture,,100
peoria,Dining room set,00d0d_bKo9x5qM8C9,1100
peoria,Telephone table,00505_jacTH3nbyPn,100
peoria,Glass Top End Table,00T0T_18SbXhZ5JFD,15
peoria,Ethan Allen -- Desk / Secretary -- Immaculate !!,00E0E_amsa9nBX0Cw,200
peoria,TV / Cabinet,00e0e_7EAPMFRXFhw,190
peoria,Wall decor,00808_lePwdtS41gd,1
peoria,Walnut side tables,00w0w_h4mjZRtnmee,25
peoria,Vintage Radio,00I0I_4vYvSlupg8P,125
peoria,Vintage record player/radio cabinet,00h0h_jXvfonOJifi,75
peoria,Old secretary,00j0j_lnFPyBj90nm,65
peoria,Solid Oak Arch Mirror,00r0r_7CrBAxrcMBI,25
peoria,Bamboo Wood Side Table,00o0o_1OZIqs1fv7e,15
peoria,Two dining arm chairs,00g0g_jcy5KODPx3A,50
peoria,Two chairs and ottoman,00W0W_55S8ExGrCl5,200
peoria,Coffee table with end table,00Y0Y_5SYV9sok7i5,75
peoria,Kitchen table with benches,00E0E_8yd3i1Go8ft,90
peoria,2 Dresser Set  deep drawers,01010_7MNzHsiXdyP,130
peoria,Sauder computer armoire,00H0H_8z91NpXVRgI,25
peoria,Mirror,00t0t_cWopGOoDPui,100
peoria,Antique record player,00808_eN8OO3khaZn,150
peoria,Tan couch,01717_hs4QbyEkzST,200
peoria,Blue rocker,00b0b_2kJwaJj7StH,60
peoria,Buffet,00I0I_6w8XIlc037J,180
peoria,Recliner Chair (Need Gone),,60
peoria,Kitchen table,00B0B_sHYX1Mmk5S,200
peoria,Table,,75
peoria,Table,,200
peoria,Wicker rocking chair,00p0p_fi5ziiIePKB,40
peoria,Wagon seat bench,00U0U_eJ1qBgtHTS4,300
peoria,VINTAGE BURKE Chairs,00n0n_ezyO0HmVtV5,150
peoria,Wood Clothes/ Suit Valet REDUCED!,00n0n_kS78ym1ul1N,10
peoria,china cabinet,00606_95O7XweR9Ce,80
peoria,For Sale:  Green and Pink Velvet Wingback chair and matching Loveseat,00U0U_bEs1vPiq96j,1350
peoria,For Sale:  Retro vintage Miller / Eames looking orange plastic chairs,00v0v_5CL3FSvi1c1,75
peoria,For Sale:  Retro Wooden corner shelf,00a0a_bJP2aAIgGM5,100
peoria,Black Futon Mattress,01212_7ZQTXQ8AqQ7,25
peoria,For Sale:  Matching Table Lamps,00000_7y1E3l0qJX4,15
peoria,"For Sale:  Comfortable wooden, cloth-covered armchair on wheels.",00q0q_43nEIiX4y5,20
peoria,For Sale:  Vinyl Wingback Chair with yellow floral design,00G0G_2SmlwGYfRDI,110
peoria,For Sale:  Round wooden coffee table frame,00l0l_53RXf97qh3k,70
peoria,Dining table with 6 chairs,00C0C_hgg53q3mZyl,120
peoria,Green leaf plants for decoration,00v0v_2RTwxSj12Qj,30
peoria,Moving sale,00q0q_4IbnLUQz8WP,20
peoria,Natural Wicker Glass Top Table with 2 Chairs,00000_46HGWZgtoe,125
peoria,IKEA PAX wardrobe towers,00606_b73g4wt863q,125
peoria,Upholstered Bench,00I0I_69WalAGwnDX,50
peoria,Area rug,00Y0Y_6hlUiHOsVjb,75
peoria,Wood kitchen table,00Q0Q_7gklj52FTQF,50
peoria,"4 kitchen chairs, very good condition, like new",00N0N_f189hkOGSrb,80
peoria,Custom Crown Molding Shelves,00x0x_7r2r2EG2PR4,
peoria,Antique Hoosier Cabinet,01414_dDddeQxPJaz,300
peoria,Tell City Dining table with 6 chairs and Hutch,00N0N_50bSUL4u7Yk,1250
peoria,Dining Room Table and Chairs,00a0a_klmF87eNHCZ,850
peoria,Bombay Chest,00303_iUqmz53d8xe,250
peoria,Wooden End Table or Tv Stand $30,00G0G_3qgT4HUkLGY,30
peoria,Glass Top End Table,,30
peoria,Church pews,01313_eLaB3nNe1UY,100
peoria,Pub style dining table,01313_5gIjk02zpZU,350
peoria,Cherry Wood Dresser with Mirror,00s0s_j0Giznv8a6b,115
peoria,Table and chairs,00404_XwobBYM8DY,100
peoria,Dresser,00o0o_7N3gKsIFA3m,40
peoria,Swing,00t0t_kd7QFq3Srq6,30
peoria,Antique Chair,00r0r_gjSOkTN77Hf,40
peoria,$120  Sofa / Couch,00505_evs775SRiil,
peoria,Living Room Chair,00v0v_auejs1wYqX7,75
peoria,2 black end tables,00000_lYoww7ywPVA,40
peoria,Older yet solid desk,00B0B_wHkHda9W63,30
peoria,dining room set,00p0p_7hOGvaGVeye,1200
peoria,Wood Rocking Chair,00U0U_k2XPsx4Mc1G,75
peoria,Couch and loveseat,00e0e_b0A0wOuaS8x,150
peoria,China cabinet,00s0s_jPL6a0uMW5x,75
peoria,Solid oak table,00D0D_9HKmybwVCTE,75
peoria,4 LAWN CHAIRS,01616_7JXxVLvpgoR,40
peoria,Outdoor Swing & Chair reduced to $20.00,00404_cV5BwrzIFPK,35
peoria,"Pine wood, Rustic shelve pantry set",00e0e_efkWXFCQxQL,100
peoria,Twin size bed,01717_diGqydrpctE,175
peoria,Cherry Oakwood table,00808_acNI5MZuDze,150
peoria,Mirror  Antique,00a0a_cia6tXQmaYJ,120
peoria,Sofa,00P0P_9n1tAiCBWaQ,15
peoria,Office Chairs-Mauve,00101_gETzCnKrykZ,45
peoria,Office Roller Chairs,00D0D_7PLkWxl7kCd,45
peoria,TV Stand-Oak,00D0D_8bHM0zls5ti,50
peoria,Antique Cane Seat Rocker,00e0e_dhXEjTpNFOg,35
peoria,Rustic End Table,00606_fXf7A627A2,125
peoria,Kitchen Island with Shutters,00K0K_9sEfO368oNR,425
peoria,4 drawer dresser,00303_fi7zJQUrsHe,280
peoria,Coffee Table,01515_eHkaNq4dpIZ,400
peoria,Round oak table,00L0L_jkjrn55wgPq,125
peoria,Oak fireplace mantle,00O0O_4RhSvk1uLtQ,2000
peoria,Living room set,00505_8SLFSK3lSe5,200
peoria,"Chalk painted dresser, bench and headboard",00Y0Y_5mzTJ78s4S0,200
peoria,Armless Sofa with pillows,00v0v_3R2gEtewD7a,50
peoria,Kendra's moving sale,00e0e_aStIoqlj6H2,100
peoria,Upholstered Wooden Chair,00f0f_j1jXlgYp2qS,50
peoria,Blue/Tan Chairs and Footrest,00909_4m0lmk0vSlE,50
peoria,Bookshelf,00808_gT0NV2z0Ohe,15
peoria,Mission Style Mirror,00t0t_8MZDHewyQIA,20
peoria,Oversized chair with ottoman - super comfortable,00r0r_dmQY397ZKLM,100
peoria,Handcrafted Brazilian Wood Chair,00S0S_ldP43Kp6toM,1400
peoria,Antique wool spinner,00x0x_b1xAdjYiSuK,40
peoria,Globe Furniture vintage sofa,00t0t_csWDp75dbut,125
peoria,Gray chalk painted and waxed sideboard,00R0R_exHIG0rovf7,175
peoria,Homemade Frog Toy Chest,00P0P_8CAwG76WxQc,50
peoria,3 foot faux tree w/ spanish moss and ceramic pot,00202_apWyqRPVBh8,10
peoria,"Glass Top Dinette, Baker's Rack, Chandelier",00U0U_3Vt6ymdMaRT,500
peoria,coca cola crates cabinet,00E0E_kBqKXOm8w3w,60
peoria,Potter Barn Wall Decor,,50
peoria,Leather Wingback Recliner Chair,00D0D_awvBOQmSxIb,30
peoria,Herman Miller Aeron & Mirra Chairs,00g0g_lInozdLAyii,150
peoria,Drop Leaf Table.  Reduced,00W0W_78h1zVKBmM9,50
peoria,French table,00101_lHLAJxkOAjV,75
peoria,Folding Tables,00J0J_90sPqQTu8sm,50
peoria,French Provincial Dresser,00r0r_8fjJX7Fflmp,400
peoria,Ceramic Lamp,00m0m_99J1kXDUw0l,30
peoria,Table Lamp,00h0h_HH41E7RSyi,20
peoria,Red Vase with arrangement,00V0V_jmkfWhdrFUw,15
peoria,"Lamp standing red shade, metal post, 3 bulbs",01212_9XAtyJecUSA,85
peoria,2 door storage organizer,00505_lLmHkPJHVgR,30
peoria,Square Coffee Table REDUCED,00s0s_gveeDSuDMVq,20
peoria,China cabinet & table must sell moving,00202_dGEoQfvdjJI,1200
peoria,Couch & love seat must sell moving,00N0N_4E3GXYBj7sp,1500
peoria,End Table $30,00J0J_7ao3HqUV8SW,30
peoria,Wicker round chair and couch,00U0U_8w2CFsNrGbS,100
peoria,Day bed antique,00000_ihQhtXiT3iv,75
peoria,La-Z-Boy couch / sofa and love seat,00c0c_1F5MvcmdAh2,400
peoria,Tables for living room (3)  beveled glass tops,00E0E_b9sMG9DU1S2,175
peoria,bar chairs,01111_2kXwxs83RgD,20
peoria,Great deal!,,25
peoria,3 Panel Room Divider,00V0V_jE0llIlh09b,50
peoria,King mattress,00s0s_bkh3de5xkr,100
peoria,Teak marble coffee table end table pair,00j0j_kKw6WcJr0jI,300
peoria,Chairs,00N0N_7zR22gGTcZ7,100
peoria,Hutch,00e0e_gnSOvB6hL3b,350
peoria,White wicker 4 pcs,00B0B_l1oaxbxzzCr,100
peoria,"Patio table, chairs, and umbrellas",00c0c_iuaUVog54Iy,50
peoria,Dark wood set of dresseds,00505_6CdJXRIWkdc,150
peoria,Cabinet,00p0p_6M60zUsxjQ7,20
peoria,small table,00l0l_4ahs44yyrCw,10
peoria,T V Stand Entertainment center,00U0U_8ji8WgiNQva,50
peoria,Moving sale,,250
peoria,Expresso floating desk for sale,00Y0Y_glG2UDBb48d,65
peoria,Ceiling fan,00a0a_gdC9Bb75bOg,25
peoria,Vintage Mid Century Modern Homecrest Patio Set,00R0R_7UOCJ19wOGH,325
peoria,Vintage Mid Century Modern Homecrest Patio Set,00R0R_7UOCJ19wOGH,325
peoria,"Study table, hutch, office chair",,250
peoria,Early American Arrow Back Rocker,00I0I_7gMlyBNYEJJ,90
peoria,COOL CHROME TABLES AND LAMPS!!,00w0w_3lNHR9dpyoA,
peoria,coffee table,00H0H_cqQ5W4isbF9,215
peoria,China Buffet,00c0c_3NXBIfrYfNj,200
peoria,Glass and Wicker table and chairs,00606_khrENMfeQqN,125
peoria,"56"" TV",00303_82rIliYsFhj,60
peoria,TV Armoire,00B0B_90pHoP5QLvI,400
peoria,Table,00R0R_9vzCRy9zu2e,50
peoria,Panasonic cordless home phones,00p0p_jYadujltyz4,20
peoria,Pool table,00c0c_7PqTCKp2hd6,700
peoria,Parson Chair Coverings from Ballard Designs; 8 covers,00q0q_3h8cgi2Qyoo,50
peoria,Chairs,00m0m_elTJdmoFNWw,30
peoria,Solid wood Rocking chair,00404_4ZnjemRV3wd,30
peoria,Chairs,00404_fUGichOvWcB,30
peoria,Solid wood dining table,00m0m_bmcyu9kwuNJ,390
peoria,Entertainment Center,01515_40piIFwfvp,120
peoria,Ikea Desk,00X0X_2rFmt4I9NIu,10
peoria,Free oversized chair,00808_3gwuy6oRmGs,
peoria,Bedroom suite-Broyhill,00M0M_cSEHA9KK0jH,980
peoria,Blue/cream couch,00808_3Px8jq0WMYm,450
peoria,HON 4 Drawer Steel Filing Cabinet,00S0S_ebjXDZFr0Ax,50
peoria,Computer Desk with Rolling cart,00s0s_13ShrA9yI1T,40
peoria,"Bell' O Pamari Stand with TV Mount for Flat-Panels up to 52""",00M0M_4qNOoyjf1TS,50
peoria,Kids loft bed with slide,,125
peoria,Rocking cradle,00K0K_38oGHu6pJB6,40
peoria,Curio cabinet,00606_klf6Auzspsi,50
