rapidcity,Queen Size Solid Oak Platform Bed with Storage,00B0B_lpU12cPGa3f,1100
rapidcity,Couch,01515_8yqmY29iTHI,150
rapidcity,Solid wood swivel bar stool (2 available),00101_9GIXZFAK2nv,100
rapidcity,Blue Flexsteel Chair,00s0s_dN9dF2smS4u,120
rapidcity,New Coastal Picture with Palm Trees,00X0X_3ElUuzxEZVQ,110
rapidcity,Wood Dresser & Mirror,00N0N_jxpDAZTkaPs,600
rapidcity,Bookcase With Sliding Glass Doors,00H0H_9WiAFztQSUN,150
rapidcity,Red wooden dresser,00y0y_iOKNGTTlkjA,85
rapidcity,Microfiber Couch with recliners,,130
rapidcity,"Sony 42"" Bravia TV & Stand",,175
rapidcity,BBQ Cabinet,,1800
rapidcity,Wicker Chair,00O0O_ez3MFtzuPM8,20
rapidcity,Papason Chair,00909_2AqbHMclTTu,40
rapidcity,Beautiful 9' Christmas Tree,00Z0Z_f3TYCKEs46t,100
rapidcity,Unique storage cabinet,00f0f_b9WkbETIqzR,40
rapidcity,Day Bed,00000_jR5x90wk347,100
rapidcity,Vanity,01616_bxL7uZOVwyh,50
rapidcity,***REDUCED***OAK CHINA HUTCH,00h0h_cMJeqgZmE85,700
rapidcity,***REDUCED***BLACKJACK TABLE - $200 OBO,00q0q_66xsDgS1zXm,200
rapidcity,Swivel Bar Stool,00404_38rTaqKyanE,25
rapidcity,Look here before you buy new!!!! 9' Beautiful Christmas tree,00Z0Z_f3TYCKEs46t,100
rapidcity,very large framed print,00z0z_dENgPddQULZ,50
rapidcity,Couch and Loveseat,00101_vylJX4V4o9,225
rapidcity,thomasville bench for bedroom or living area,00I0I_gKDQ8LJBJY2,400
rapidcity,"childs size stuffed high back chair, or for someone very short",00e0e_gONzz7O0WbY,20
rapidcity,various book cases BOOKCASE & cabinets most are 6ft tall 30-40 wide,00j0j_2gteFozgeG4,20
rapidcity,Beautiful wooden dresser,00B0B_cEGtdW8CCwx,125
rapidcity,Cute little rocking chair,00808_46dIMd6i1py,45
rapidcity,NEW patio set,00I0I_73UwvLqwrX8,350
rapidcity,Simmons Baby Beautyrest crib toddler bed mattress,00707_aLfEDio0HEH,40
rapidcity,Media Cabinet,00T0T_cIESxiPGr23,
rapidcity,Rocking chair,00C0C_4LoSWUmhcPh,30
rapidcity,Solid Oak Armoire,00O0O_3LrFPWGtYj,160
rapidcity,Computer desk,00v0v_9LUOPvy7K5Y,80
rapidcity,Hide-a-bed,01111_3gQDsExT8ZU,250
rapidcity,Hide-a-bed,01111_3gQDsExT8ZU,250
rapidcity,Vintage Sofa and Chair,00O0O_2kQoOar8z7N,399
rapidcity,Doll house,00F0F_luT714TVcKc,75
rapidcity,Pottery Barn Samantha Bench,00c0c_fsaU0L9fyPq,100
rapidcity,Set of 2 sturdy rugged glass end table,00s0s_WNSL74jr2M,120
rapidcity,table and 4 chairs,00101_aS5a0ZFm4Dy,380
rapidcity,Holiday Table Excellent  Condition,00M0M_65abVbN84ih,450
rapidcity,2 wood chairs,00g0g_82Nn8a0oAzV,30
rapidcity,Queen size bed with mattress,00r0r_8AL4rqcjBsn,550
rapidcity,Power Recliner,00J0J_lCJKIeGgM8A,125
rapidcity,Cherrywood drop leaf desk,00Y0Y_bLE2u5Vy22t,125
rapidcity,Bunkbed-Twin over Futon,00U0U_4lZT4ODtErC,225
rapidcity,Coca Cola Phone,00R0R_4vc0C8UKKdI,20
rapidcity,End Table,00s0s_7w3sWVaRDrb,20
rapidcity,Mission style swing arm Lamp with end table- reduced price,00S0S_4raVaBFq8dW,70
rapidcity,End table and sofa table,00e0e_agTrbpqo5wi,
rapidcity,Glass Desk,00h0h_iW64WoLraYK,35
rapidcity,Recliner's,00P0P_Lyb4eihyoh,100
rapidcity,6 dining chairs,01515_lOJINwVVojq,175
rapidcity,Very nice oak table 10' with leaves   12 chairs,00D0D_p0yHgCAEMO,950
rapidcity,Very nice queen-size Simmons Beautyrest pillow top mattress and low profile box,00n0n_4AplMmufxGb,250
rapidcity,Loft bed,00z0z_3g4EFIh9nvF,500
rapidcity,Wingback Tapestry Accent or Side Chair,01313_fw5Grc7hshD,60
rapidcity,Bar Chairs Stool Solid Wood Great Condition!,00i0i_adcNfNpqA94,80
rapidcity,Vintage buffet or sideboard,00303_16U1SjSnIId,45
rapidcity,Two cottage style footstools,00p0p_6EwdNHB01qm,15
rapidcity,SLATE TOP TABLE WITH IRON LEGS LIKE NEW,00n0n_7RE8GXeJBH8,150
rapidcity,Whimsical desk set,00S0S_bIXhfPJzo0z,200
rapidcity,For sale,00h0h_7GcccqzjWv7,400
rapidcity,lazy boy couch sleeper,00T0T_e8uhf8hSyiv,200
rapidcity,Oak Bookcase,00V0V_5mbbIBKsSrW,100
rapidcity,nice oak stool chair 24 inch high to the seat very clean only one,00v0v_a5Lm2R2dbbo,20
rapidcity,thomasville chase lounge and Couch with pillows,01515_h7pbGL7fqBS,500
rapidcity,home decor wall art & mirrors 20 each 2 for $30,00808_hONvZpWV69K,20
rapidcity,Laminate flooring,00303_3O7IJAjIqpw,50
rapidcity,Leather couch and matching chairs,00f0f_dZXw0R8UCJP,600
rapidcity,VINTAGE MID CENTURY KING AND QUEEN CHAIRS,00000_d4irVy8z656,60
rapidcity,Wine Rack,00Y0Y_iwtoTznlOF7,20
rapidcity,Floral Sofa,00R0R_amPYpTu9wzg,50
rapidcity,Kitchenette Size Drop Leaf Table,00d0d_eiaNRgWiJbn,90
rapidcity,Wood Mirrored Diagonal Shadow Box with 9 Spaces,00H0H_fYTegjQWK7C,50
rapidcity,"Round Table With Matching 11.5"" Leaf",00e0e_kvA6SylRJOI,130
rapidcity,Antique Solid Cherry Wood Table With 3 Leaves and Table Pads,01414_3rpoAKx1ZwM,1000
rapidcity,Couch for sale,00K0K_dnfMMckGfig,150
rapidcity,antique dresser,00V0V_dYqsVrpWeom,85
rapidcity,Upholstered Bench Seat,00q0q_f9KzbSclBuz,75
rapidcity,Complete Twin Size Bed - Cottage Style,00j0j_fRGj23mueHp,350
rapidcity,Wood Rocking Chair - Cottage/Primitive Design,00909_WcclL36gnO,70
rapidcity,Dining Room Set with Round Table,00D0D_4PzC1DMZuOr,425
rapidcity,Vintage/Antique Victorian Style Chair,00b0b_evi2cTb7ZbU,80
rapidcity,Oak Entertainment Center,00T0T_beLfgfCOwMR,125
rapidcity,Sectional Couch,00404_kFKwjOow846,400
rapidcity,Couch for sale,00x0x_8GsYlG8B5VC,100
rapidcity,Oversized Armchair with Ottoman,00Y0Y_1WX4E0Oa7AE,250
rapidcity,Curio cabinet,00s0s_2MPuBhSNgUF,125
rapidcity,Oak dresser,00e0e_1403UNi4OYN,100
rapidcity,Small Sofa/Futon,00l0l_gb1Gh4GMnE1,50
rapidcity,Sertapedic Twin with dark oak stained wood frame,00y0y_a6ADblEG42I,149
rapidcity,Coffee table/2 end tables,00m0m_l9GqKD5Wvsn,50
rapidcity,Large BistroTable/4 chairs,00r0r_1MixdHucQXC,100
rapidcity,Large standing mirror,00000_99M486SDhjv,50
rapidcity,Dresser/tv armoire,00w0w_4yDTB3aVT4m,75
rapidcity,White bookcase,00H0H_bBHK72lDSAD,20
rapidcity,White bookcase,00E0E_8VqJUh2uPb8,20
rapidcity,Braided Rug,00Q0Q_762JLBHcprF,150
rapidcity,Large rectangular rug,00I0I_7HGcjYFKAIG,75
rapidcity,Memory Foam Mattress,00h0h_aaPeSvLWtM8,100
rapidcity,Dining Room Table,00m0m_f01Q4QAFC3y,200
rapidcity,Armoire/Dresser,00Z0Z_jc045ccEqBd,100
rapidcity,Glass table and a set of 4 chairs,00202_3t0hv5Gv5oj,150
rapidcity,"LIGHT OAK ENTERTAINMENT CENTER ""BEAUTIFUL""",00D0D_iJg9HvMB8TI,100
rapidcity,Antique Dining Chairs,00o0o_lbuEdRKO3v4,150
rapidcity,Living Room Set (German),00K0K_ky3T3erVhyi,375
rapidcity,"Grandfather Clock, Heinz Stoll",00X0X_kT5GIaPRcg,300
rapidcity,king size bed,00j0j_5HUDJCbtCHW,250
rapidcity,"solid oak table 42"" x 60"", 78"" or 96""",00101_7ieV4Abba56,240
rapidcity,Leather couch,00E0E_3AX7VtXICvi,275
rapidcity,oak table and 6 chairs,00K0K_cJMRetsFZUC,425
rapidcity,Twin Foot & Headband,00W0W_6MVJBG9B8Rc,20
rapidcity,Table and 4 chairs,00o0o_CpTbNI28u4,500
rapidcity,"Chair, antique and reupholstered",00C0C_4HZ33w0hC5j,85
rapidcity,Couch / pull out bed & chair,00101_lYaSiqTfgWn,225
rapidcity,Couch pull out bed,00E0E_cUauGxJ3aHz,50
rapidcity,bedroom and living room furniture,00g0g_4fTL9manj1p,
rapidcity,High top bar table,01313_5Q3Ot9P4FGZ,180
rapidcity,Power Lift Chair,01111_lc2oM5D6liK,500
rapidcity,Solid Oak Kitchen Dining Table with 4 Chairs & 2 Bar Stools Nice Cond,00p0p_6eQXDySKwAC,395
rapidcity,oak table and 6 chairs,00q0q_gru33HWQPtI,300
rapidcity,solid oak table,00Z0Z_iARe4q4in5q,140
rapidcity,awsome large oak dining table and 8 chairs,00808_jiWxaUXQdeb,700
rapidcity,awsome large oak dining table and chairs,00D0D_p0yHgCAEMO,700
rapidcity,Eden Pure Heater,00O0O_3kIby6BfM1J,250
rapidcity,Vintage Dresser REDONE Unique SUPER CUTE,00D0D_lpolJFF1278,200
rapidcity,Midwest Folding Mobile Stage,00L0L_5kY32t1Kwwo,750
rapidcity,Book shelf,00X0X_wVodDMAMPm,50
rapidcity,Oak Coffee Table & Matching End Table with Glass Top,00E0E_eQmR21cnmQ3,150
rapidcity,FREE. Hotel furniture cheap.    FREE,00B0B_hPQiECFGOR,
rapidcity,"Moving Sale - Hunting, Generator, Doors",00q0q_6UmOExIKctK,
rapidcity,Ottoman,00b0b_3RHqYeYNLMh,75
rapidcity,Sofa,00u0u_31FUN67W3mK,500
rapidcity,furniture,01616_puEO4P7b41,1200
rapidcity,Beautiful Comfortable Amazing Couch!!!,00M0M_iKTGMrSNLsz,100
rapidcity,Bar Height 4ft Round Table & 4 chairs,00l0l_b9lw6acoO46,400
rapidcity,Hutch,00G0G_fH6wo1RE1lP,180
rapidcity,Tall China Hutch,00a0a_5EGi9Tfwcaf,200
rapidcity,"will buy broken dryers, washers",,
rapidcity,Sleeper couch and recliner,00k0k_6LNK2sSWAHI,600
rapidcity,King Size Headboard Make an Offer!,00A0A_1vbajM1hDh,1
rapidcity,Flat Screen TV Stand Solid Wood,00909_MWxvSNN7Kx,100
rapidcity,Comfortable swivel chair,00q0q_iA4zpgectK8,50
rapidcity,Double reclining love seat,01010_gqHSkjoK3Bj,200
rapidcity,Cleaning out the garage sale!,00Z0Z_fkBCkea3UzJ,
rapidcity,Antique Dresser with Mirror,00G0G_hxahIwV9YFv,150
rapidcity,Salon equipment,00808_86Jilg0Kaku,
rapidcity,Grey TV stand,00f0f_lzSvjftPsB9,45
rapidcity,Reception chairs,00p0p_850k3nvRYAL,110
rapidcity,file cabinet,01212_2iLKzjzE3hQ,100
rapidcity,Pictures,00j0j_b4kIK7cY9Bw,200
rapidcity,2-KITCHEN STOOLS. SWIVEL. BOTH FOR,00101_geI968CG0Yf,55
rapidcity,nice oak table and 6 chairs,01414_fjWBxB8Vi0z,500
rapidcity,"LOVESEAT, FLOWERED. WITH 2 MATCHING PILLOWS.",00Y0Y_bQB99TgHOXU,49
rapidcity,rust color distressed style fire place poker broom set bracket & stand,00Y0Y_gJ58R1OlznN,20
rapidcity,rocker chair arm livingroom chair large comfy,00N0N_jYO3OlyNyKP,20
rapidcity,4 pc bedroom desser set vanity dresser w mirror tall boy & night stand,00e0e_bL8R0dNmNrd,200
rapidcity,bedroom or hall mirror,00x0x_iLhv7MzmrvN,20
rapidcity,Table and chairs,00606_eijd4iFBeDH,300
rapidcity,Table and chairs,00H0H_gpNOk9LPuTK,400
rapidcity,Table and chairs,00n0n_5FtCatyWntg,400
rapidcity,Metal and Glass desk,01111_3147wn6zN18,20
rapidcity,Vintage Hand Carved Trunk,00w0w_5z8s5LPEi8M,75
rapidcity,Lazyboy Recliners,,400
rapidcity,Oak Entertainment Center,00y0y_27NzejchPQi,35
rapidcity,IKEA Hemnes Cabinet,01414_bIB6TUqTj0H,100
rapidcity,IKEA Brimnes Queen Headboard White,00W0W_f9lJBtOaWWr,130
rapidcity,Entertainment center,00T0T_2vRuToNn9LR,250
rapidcity,Full Size Bed and Headboard,00f0f_eeEukEcicGI,100
rapidcity,Ladder - Solid Oak - 10 feet long,01717_73uvfj5efor,125
rapidcity,Desk - Hall Tree style,00f0f_cYbcEwa7Umv,150
rapidcity,Storage Trunk,00v0v_i4eNONIZ3KG,25
rapidcity,Pool Table w/ Conversion Top,00E0E_dN6P9UEcjSf,400
rapidcity,"Twin Mattress, box spring and frame",00f0f_a5GoGwa7vi1,50
rapidcity,Solid Oak Table and Chairs,00k0k_9WwqS3x8ixZ,250
rapidcity,Kitchen table,00H0H_b8RPc0prq6M,200
rapidcity,Table,00H0H_b8RPc0prq6M,200
rapidcity,"Wood desk, chair, rolling mat for chair",01515_8COhkAEJbxA,1500
rapidcity,Geg Copeland Orig. signed mirror art 1973,00e0e_9ohzWH7gzCU,300
rapidcity,Western wing leather recliner.  Good clean cond. Lane.,,75
rapidcity,Large desk,00n0n_2CWfJ9r3cx9,35
rapidcity,King size wooden bed frame with drawers,01717_bEYanI03GYh,75
rapidcity,Coachella Valley corner hutch and entertainment center,00j0j_1mjKY6wVfRR,100
rapidcity,Solid Oak Entertainment Center,01515_bF9Bici30do,275
rapidcity,Like New Electric Double Recliner For Sale,00808_2YrDJYxGwbZ,800
rapidcity,denver mattress durango king,,80
rapidcity,5 counter stools          $45 each,01515_lS1DM0sR4dz,
rapidcity,2 oak chair with arms,01515_jkXD3uDygX3,75
rapidcity,2 full leather couches and chair with ottoman,00x0x_4RwFbxsW4AU,1100
rapidcity,"(2) 1 pair contemporary arm chairs, office, sitting area modern style",00a0a_bI4UaRs3mpl,20
rapidcity,"smaller size hutch for kitchen or dining room, has glass doors at top",00w0w_oMkptk4wHs,50
rapidcity,Rock and hollow log table,00u0u_4eG4PYrD7Mj,100
rapidcity,Handmade Wooden pine table,,900
rapidcity,Couch and Loveseat,00707_f01sfjDDHOQ,
rapidcity,Sectional,00a0a_gsVmySv6vyf,
rapidcity,Dinette Sets,,
rapidcity,Swash dry cleaning system,00Q0Q_kZY69saetml,
rapidcity,Electric Fireplace TV Stand/Entertainment Center,00808_VXBYg1I9V6,150
rapidcity,Vintage Mid-Century Table,00F0F_hSMl5rU2BAR,135
rapidcity,Bassett Mission Style China Hutch,00f0f_g6CN19QMfqB,275
rapidcity,Antique oak 4 post bed,00T0T_k1dW5Pv2ICo,350
rapidcity,Coffee Table and 2 End Tables,00p0p_aRWLOTCoXsQ,175
rapidcity,West Elm furniture,00t0t_5xuZrYEcQz0,575
rapidcity,Loveseat in Great Shape,00r0r_6qbn9BYKH96,100
rapidcity,AREA RUG in Spearfish,00s0s_cjoDjhrdJHC,150
rapidcity,"Dining Table, Antique Dresser, Granite Bar table",00O0O_h5fAmw4ffjt,
rapidcity,Fine leather chaise,00E0E_2aZmVyu05J5,200
rapidcity,Upholstered Oak bar stools,00505_dwk2Q9V1cWN,120
rapidcity,oak table and 8 chairs,00d0d_cpQEY1ngsPn,600
rapidcity,table and 5 chairs,00a0a_gaSUyN7d9F9,400
rapidcity,Log furniture for sale,00S0S_cdjr0tFY74M,750
rapidcity,Filing Drawers/ Upper Cabinet with Wine Rack,00a0a_8s5lmz9u5II,
rapidcity,Bed Frames,00A0A_fBdTXNxJESO,750
rapidcity,vintage stuffed rocker rocking chair great project to recover or keep,01414_9EyynFWHRWi,20
rapidcity,Solid wood bench,00T0T_dh26Z5Ns9lP,125
rapidcity,LOG FURNITURE NOTTY PINE TABLE AND CHAIRS KITCHEN DINING ROOM TABLE,00s0s_5oJ1DVcCVPw,50
rapidcity,2 quarter sawn walnut end or coffee tables tops need new finish,00k0k_6d1uEYyWtpw,25
rapidcity,floor lamps lamp 3 light or pedestal,00r0r_2nCzvxbkUPT,20
rapidcity,Oak table and cjair,00F0F_fsp286wQiHc,475
rapidcity,Recliner Navy - LIKE NEW HAND MADE,00n0n_hOO4RFKDaQq,150
rapidcity,Side Table Black,01111_lBUoyNj93CU,30
rapidcity,Coca Cola bottle pop machine,00c0c_gT2x7Q6rp6y,450
rapidcity,Perdue Espresso 4 Drawer Dresser,00H0H_SVAyWQFcpi,80
rapidcity,Marquis Everyday hot tub/spa - 5 person,00y0y_aDUk2m30NDn,3200
rapidcity,Spartus clock,00g0g_aio8Iaz2CGY,5
rapidcity,Area rug,00Z0Z_c2Pki2TrZ0K,80
rapidcity,Brown Pillow Back Couch,00c0c_fImcBOo2DsN,350
rapidcity,Small round table,00o0o_ak8ENBXi4F0,35
rapidcity,Wooden high chair,00101_drdAKXiS3IM,10
rapidcity,2AA Speakers,,40
rapidcity,2 Lamps,,20
rapidcity,Fake flowers with brown vase w,,10
rapidcity,Speakers,00V0V_lyRL16Xcc5R,150
rapidcity,17 dishes with glassware,,25
rapidcity,Fake flowers with brown vase w,,15
rapidcity,Wooden high chair,00101_drdAKXiS3IM,10
rapidcity,Lamp,,20
rapidcity,CNA/Bath Aid/ LPN,,
rapidcity,Retro Curved 3 pc. couch,00101_7tRLSQUsTos,200
rapidcity,Bed room furniture and matching desk,00x0x_lYetHRgZxF6,150
rapidcity,Aquarium and Stand,00000_lN04LXW8Qrx,85
rapidcity,Good condition Recliner,00M0M_lQiwSNtGjoL,100
rapidcity,Childs Rocker,00e0e_M5k4jdb5ti,125
rapidcity,handmade wood& glass Italian hutch,00J0J_eQRzHWtWxFm,3500
rapidcity,dining table and chairs,00t0t_gZijiYTx57I,375
rapidcity,table and 4 chairs,00404_4ZRikQyDMEW,325
rapidcity,pair of bamboo or rattan lamps with shades get both for only $20,00q0q_8QiuycNmaad,20
rapidcity,red & paisley wingback office executive smoking chair recliner too,00F0F_dqZ8eCOfucJ,45
rapidcity,mini 3 drawer dresser bureau drawers,00Y0Y_gLJZic9wSC4,40
rapidcity,office chairs desk chairs light blue to grey 2 for $10,00i0i_aoxgS5AaaSy,10
rapidcity,Light oak dining room set,00909_adjvP5vD0sd,175
rapidcity,Green Choice Bliss Mattress Queen Size,00D0D_lENqxFqXAZw,350
rapidcity,Bedroom Set,00S0S_lOnA7jRseBy,800
rapidcity,Leather Sectional - BEAUTIFUL,00j0j_h76a7iyNwUs,2200
rapidcity,Leather Couch and Love Seat,00H0H_g7lPpD9z6G5,550
rapidcity,Chaise Lounge,00l0l_3cj8Vi5kx5w,125
rapidcity,Rollers for Chairs,00O0O_gZZ6HqAuJNa,50
rapidcity,Solid wood desk NEED GONE NOW!!,00V0V_jPoqRn1aBoa,100
rapidcity,92 Pocket 4-sided Rotating Metal Display Rack,01212_19PLjNgTF9y,195
rapidcity,Futon,00g0g_7tiKMaQFAQv,90
rapidcity,Couch Bed,00909_jxI1eYU3BMW,90
rapidcity,Coffee Table,00h0h_9KQjOJJ1Rzr,35
rapidcity,Hide-A-Bed,01111_iGEWoiVbyU0,50
rapidcity,Couch in good condition,00i0i_kVJ47GnsMSS,60
rapidcity,(2) Desks and (2) File Cabinets,00p0p_80Kz7tPvm69,350
rapidcity,Love seat and chair,00404_pgFZYQv0lq,175
rapidcity,Full size bed memory foam,01515_5jRexFp29fS,25
rapidcity,Rocking Chair,01616_hya9acNRiQk,30
rapidcity,Electric brown recliner,00j0j_l8NxlTfJFxK,50
rapidcity,futon for sale (rapod city),00T0T_a1bMEGcmA3Z,50
rapidcity,Old school Locker,00w0w_gnu6lEJ5QJ8,150
rapidcity,Light Fixtures for Dining Room and Foyer (Excellent Condition),00000_aBkg4wXq8Ec,150
rapidcity,Glass TV Stand,00U0U_kApNx1pFFC0,85
rapidcity,Log Red Cedar Queen bed frames,00x0x_aylrNmzblaj,650
rapidcity,White Twin Sleigh Bed with Trundle + 2 twin mattresses,00q0q_iqXdg3blXo9,175
rapidcity,Large couch,00Z0Z_juxymjMRrzf,325
rapidcity,70's retro redesigned dresser,00O0O_jnOBZgwMrw9,349
rapidcity,Glass shelf unit,00A0A_evveVrHCTWn,40
rapidcity,Office desk with cabinets,00n0n_6WI70LahXv,40
rapidcity,king size water bed,,100
rapidcity,Corner Entertainment Center,01515_cpdhENd37v0,20
rapidcity,Couch (with pillows),00a0a_hryB76zV0pQ,200
rapidcity,2 RUSTIC ROCKERS ADULT & CHILD'S LODGE LOOK,00404_2LycioV1DGn,250
rapidcity,Log twin bunk beds,00B0B_dCXQu3NqOkK,1000
rapidcity,Computer Desk,01010_bztbLAQQyi7,75
rapidcity,La-Z-Boy Sofa Sleeper,00K0K_bRuNjpt8rCn,200
rapidcity,Heavy wood beam - Mantle,00j0j_fK5LC7bmFNJ,20
rapidcity,Drexel Heritage Baker's Rack,00v0v_bdZ073lWibY,250
rapidcity,Good quality lamps and pair of chandeliers,00f0f_d0JywVxOAde,
rapidcity,Black Glass Computer Desk,00000_cNsvyB8MVes,75
rapidcity,Home theater recliner,00M0M_1ArzXJEXFtK,150
rapidcity,Curved Wood Laminate Desk,00Z0Z_5UEjtBBf5FX,90
rapidcity,2 Sears Mantua Universal Bed Frames/2 Pefect Sleeper Box Springs,,
rapidcity,Sears King Size Bed Frame/Serta Perfect II Box Spring Set,,
rapidcity,Computer desk,00d0d_k4KzvYp6eNG,50
rapidcity,Dining table w/4 chairs,00w0w_gYyj30MubRo,50
rapidcity,Kitchen table and chairs,00y0y_iSvaJDPGxLx,50
rapidcity,Coffee table & end table,00B0B_cDSjywQzZDU,75
rapidcity,2 swivel stools,01111_dxFtDOcus3V,75
rapidcity,oak chair with arms,00u0u_iCyrZu4PDdd,40
rapidcity,small table,00O0O_36GmWyIavoP,75
rapidcity,Chair,00h0h_1DxD4LVlelH,25
rapidcity,Leather Sectional with Queen Sofa Sleeper with one Recliner,00h0h_co7FZJqtzEo,550
rapidcity,In search of desk,00W0W_15W0ejGgkJ6,
rapidcity,2 swivel stools,00F0F_kIaz7Iv0iV0,75
rapidcity,Loveseat recliner,00i0i_bmRQ7zj6hpe,100
rapidcity,Harley Davidson Pool cue rack,01111_eskQbDZ1GCM,75
rapidcity,Barstools,00O0O_j8cVIaYzHPe,150
rapidcity,KITCHEN TABLE WITH LEAF,01010_cGKvLz01AkO,10
rapidcity,Table chairs dressers side table hotel,00Y0Y_hYQwdC9D7Zz,
rapidcity,Cochren Sofa/Couch - Extremely comfortable/in great shape,00V0V_7ISOqTtd8wa,135
rapidcity,pub table and stools,00g0g_90z1ItErV51,200
rapidcity,45 gallon fish tank and stand,00v0v_1aVg7pHbfv2,250
rapidcity,"King bed, matress and dresser",00Z0Z_dHZq9k1pJwC,600
rapidcity,7 Piece Solid Wood Bedroom Set,01414_kX1vuLDsn1I,1800
rapidcity,FULL SIZE BED,01717_g3w7gljuGCP,500
rapidcity,Stairs loft child twin bed,00F0F_49v1RGaZg7C,500
rapidcity,Glass TV Stand,00M0M_41T7jZVWo2V,80
rapidcity,Wicker dresser & bed-side table,00F0F_9FWvLBBakwk,100
rapidcity,Matching dresser & bed-side table,00v0v_d4tbvs27NPT,100
rapidcity,Power Recliner Couch GREAT SHAPE,00S0S_gpzfmXJopRu,400
rapidcity,ANTIQUE WICKER SIDE TABLE and STRAIGHT CHAIR--WHITE--EXCELLENT COND.,00L0L_8Sc4SDwNEiy,60
rapidcity,ENTERTAINMENT CENTER: TV and MEDIA CONSOLE,00P0P_3W15KqgW26i,350
rapidcity,Vintage Wicker Shelf,00t0t_eLsZwuknEd0,17
rapidcity,"48"" round extends to 96""",00w0w_7asLuz7LVnn,150
rapidcity,Round Rattan and wicker chest/table,00K0K_cGE7YnDKREr,75
rapidcity,Queen adjustable Simmons Beautyrest,00505_28fwh9CNVpa,1000
rapidcity,Solid oak entertainment center,01111_amYPSmeGXRa,200
rapidcity,Bunk Bed,00V0V_jceZSb8E1cV,150
rapidcity,Side Table,00B0B_3jVQIqd7sXp,50
rapidcity,Couch & Chair,00C0C_10zT9agnIo2,600
rapidcity,full size box spring and matress,,30
rapidcity,2 drawer file cabinet,00d0d_eatWhfgmssn,15
rapidcity,TV/Gaming chair,00C0C_cbaxJ8N3oHp,20
rapidcity,Queen Size Foam Mattress and Frame,00O0O_eQgeFAXxogu,500
rapidcity,pub table and chairs,00W0W_4Dh3zVUvNUf,220
rapidcity,Couch- Thomasville,00N0N_fLe4QS9PWim,225
rapidcity,chairs  $20 each,00s0s_gr6OzSshwlW,
rapidcity,set of 6 oak chairs,00n0n_70uPrHpK24s,200
rapidcity,set of 6 oak chairs,00i0i_YR5837j3S6,250
rapidcity,Large area rug,00L0L_jcAHkF8BoTy,50
rapidcity,Twin Bed Frame - White,00X0X_esv3FU5Xxva,90
rapidcity,Leather Chair,00N0N_9vw4UeZcQ3o,350
rapidcity,Round platform bed queen size,00h0h_FtfXqhwr6n,250
rapidcity,Couch/Sofa,00N0N_2ysGNSRaLrX,100
rapidcity,8 dining chairs,00404_8UkaJtpFMpr,400
rapidcity,"Bar Stools: A pair of  30"" high / Swivel / Heavy duty/ Metal",00Z0Z_89mPWvJslJ2,95
rapidcity,Used Desks,00i0i_jRoMgww3DhZ,75
rapidcity,Leather recliner- italsofa,,100
rapidcity,Super Single Waterbed,00B0B_aUxfTeuEPBU,40
rapidcity,Wildlife photos,00I0I_cEUPdRN8aah,60
rapidcity,Dresser,00P0P_4dszk3eZjpg,60
rapidcity,TOY BOX/BENCH (B),00a0a_leZ5k55KJRS,90
rapidcity,4 Piece Entertainment Center,01010_77ztlc5yubU,800
rapidcity,Early American Style Chairs,00e0e_2JusGJTK7fe,175
rapidcity,Bed Table,01010_1OrExNJPjHb,80
rapidcity,"Granite Top Bar Table, 8 bar stools",00b0b_lOrSITOGNlG,700
rapidcity,Dresser,00L0L_9jWL7ACAnMQ,50
rapidcity,Solid oak table and 4 chairs,00t0t_akgtvwELWhe,150
rapidcity,Oak Futon,00202_90SYAOiKZkj,135
rapidcity,Midcentury Modern Dresser,00b0b_bXwwRDBtam9,150
rapidcity,Oak dining or multi-purpose chairs (set of 4),00k0k_bGQplytFxUv,175
rapidcity,Oak dining or multi-purpose chairs (set of 4),00404_i38hEHAzRXt,175
rapidcity,Glider Rocker and footstool,00S0S_6BNvISyVLDR,35
rapidcity,Filing Cabinets,00k0k_eVFbnoUTgVS,20
rapidcity,coffee table and end table,01111_4OmZl47Ym2x,100
rapidcity,Desk,00b0b_ZdQV0EvlvW,100
rapidcity,Wedding/Event Arbor,00s0s_2IjZCvTLi0i,400
rapidcity,Coffee table and 2 end tables,00r0r_lN4ge2CJsSs,50
rapidcity,Coffee and End Tables,00H0H_hy59IBPPyiB,220
rapidcity,Table and China Hutch REDUCED,01111_5pjy69Q4xSS,1
rapidcity,TV Stand,01212_c21wwiXFeGC,150
rapidcity,Laptop desk,00y0y_kTHEHLefOhC,300
rapidcity,3 tables,00R0R_b0mI8k7ZE0E,50
rapidcity,Queen size bed with Frame with 2 dressers,00M0M_84l94bwdcKY,175
rapidcity,Looking to start selling refurbished furniture,00808_lLXTRYwrow8,
rapidcity,Refurbished Bookshelf/Bookcase,00X0X_kteQav9GXEY,
rapidcity,High back chairs,00c0c_7bvd7R2AEdY,425
rapidcity,Cherry-wood coloer table,00Z0Z_KTWcSVIKmA,125
rapidcity,Sofa couch chair,00W0W_ckvsbMeCVo3,10
rapidcity,"Office Desk, good condition",01010_8HMNlrZJOs1,25
rapidcity,Lots of Desks and Shelves,01414_95N9OxVrYI4,20
rapidcity,Lamps $30,00I0I_9BwbIEzbO9s,
rapidcity,Lamp $20,00n0n_iIGfEs6pUML,
rapidcity,7 Piece Livingroom Set,00m0m_3v14gwpAcb4,350
rapidcity,Table lamps,01010_4dYYz7gDvYl,50
rapidcity,Table / chairs,00y0y_9reTRjidD05,250
rapidcity,Couch for sale,,50
rapidcity,7 piece Raton Dining Set,00n0n_5HWDTbC2PxV,100
rapidcity,Sleeper Sofa,00r0r_1mJfVm0BzZR,30
rapidcity,Recliner - Beige,00505_2E3iaKAD9UP,50
rapidcity,Couch & recliner,00S0S_j6o4Xm2zLiN,250
rapidcity,Mirrored Side Tables,00j0j_h8BecqUeefF,100
rapidcity,Sectional Sofa,00707_7TiQC1zQFxd,550
rapidcity,Oak end table,00P0P_1tWxIqUvZcP,15
rapidcity,Living room furniture,01515_cNnC5tBKXrS,700
rapidcity,Wanted - Metal Twin Platform Bed Frame,00V0V_lEHCCKPoJam,20
rapidcity,42inch Glass Round Dining Table,,150
rapidcity,Bunk beds or 2 twin bed frames,00S0S_iYxBUSBnRf4,100
rapidcity,Coffee table and end tables,00X0X_lCn1vBijqOO,60
rapidcity,Barn wood side tables,00g0g_1py3435PNVf,125
rapidcity,Swivel barstools,00n0n_jWiGDe1HPDI,20
rapidcity,IKEA Poang Armchair,00J0J_1T8dUHcwMIg,30
rapidcity,Vintage Duncan Phyfe style drop leaf table,01111_cOaNFVS9Tsb,100
rapidcity,Hutch,00303_bV3QCbOobzF,75
rapidcity,Steelcase desk,00I0I_9dkxeW6NHk,80
rapidcity,DINING CHAIRS,00m0m_ax7EtonDHWa,75
rapidcity,Amish handmade Hickory Rockers,01616_bvoZdr7XWXK,200
rapidcity,Solid Oak Amish Bedroom Set,00R0R_eX8ZmzqjNXF,4500
rapidcity,"Brand New West Elm QUEEN Headboard, still in box",00B0B_alwjxhxffe7,225
rapidcity,Loft bed and desk,00g0g_n007KuNRYO,250
rapidcity,HON 4 DRAWER LATERAL FILE in Spearfish,00909_4xWV7oTSzfR,375
rapidcity,Solid Wood Rocking Chair,00Y0Y_loUJijbSnt1,45
rapidcity,Grandfather clock,00909_d7AR4HfNhzC,250
rapidcity,Padded rocking chair,01515_1Gt9YkUS6JZ,30
rapidcity,Retired/discontinued Thomasville Executive Leather Office Chair,00w0w_l1J9EPp6JgP,500
rapidcity,6 Inch Spring Full Size Matress,00505_BWQXQiGQaA,50
rapidcity,Electric Fireplace and surround - $500 (Rapid City),00y0y_kH7RiYIZ5lR,500
rapidcity,8' Oak Bar $200 OBO,00W0W_2qzDwmUwJBE,
rapidcity,New Folding room divider,00B0B_4kbXAWbBYXg,25
rapidcity,Kitchen Table,00N0N_luBC19EpfIw,100
rapidcity,Office Furniture,00b0b_1H8Tj6Jej03,575
rapidcity,"Trundle bed, twin, pop up style",00T0T_7IntsbGq1vc,50
rapidcity,Sleigh style bed,00y0y_fByJXMsH4oA,150
rapidcity,Entertainment Center,00505_klM2bJTW8BY,200
rapidcity,Couch,00z0z_fRibHg0ulGW,75
rapidcity,China hutch,00707_bqW3xPDAbEN,500
rapidcity,Oak table and chairs,00x0x_5f602MHnAn,600
rapidcity,Gold Trimmed Mirror,00j0j_fvhwRtT2RgT,75
rapidcity,Picture,00d0d_lawrKaQWElW,75
rapidcity,2 END TABLES w drawers,00V0V_a50drkWzuqq,50
rapidcity,AREA RUG in Spearfish,00A0A_eZJt21QkfRp,100
rapidcity,Swivel Bar Stools for Sale,00P0P_j4ZZG86CEXz,30
rapidcity,Entertainment Center,00F0F_e1unee1cCyu,25
rapidcity,Extra Large Swivel Chair,00H0H_eO7qwPG0LN,250
rapidcity,California king bed and dresser,01717_3WA559naZfa,2500
rapidcity,Oak china cabinet,00S0S_kEvREDFWCYI,600
rapidcity,Bar Height 4ft Round Table & 4 chairs,01414_jXs4pBET8ku,700
rapidcity,MCM side table,00U0U_lrh0yidGP8v,20
rapidcity,Lighted hutch,00v0v_kT8pOYeHgpv,75
rapidcity,Roll top desk,,300
rapidcity,Office Workstation Computer Desk,00i0i_dIpQ75YYiTV,130
rapidcity,Children's beds,00E0E_iydpp5a4gsS,100
rapidcity,Clicker futon,00C0C_5ZVFB78V7ZY,75
rapidcity,New Couch,00w0w_eJ9ZydH1OP,650
rapidcity,Queen Bed Frame/Headboard,00j0j_2GaaukwISP2,25100
rapidcity,Old child's school desk,00V0V_d93FQ8EFY4t,50
rapidcity,Leather reclining couch,01111_eYy7tX5MlJu,50
rapidcity,Bear table with glass top,00H0H_3dWvEmzU7Og,100
rapidcity,Living room set,00505_bZkIrkmEVPF,1500
rapidcity,Bed Set,00n0n_7QZM2fq2P2t,2000
rapidcity,ANTIQUE EASTLAKE BEDROOM SET-- LATE 1800s--BED & DRESSER w/MIRROR,01111_10SDmoWg4um,
rapidcity,SLEEP NUMBER QUEEN BED by select comfort,00x0x_1Mbq4mCF4KL,445
rapidcity,Beveled Wall Mirror,00O0O_7XKhALc5JkL,15
rapidcity,"Very nice sofa ""Pit Set""",00202_86BAqnnuaP1,950
rapidcity,Eden Pure Quartz heater,,100
rapidcity,Furniture,00b0b_71SJnWRTgdi,150
rapidcity,Hon filing cabinet,00000_46Y5l1MtWfV,150
rapidcity,Beautiful large cherrywood cabinet,00z0z_d3V9VRd5d8E,800
rapidcity,Two Twin Sized Wooden Bed Frames,00W0W_9b842v9O1OA,150
rapidcity,Wooden cradle,00l0l_6HrxSU3bqDR,150
rapidcity,Solid wood desk/ bookcase/ file cabinet,00y0y_e79pldj8qRi,500
rapidcity,Cat Furniture,00d0d_1EhgJitkgWq,200
rapidcity,Cat Furniture,00D0D_aMLaN9pudcN,175
rapidcity,China Hutch,00Q0Q_gvGWR7qxOMt,100
rapidcity,Dog Furniture,00w0w_gYHPZemoEBU,100
rapidcity,Cat Furniture,01212_89nEBaA5fa6,150
rapidcity,Cat Furniture,00Y0Y_85UNnNJ7vRP,175
rapidcity,Granite Bello Square Counter Height Dining Room Set,00A0A_jwCYMge31Q4,600
rapidcity,Tempur-Pedic Mattress & Adjustable Bed Frame,00606_atEJPT8J5OD,2500
rapidcity,3 piece entertainment center,00i0i_lN9I0O6Kqz6,50
rapidcity,Patio Furniture,00l0l_5IOZG356tBE,25
rapidcity,Desk chair,00s0s_7t07DBHSVzk,20
rapidcity,sofa sleeper/ hide a bed,00R0R_9MbCYrUbQqg,50
rapidcity,Swilvel bar stools,00M0M_hP1ZEaTVmu,50
rapidcity,Lawn Furniture,,100
rapidcity,Furniture for 1$ or Free,01010_2EP4hkMQBRv,1
rapidcity,Twin Beds from Freeds -  $200 each,00T0T_k021vR3E7rT,200
rapidcity,Burl-wood finish cabinet,00u0u_bfT5ZGWrA5U,45
rapidcity,King Denver Mattress,00606_e65pxZm9OeD,450
rapidcity,Love Seat,00X0X_9CtOBcusKRB,20
rapidcity,Oak  computer roll top desk,00Y0Y_ckuh8qYPUdF,2000
rapidcity,Child size antique desk,,25
rapidcity,Stacking Chairs,,5
rapidcity,Metal bunk bed,00101_hVjvLNjE6TO,100
rapidcity,Rustic dip can lid tabletop,00x0x_c0hyk7OKLil,35
rapidcity,Twin Headboard,00606_ib9G8C8neTe,15
rapidcity,Chair Cushions (4),00e0e_9o9FsiAtz04,20
rapidcity,Full size head and foot board,00g0g_cytDsEgal83,40
rapidcity,"END TABLES, MATCHING",00Q0Q_wf6XvICz1e,40
rapidcity,Twin Trundle Bed,00O0O_iJPYpxt9LnC,25
rapidcity,Oak Chairs,00M0M_hKhmr1oMNoh,15
rapidcity,Daybed,00x0x_8vzSppqU6CI,50
rapidcity,Pottery Barn Twin Bed Head board and Footboard,00y0y_amTPN82pFt4,40
rapidcity,Sofa Table,00W0W_1b5ayaC0MZm,150
rapidcity,Antique Ice Cream Table and Chairs,00303_3yjkuSjhQJ5,110
rapidcity,Custom Blue Stained Furniture,00505_3QuzxeDGTT7,
rapidcity,Custom Log Lamp,00B0B_fylzKNSPDxr,95
rapidcity,Live Edge Coffee Table,00v0v_esThLUMwax5,395
rapidcity,Aspen Log Headboard,00j0j_dhIz7oGr9UY,700
rapidcity,Statue of Liberty Coffee Table,00Y0Y_7SLgmhPdQ35,175
rapidcity,Beautiful Stone Inlay Table w/ 4 chairs,00H0H_2gyXwu75YkU,375
rapidcity,Queen Size Oak Four Poster Bed,00j0j_lhfnOC7kSHD,200
rapidcity,Matching End Tables $25 each,00t0t_d7o0WjVYUr5,
rapidcity,Side Table,00i0i_8PwomIPlxrj,45
rapidcity,Wooden Bench $45,00w0w_6pguYP0qdD9,
rapidcity,Queen bedframe/mattress/boxspring,00c0c_hoci7cafH5A,400
rapidcity,GENUINE ANTLER WALL SCONCES--WHITETAIL DEER & EASTERN MOOSE,01717_4D5WwzWqoxM,
rapidcity,COMPUTER CHAIRS/Chairs,00Q0Q_61ptDSpZ8AN,20
rapidcity,New Price Loveset reclining and Rocker Reclining Chair,00g0g_308RaalVVJv,300
rapidcity,Bar stools 4,,20
rapidcity,Solid oak roll top desk,,375
rapidcity,Couch and loveseat,00P0P_i9kbWOukrgL,500
rapidcity,antique dresser,00w0w_92UcvvAZ22z,150
rapidcity,"Sofa, ultra suede, both sides recline, one year old NICE!",00n0n_dmU9zomE19G,300
rapidcity,Ottomans,00K0K_ipTLe78Crcy,15
rapidcity,Girls french provincial bedroom set,01717_3g67xToo85O,150
rapidcity,Rocker recliner loveseat and recliner couch,00X0X_b2TcSvXPl84,400
rapidcity,Parson Chairs,00m0m_iSpZC3YV7xa,50
rapidcity,Glass tv stand,00B0B_7zg8FdgEt7L,60
rapidcity,Dining room table with eight chairs and matching buffet hutch,00y0y_kUhyiOnJsJg,650
rapidcity,Loveseat and Sofa,00z0z_fYLYhgN7ZGy,200
rapidcity,"Custom sliding barn door console, handmade to order!",00909_bGsIRrJYWp4,700
rapidcity,Large swivel/rocking recliner,01313_lGHlrZZSPCQ,75
rapidcity,Dual reclining sofa,00z0z_6Sn6AFoX87X,200
rapidcity,REDUCED PRICE - WINE RACK,00505_dD2ki4Ey2d6,15
rapidcity,Oval dog bed,00v0v_kLYgK3Yc8cA,15
rapidcity,Slab Table and Slab Benches,00606_gN3Hy8yjIJu,650
rapidcity,Computer desk,00202_lgudGJx5yqT,125
rapidcity,Couch/loveseat,00c0c_iTf8Iw6frZn,175
rapidcity,"Loveseat Hideabed, Coffee Table",00A0A_aMucIPm6PGb,1
rapidcity,Solid TEAK Dining Table with Leaf and 4 Chairs Denmark,00z0z_CTZuleZeSS,800
rapidcity,Vintage Mersman Table,00h0h_1SDE5mAQ93i,225
rapidcity,Love Seat,00X0X_9CtOBcusKRB,50
rapidcity,5 piece rattan wicker dining set,00Q0Q_c67GXVnzi2,600
rapidcity,Small Love Seat,00D0D_3Qji0E7hnKy,100
rapidcity,"dining room table, 4 chairs, bench",00000_bOWqZLqWyBk,150
rapidcity,Cherry Bench,00101_jrrghraY65Y,280
rapidcity,Cherry Bench,00101_jrrghraY65Y,280
rapidcity,cherry wood table and chairs,00w0w_bJR8jBCHtSg,200
rapidcity,Queen bed frame,00U0U_d6LP33xyL5u,500
rapidcity,FLORAL PATTEREN FULL SIZE COUCH,00F0F_ex6Rb3YyH4f,40
rapidcity,Coffee Table,00o0o_iXrwS5BKx8Z,40
rapidcity,Table with 1 leaf and 4 chairs,01414_k8zOI7NuciG,120
rapidcity,Sofa/hall table,00G0G_3QDoVE6BJXH,60
rapidcity,**For Sale** area rug,00S0S_eQsTK9Wp9jb,100
rapidcity,Desk,,90
rapidcity,Cute Old Bench ~ Nice Legs ~ Great For Outdoor Fall/Christmas Decorati,00202_a8tjBjpofL4,50
rapidcity,Handcrafted coffee table,00U0U_4KSOWDE6pQW,1500
rapidcity,nice,00404_6IAkeDnbpX6,49
rapidcity,Banana chair,00p0p_lkfzBJttgOr,15
rapidcity,High Quality coffee table & two end tables,00T0T_3qHyJ0x7ZXT,175
rapidcity,Desk,00F0F_76wM4anH8m,40
rapidcity,45 gallon fish tank and fish,00i0i_gFi9g1qHQOs,300
rapidcity,Dining Room Suit - 11-piece,00101_jYfrUfzRngl,1500
rapidcity,Chromcraft bar stools,00606_hyAn17KWIJQ,800
rapidcity,bathroom cabinet,00n0n_iRUEVlyl7Gq,30
rapidcity,Box Spring,,20
rapidcity,Desks and Chairs,00B0B_heFi9zXbU3M,150
rapidcity,Curio,01616_2RP6Z9DSzOB,250
rapidcity,King sized headboard with storage,00000_2gbgz1q1NgW,75
rapidcity,Comfortable sectional with chaise lounge,00202_1Tcr5YcSh7R,500
rapidcity,Coffee Table,00L0L_JCx1PLAizA,35
rapidcity,Barn wood Headboard,00s0s_k44r4GE6GhH,200
rapidcity,Barn Door,00t0t_51qZ8SvZeqb,150
rapidcity,TV Stand or Hallway Table,00T0T_jMmywxCmg6B,125
rapidcity,Wine rack,00D0D_2bvYHJPyu4l,75
rapidcity,Full-size waveless tubular waterbed,00505_3jQ6cJJXeNq,20
rapidcity,Duncan Phyfe style table and chairs,00V0V_8R9bajupJ5,275
rapidcity,Armoire,00Y0Y_8RBVmysAw7U,75
rapidcity,Store displays,00o0o_iRT5dHIQRI5,300
rapidcity,Cherry Entertainment Center,00x0x_clYdLYwnpcj,400
rapidcity,Chenille Couch,00j0j_8J9PNVDuNY9,375
rapidcity,Like new queen size pillow top mattress with boxsprings,00b0b_fqR2UmUFAVC,400
rapidcity,Like new king size mattress with box springs,00R0R_e47V4cBQ1fM,500
rapidcity,Antique Library Table,,350
rapidcity,Metal upholstered bar stools,00k0k_ksPvHG8az0w,20
rapidcity,Computer Desk,00O0O_gF2B2Bzs956,35
rapidcity,Loft Bed - Twin,00m0m_6BS7C37lih3,150
rapidcity,Reading/Lounge Chair,00s0s_lm7kKcIrQss,100
rapidcity,"2 recliners, a loveseat, dining room set with 4 bar stools, & 2 stands",,
rapidcity,New Full size Serta wynstone mattress,00W0W_8opm6njgD43,150
rapidcity,"Full size bed with a frame, mattress and box spring",01515_R01rbUFhY4,400
rapidcity,Homemade solid pine furniture,00J0J_4uHw7p0vJyB,75
rapidcity,Dresser/Chest of Drawer/ Nightstands,00D0D_5yMulOtT9D5,
rapidcity,Matching Brown Leather Sofa & Love Seat,00q0q_cRgvJVMsKG3,500
rapidcity,Bathroom cabinet $40,00q0q_8GxrURW74JT,
rapidcity,Full-size canopy bed frame,00K0K_8LvdcWCPQKz,65
rapidcity,Medical exam table for sale,00k0k_dTrnsCAyoez,50
rapidcity,Mid-century Modern look Futon,00606_1TeJfU55Rr5,200
rapidcity,Oak Dining Set,00d0d_kGJmAHfyKjL,250
rapidcity,Bar,00x0x_aLiEiRTsDSV,359
rapidcity,"High TopTable, chairs and Stools",00w0w_awJ7QpMiibA,850
rapidcity,"Navy blue sofa purchased July 25, 2017",01313_lMs5aeFBHkG,600
rapidcity,Dresser,00707_7ovkyWSRrek,50
rapidcity,7 piece Garden Oasis patio furniture set,00909_9cMnzwGQfHa,200
rapidcity,Computer desk with hutch and file cabinet,01414_4KdekKo7rSw,75
rapidcity,Printer stand,00v0v_lvWkFhP7Eyp,10
rapidcity,Steel & Maple Kitchen Table,00E0E_jDR70U5TJXP,1200
rapidcity,PATIO TABLE:,00D0D_gGtjQln2qC6,50
rapidcity,Custom coat rack,00d0d_9iQ0poBgtoP,50
rapidcity,Corner Curio Cabinet Display case,00101_4qF9EiYi8IR,300
rapidcity,Queen Bedset In a bag,00y0y_fg1h880jCuv,15
rapidcity,Nice 6 person table,00000_lSQJZj1Um9W,200
rapidcity,Pine Headboard,00202_kiwtFp7IKr3,100
rapidcity,Petrified Logs,01111_8BuiR2ReyyG,300
rapidcity,Oversized chair and Ottoman,00Q0Q_lIc2fh4GPUF,75
rapidcity,Couch and Love seat set,00h0h_joAEDGNr9WJ,350
rapidcity,Beautiful Picture,00H0H_cZ5gfI3VYEo,75
rapidcity,Dining Room Set,00l0l_94Nflza3Mex,200
rapidcity,TV Stand,00j0j_aPN8mEKwqT8,30
rapidcity,Accent chair,00M0M_fNOMSBY7r11,275
rapidcity,King bed headboard,00o0o_3B0ZXSafsrC,40
rapidcity,Entertainment Center or ??,00i0i_fQvR1E1n2K,10
rapidcity,2 CD/DVD Storage Cabinets,01010_689hmC0bsHU,20
rapidcity,Bedroom Set,00R0R_91zwZkqsRyy,1000
rapidcity,2 matching twin bed headboard and footboard with rails,00j0j_EiV6wcR6oh,225
rapidcity,Maple Dining Table,00k0k_1HjsuI1EpoF,125
rapidcity,China hutch,00Y0Y_90YL0ubUoNt,100
rapidcity,"Queen Anne 4 post bed frame, headbd, ftbd",00P0P_6KZYBDs1yg2,135
rapidcity,Black Tempered Glass Stand - Three shelves,01515_92kF13NQ9e0,50
rapidcity,"Twin bed with Trundle bed, mattress, sheets",00O0O_lP178YJ8xvU,150
rapidcity,Picnic table and 4 chairs,00t0t_8UN0KByINoc,150
rapidcity,Grey Ashley furniture couch,00101_bsAiTKkVtRI,175
rapidcity,King Bedroom Set,00h0h_fTOSPXHPwMi,
rapidcity,King size bed,00B0B_aZdpxEnQLXT,
rapidcity,OVERSTOCKED,00s0s_5NaZ0y1V9Og,
rapidcity,LEATHER COUCH  AND RECLINER,,125
rapidcity,Loveseat/Small Couch,00D0D_knq2IBvEtrB,60
rapidcity,Dining Room Furniture,00606_cnnB3E0g6nj,500
rapidcity,Patio Furniture,01414_6Z4b42w6Zds,359
rapidcity,Bunk bed,00f0f_efzYudZxzJ4,100
rapidcity,Sectional Sofa,00m0m_eUc32AzW3w1,500
rapidcity,Reclining leather couch,01414_58MDIw4Ze1m,400
rapidcity,Furniture,,
rapidcity,Office desk,00L0L_4NSP7HJCcMd,75
rapidcity,Computer desk,00909_kNhNAHWSfUu,25
rapidcity,furniture,00l0l_1fnSGrgDFXC,300
rapidcity,Beautiful Brown Couch,00e0e_57jzgcYouSD,500
rapidcity,75 gallon fish tank,00M0M_ewQJWHlqPmD,250
rapidcity,Drop leaf table.,00t0t_bt6OJkk4Q6Q,100
rapidcity,Beautiful dining room table and chairs,00j0j_7KcfikoOzYH,899
rapidcity,Theatre seat,00T0T_2MW03WWBKI2,30
rapidcity,COUCH AND RECLINER,,200
rapidcity,American Flag Shelf,00X0X_5omjXEej07m,75
rapidcity,Bunk Beds Sets - Matress included - Bedding Optional - Like New,01515_lscRKm10qvC,285
rapidcity,Armoire 3 drawers,00R0R_csCwzhTrEam,50
rapidcity,TREE GRINDER,00909_lpLiGkQRSrl,60000
rapidcity,"Desk Table: Solid Cherry, Oak and Alder woods",00h0h_lMloQO2Kmuz,145
rapidcity,Gaming Chair with Speakers,01717_cTwmZ8nwtNI,215
rapidcity,White wire patio furniture,00a0a_hRMaO63DovW,50
rapidcity,TV Stand,00d0d_airuyhWcVKx,80
rapidcity,Newer high top table and chairs,,500
rapidcity,Oak Dining Room Table,00V0V_fU6dV4Dkk73,200
rapidcity,Pub Table and Stools,01111_cdWTKazBVjN,190
rapidcity,Reclining couch and Full-size mattess/box/frame,00P0P_7u7cF1g9yLK,600400
rapidcity,Queen bed,00r0r_a2qnltwtKC4,275
rapidcity,Leather Chaise,00606_7m4nM45CAJx,300
rapidcity,"Couch, Oversized Chair and Ottoman",00Y0Y_k21rNzoHv5D,750
rapidcity,Table and 4 chairs,00V0V_hz0A3DVfOzg,
rapidcity,Dining Room Set,00h0h_ldXrojNG1u6,300
rapidcity,Hide-a-desk,,50
rapidcity,Computer desk,00P0P_ehoOVOnZZOi,50
rapidcity,Entertainment Center and Corner Shelves,00505_bVgtRJE8IsB,275
rapidcity,Four month old oversized chair and recliner couch,00303_gJ67YZAJeEn,875
rapidcity,Couch and chait,00X0X_9NePHmKTcbB,400
rapidcity,"Motel furniture for sale ""take a look""",00I0I_gDPXAdV1ABp,1
rapidcity,Bench,,60
