southbend,Cast Iron Wood Burner Stove,00d0d_9iaiq1tra1g,180
southbend,Oak Curio Cabinet with Light and Door Locks **Awesome**,00h0h_8AKkX6w0tN9,125
southbend,Nice solid oak futon,00r0r_d746EO0z963,250
southbend,Wooden Entertainment Stand,00s0s_juJH4V4AnN0,120
southbend,Matching Couch and Loveseat,00P0P_Uy11agqxd1,75
southbend,Oak wall unit,01313_LPOUXZiiaQ,250
southbend,Oak end tables,00J0J_ek3LK0kPIO,80
southbend,Oak microwave stand,01010_2mrzlV5wPW,50
southbend,Oak nightstand,00I0I_4AAdhsnL1kd,25
southbend,Couch recliner chairs,01616_7dhZaIsaIXQ,600
southbend,"Buffet, traditional style",00n0n_1yUrUL47l55,100
southbend,"Huge rustic hutch cabinet 84"" t x 54 "" w x 21"" d",00101_h93eR6hLMT3,385
southbend,Dresser,00R0R_bpe7r3NQRpn,125
southbend,Vintage Rocker cane seat and back,00z0z_aOeddhBRdDJ,50
southbend,Dinning room set,00u0u_lyTvIKIrV2X,1500
southbend,Dinning room set,00u0u_lyTvIKIrV2X,1500
southbend,Bonavita Baby Crib,00y0y_iBJmedXVBL8,100
southbend,CHILDS 6 PC BEDROOM SET Excellent Condition,00e0e_bln3v0IPBLb,500
southbend,Lazyboy Sleeper Sofa and Loveseat,01313_iaSBYwkpTOr,500
southbend,Vintage Cane Chair,00m0m_glTfzrb5iWQ,10
southbend,Living Room accent Table,01010_18Ax9feFQDc,15
southbend,Vintage Wood Chairs with Woven Seats Set of 2,00w0w_fFSweC4NXUU,35
southbend,Thomasville Couch,00k0k_7haUDHU6P7J,300
southbend,Rattan Bar Stools set of 2,00m0m_5FBhf48CmyZ,60
southbend,Recliner Lazy Boy,00Z0Z_jRTlAksSi4K,200
southbend,Oak Curio Cabinet,01111_2y0kN6eO7D3,150
southbend,Couch and Love Seat for Sale,00k0k_jq1wQMpsVlJ,200
southbend,Leather Book Rack - Price Reduced,00303_e4NZIXSmfLe,20
southbend,Stereo Cabinet,01414_cpooh4sEHd2,30
southbend,Reclining Couch - Full Size,00b0b_glW13PFSJKA,300
southbend,5 Drawer Filing Cabinet,00A0A_vpB1GlL1ni,85
southbend,Computer Desk - assembled,00x0x_2w9V7lvOe6k,15
southbend,Entertainment Center,00X0X_hkK2Fro7KQx,20
southbend,Custon Built Children's Twin Size Bed,00N0N_2aIoDyrlITo,750
southbend,"3 piece Sofa, loveseat (chaise) and club chair",01414_2X413yPXMmu,1200
southbend,NEW MATTRESSES *QUALITY AND CHEAP*,00p0p_9xADOtmUgfS,78
southbend,"4'5"" Magazine Rack Floor Lamp",00B0B_limJFnAn0Qa,20
southbend,Twin size headboard and footboard,00b0b_dALIcdIljhT,45
southbend,Cherry wood entertainment center for sale,00707_7Z2ZRwAvcml,400
southbend,Vintage School Desk with Wooden Seat,01717_kb2kic0XAUn,50
southbend,Dresser with Wall Hanging Mirror,00m0m_gncW0SOoT0d,175
southbend,Mudroom Lockers,00Y0Y_8ktUEUKJgTY,400
southbend,Cabinets,00G0G_5XSKlu0nSPx,400
southbend,Antique Phone Table,00808_fVDxiK4tbCq,40
southbend,Antique China Cabinet and Buffet,00L0L_1nIdPxxOUZJ,412
southbend,Armoir - Cherry- Gorgeous,00I0I_rNu9xhxYPK,349
southbend,Beige Loveseat,,100
southbend,Beige couch,,150
southbend,Round game table with 4 chairs,00J0J_lWgG2wOpwL6,175
southbend,"48"" Corner Television Stand",00808_lhgZkkmgxBK,75
southbend,American Heritage BilliardsÂ® Liberty Bar Height Black - set of 2,00m0m_jlLpTWmiqiZ,250
southbend,Maxwell 26 in. Suede Cushioned Bar Stool - set of 4,00E0E_hBaCpnLjIeK,500
southbend,Taranto Bar Stool (Bar Height Stool)- set of 3,00606_2fltvjyuFjm,400
southbend,American Heritage Billiards Shae Bar Height Stool -set of 2,00606_jjnfOpZrhiQ,250
southbend,nice table,00W0W_344CV1Fy2ft,45
southbend,LEATHER RECLINER (CHAIR) FOR SALE.,00R0R_irclb9dwM96,60
southbend,Square Rustic Coffee Table With Oak Gray Wood,00O0O_56sc1jIlmTS,80
southbend,Mainstays Nightstand/End Table,00000_6hsauTjcDwH,25
southbend,"Ameriwood Home Pursuit Executive Desk, Light Brown/Gray",00b0b_5KfxBdsgtjA,100
southbend,alessa futon frame with 8 inch tufted mattress,01212_4IMsV0nU6E,220
southbend,Wooden desk,01010_k86jfF96LXR,45
southbend,Log Dining Table Set,00H0H_4Xoo8z7yJ3Y,
southbend,End table with glass top,00i0i_8RYdB4r2M6o,30
southbend,Rocker Recliner,00e0e_4cCHIeIVO8R,45
southbend,Nice leather couch,00H0H_4PE17F7MlYf,350
southbend,Solid Oak entertainment center/cabinet,00s0s_cfWJQQTqQok,200
southbend,**Lazy Boy Recliner**,00R0R_5i0T3HoheqK,150
southbend,**Solid Oak American Drew Chest of Drawers**,00r0r_j07pDftjnQt,150
southbend,Dining Room Set for Holidays!- Nichols&Stone Birch Table/Chairs/Buffet,01313_aFWES8D4Gbs,1500
southbend,**Accent Chair**,00D0D_17fb0QYaE85,75
southbend,**Solid Oak Curio Cabinet and miscellaneous.**,01515_iLJiBerS6Zf,1
southbend,**Queen Platform Bed**,00W0W_efECrWxdyR2,75
southbend,**Broyhill Sofa and Love Seat**,00Z0Z_kGwOrQn92PW,550
southbend,Full size mattress,,25
southbend,Coffee Table or Play Table,01010_gIExHwhWzz6,60
southbend,"Wood beams from studebaker plant 6x12""x20'",00e0e_llFF3NBWa6p,600
southbend,Lawn Furniture --- NEW!,00000_4zs0MsPrPK7,200
southbend,Rebecca Metal Daybed-white,00S0S_e6eQemqro8d,80
southbend,"Showroom Model Sale Saturday And Sunday, 10am-8pm",01010_l4Dg39nwJSx,199
southbend,Standing Hoyer,00G0G_4xhUchdmJWB,100
southbend,Dark wood cabinet,00l0l_k6KjoMROb04,35
southbend,Nice furniture pieces!,00202_i51lFLAK3kl,15
southbend,Wicker patio set,00g0g_i7Ee5pZDdHX,175
southbend,Ava Metal Daybed,00G0G_27ZKYOfAztP,100
southbend,Nice Lazy Boy Recliner,00303_8v8IBC4KDcZ,50
southbend,"Kebo Deluxe Futon , Black",00303_66XVnD02cit,110
southbend,"Mainstays Parsons TV Stand for TVs up to 65"" Wide,- espresso",00101_fkR9AtD04B,50
southbend,Mainstays Basic Metal Student Desk- blue,00e0e_faCP4Hqjy0b,30
southbend,Desk - real wood,01212_bjl2X05BSXs,10
southbend,Tell City Dining Set,,750
southbend,Quality Pennsylvania House Dresser Set,00303_j8pbop0f5I2,425
southbend,2  Simmons metal dressers for sale,00Z0Z_cCRgKm52nQi,490
southbend,Brown tv stand,00404_lzYKZvmUhbw,75
southbend,Brown wooden frame tv stand,,65
southbend,Brown tv stand,,75
southbend,Brown tv stand,,75
southbend,Dining Table / Chairs / Hutch,00202_3Bvb0Qt3e0D,750
southbend,Living Room Table Set,00202_a4sswJ8XjtB,125
southbend,"Carson Coffee Table, Cherry/Black",00m0m_jkiGr1LV89v,60
southbend,Parson coffee table- black,00W0W_khGp6T6jmFo,20
southbend,"galaxy tv stand-up to 50""",01212_58yKekynOV9,60
southbend,"Sportcraft Player's Choice, 2-in-1 Poker Table",00707_fMbD6AAYe3q,100
southbend,China Cabinet,00E0E_l1gDVb5mIFO,350
southbend,"Rustic chalk painted corner hutch cabinet shelves 69"" x 31 1/2""",00e0e_eo74ip03MkM,225
southbend,Vintage Maple Hard Rock triple Dresser and Mirror. One Owner,00p0p_e1gUqVd4Zyl,125
southbend,Vintage Maple full size bed frame With headboard and Footboard One Owner,00k0k_eQtfZjx4yRG,50
southbend,"Set of 4 cane, wood and metal chairs",00d0d_l3MTd2lV0me,100
southbend,Hat and Coat Hallway Stand,00x0x_fD6QfXJeosP,50
southbend,Patio Table & Chairs,00b0b_aTCR5DTlyrp,145
southbend,Nice Desk Set,00i0i_hvWzxJHeWf9,299
southbend,NEW MATTRESSES *QUALITY AND CHEAP*,00p0p_9xADOtmUgfS,78
southbend,METAL FOLDING CHAIRS,,12
southbend,office desk,00F0F_hAsRKsNX1Ht,40
southbend,Old Barnwood table/cabinet,00E0E_kXqAorQpV6D,450
southbend,Entertainment center,00V0V_4Ibm6QOryC0,150
southbend,MOVING SALE - Farmhouse Cupboard Cream and Natural,00m0m_1CluoAKCFv8,35
southbend,1940's record cabinet repurposed,00I0I_6Lxq4fyq89U,50
southbend,lift chair reclyner,00X0X_hLg9M5PX1fs,300
southbend,Entertainment Center,00808_kXTcA0s4wXV,35
southbend,"Side Table, hexagon",01010_7XORJUr1PPt,15
southbend,***BRAND NEW****,00r0r_2S8C3tu9ibm,200
southbend,MOVING SALE - Cherry Wood Corner Cabinet - STORAGE!!,00Q0Q_41BOlqr8aGF,40
southbend,MOVING SALE - Wicker and bamboo style black and brown chair/pad,00S0S_EEGcfftivY,20
southbend,MOVING SALE - Solid Wood Coffee Table FARMHOUSE,01212_9oQzlLHFlHs,30
southbend,King serta motion perfect adjustable bed,00808_dpnzx74v1l7,950
southbend,Bedroom set  bed dresser and night stand,00O0O_98siMyn3mbz,175
southbend,MOVING SALE - Set of 2 dark solid wood half moon tables,00707_flup3YOOiIc,50
southbend,Dresser,00A0A_gbRFg9yeuru,100
southbend,Leather couch and chair,00303_2lXOcpv0AzJ,450
southbend,IKEA Side Table,00G0G_2vbvZgeWUib,15
southbend,Small Dresser Ivory,00Y0Y_kiiavxAnVGa,50
southbend,Sofa and love seat,01010_bK8aSmpZHiz,200
southbend,Painted Wood Table,00D0D_dW7vq3kYeGB,75
southbend,"Rocker Recliner, sage",00a0a_aS5NMo2wAHd,175
southbend,"Large, like new gray sectional & Ottoman",00M0M_cGItUgqhAKp,650
southbend,Large TV Stand & 2 matching shelving towers,00T0T_3LZIDApgjlV,295
southbend,"Wood Table with leaf, 4 chairs",00k0k_1U9MkjUU7Pq,175
southbend,LOVE SEAT AND CHAIR FOR SALE,00m0m_7eTFkFmGxuu,195
southbend,Bennington Round Table,00v0v_88jMfCSPoUL,100
southbend,Notre Dame Glass Wall Art,00101_j1SrCQFSOGO,70
southbend,4 Antique Kitchen / Dining Chairs,00D0D_lcs2Y0lFA2D,150
southbend,Rare Art Nouveau Arm Chair with Inlay,00y0y_1wVxpL6e1D3,165
southbend,Oak Table and Chairs,00t0t_2N6uxCejiWg,600
southbend,Table and Chairs,00t0t_2N6uxCejiWg,600
southbend,CEDAR CHEST - $175 OR TRADE,00D0D_d9Y8uFEQzsi,175
southbend,NICE CEDAR CHEST! $175 OBO OR TRADE!,00D0D_d9Y8uFEQzsi,175
southbend,Brass Bed Frame Full Size Just head board,00w0w_im3K7snPIIl,30
southbend,wood desk,00R0R_9tJmMhBpZ4r,40
southbend,End table,00n0n_9dp6JoobaKb,20
southbend,Large Vintage Frame Chalkboard  Shabby French Country Style,00t0t_8o5cTMOFwM9,40
southbend,Pier 1 Corner Shelf,01616_hGv2jvDtEwc,20
southbend,Twin bunk bed with stairs,00101_22kGMMkeIq4,350
southbend,Metal Bed Frame (Full/Queen),00M0M_9iCh11LRSSt,30
southbend,Antique dropleaf table,00Z0Z_3AmkYHN5S3O,95
southbend,Adirondack Wood Chair with Cushions,00S0S_iE6TMcj3oeV,70
southbend,Captain's Chair,01717_c6lxnj7a1HA,15
southbend,Indoor or Outdoor Wooden Bench,00404_5tVnukrSQjp,50
southbend,Executive office desk-250 OBO,00c0c_1oQM7IaAIlO,250
southbend,Beautiful solid wood armoire,01616_9hHxPclNwe3,100
southbend,Wood Framed Wall Art Medallions and Mirrors,00S0S_BgSCkW90Kc,40
southbend,Oak Computer Desk,00J0J_65KAa3y5uUz,95
southbend,Side table,00i0i_iSmJwMU88Ir,10
southbend,Bar stools,00z0z_bWLksXrgmfe,10
southbend,Novogratz Vintage Tufted Sofa Sleeper II-Pink,00P0P_hVVbYtO3kV2,300
southbend,"Novogratz Vintage Tufted Sofa Sleeper II,- navy blue",00h0h_iqbpNmCu3pl,300
southbend,Twin Over Twin Metal Bunk Bed-black,00G0G_7ElcWtjecpW,120
southbend,"Ameriwood Home Crane Glass Top C Table, Black",00R0R_eBin4rzswdj,20
southbend,"Ameriwood Landry Kitchen Microwave Cart, White",00t0t_eb0oWr3pgPE,40
southbend,Tan Rug,00h0h_d2IpTmMpARZ,10
southbend,Full Size Oak Headboard & Footboard,01313_eXjzgAXF3g5,75
southbend,Twin Headboard,00M0M_cxuE1MA794x,75
southbend,Twin Headboard-Wood,01515_lKS1VClo29n,75
southbend,Novogratz Vintage Tufted Sofa Sleeper II- Burgandy,00n0n_1OgkCgC9Qru,300
southbend,Mainstays Twin Metal Rainbow Bed- white,00Y0Y_2fGbfpNIj7P,70
southbend,Black Kitchen Cart with Pine Top,00u0u_6A6R2sZZjmq,60
southbend,Broyhill Attic Heirloom Armoire,00H0H_go6lHLC2E4j,550
southbend,Antique Brass & Crystal 4-Arm Chandelier,00Q0Q_eyQOYYKzpGw,175
southbend,French Style Settee,00x0x_dO3q6pbnAL1,400
southbend,Drexel Heritage Chinoiserie Mirror,00I0I_7h7tstx7XOp,500
southbend,Drexel Heritage Chinoiserie Buffet Server,00000_gV9yyvQe4r8,500
southbend,Antique French Crystal Chandelier,00h0h_1Whrh79sQm9,450
southbend,Push Carts,00p0p_hbyWcNTvn2r,75
southbend,Antique Brass & Crystal 8-Arm Chandelier,00i0i_3hFPKxcJjys,500
southbend,Microfiber Couch,00t0t_hCWXyy5W3I,200
southbend,BRAND NEW OLD STOCK INDUSTRIAL STEEL END TABLES NICE,00j0j_72rAuEm7CLI,60
southbend,Glass Table w/ Leather Chairs,01717_h28p72Pl6ns,275
southbend,ROUND TABLE GLASS,00505_iIc3igM59Jv,20
southbend,Desk,00o0o_2BiK6e7PFlj,
southbend,Rococo Revival Chair,00505_d8QdLQ4RzCp,300
southbend,Pink Side Chair,00q0q_db84dcXtLy,75
southbend,Queen Passages Platform Bed Frame~Only $585! Huge Price Reduction,00Y0Y_97HAUKzhSSR,585
southbend,King size bed frame,00O0O_ctnj4uj1gIX,250
southbend,beautiful cherry armoire,,400
southbend,"Ameriwood Home Owen Retro End Table, Distressed Gray Oak/Gray",00p0p_k9zVXvQPVFT,30
southbend,trundle/box spring-silver,00s0s_8Z8oG67ChoZ,20
southbend,Parsons End Table- black,00E0E_dLq1lMHpYFZ,10
southbend,"Rosewood Tall End Table, Coffee Brown",00U0U_fycAxxHmn77,30
southbend,"Mainstays TV Stand with Side Storage for TVs up to 32"",",00h0h_hAGYynlEwsN,40
southbend,Dresser,00J0J_345IJLka6yO,125
southbend,Roll top desk,00x0x_4ZdsQ7KnT69,250
southbend,"Mainstays Student Desk,- White",00Z0Z_bkowccaB9f1,40
southbend,2 Wicker Chairs,00P0P_e4VzZMHZhVO,73
southbend,Couch,00606_6XvPOljItt8,100
southbend,2 Wicker Chairs,00d0d_Y6yxsKyC7g,73
southbend,Large dining room table farmhouse table,00X0X_641VTn7frzU,300
southbend,walker,,10
southbend,Used Twin bed set,01313_7EAWoUjGcb1,60
southbend,Black couch,00q0q_6UCShihxSZC,30
southbend,Old Table,00B0B_lBP2wU9wYBK,40
southbend,Mirrors,00l0l_8fG1fvIG4eA,10
southbend,table,01414_i3yro8bOWen,5
southbend,end table,00e0e_enQrb4XSfVp,5
southbend,coffee table,00M0M_98Uny7Oft1u,10
southbend,"Nice blond circular, to square kitchen table 4 chairs",00V0V_e7EKUaoyGCT,100
southbend,NEW MATTRESSES *QUALITY AND CHEAP*,00y0y_e6US2jcTmhx,78
southbend,2 white love seats,00S0S_klnpMuB4Wwj,150
southbend,Two Bar Stools with matching tables.,00404_ka2yhA4tSHn,100
southbend,Lightly Used Couch,00202_5Adsj40DLXM,100
southbend,"Deluxe Microwave Cart, White/Light Brown",00i0i_bThqBNkldzh,50
southbend,end table,00m0m_7xfxw3m5NUQ,
southbend,Set of 4 Counter Height Stools,00V0V_abr6QboerbS,200
southbend,Pine coffee tabe,00y0y_fJYqIRkfL5Q,50
southbend,"Wood bedroom set, nice twin bed and large dresser with mirror",00i0i_lMRXmbHKQPN,395
southbend,Dresser Mirrors - Two,00000_6ZbAHmqkZRE,50
southbend,Solid Oak Fold-out Mirror,00u0u_7gLqdBmtGRi,40
southbend,NEW MATTRESSES *QUALITY AND CHEAP*,00p0p_9xADOtmUgfS,78
southbend,Mackinac Island Prints - Custom Framed,00g0g_bE1YhmEntcS,60
southbend,Shaker Wall Clock,00p0p_6LiZCXRGfoT,269
southbend,Dinette ser with 4 chairs,00i0i_X7YKFqhPIj,100
southbend,"off white sofa, all leather",00u0u_gPDa0uFpyaO,60
southbend,Wraught Iron Chairs,00q0q_17fTsTeDw18,120
southbend,Solid Wood Kitchen/ Dining Table,00909_eZ13KSk6V7y,95
southbend,Wraught Iron chairs,00i0i_iFxjPOlZylT,65
southbend,Black Wood Coffee Table,00a0a_6bI02aLlSPz,45
southbend,Mastercraft Entertainment Center/TV Stand,00505_huc7h2FBuV0,45
southbend,Metal and Glass Coffee Table,01010_bO3sW1qwTxV,85
southbend,Curio cabinet 3 glass shelves collectibles,00U0U_jQxOLo3Csm6,80
southbend,Vintage Retro Vanity desk with mirror + bench  bleached look,00g0g_6QWFmiJBF2Q,75
southbend,TEMPURPEDIC BEDS FOR GREAT RATES!!!,00B0B_bxfV7J8TxPU,1000
southbend,Love Seat Very Nice,01515_fCTUeJdpn25,80
southbend,Lockers - 2 sets available!,00909_aqkFjBnxL7R,15
southbend,"Shelving unit, bookshelf, display Shelf",00g0g_lcAJ9tK4LP9,45
southbend,"Shabby chic table, storage, vintage",00R0R_aD2fnrx0pZX,100
southbend,"5 piece young-hinkle windjammer, queen bedroom set and mattress",00Q0Q_ar3KYjQwEPH,795
southbend,"Bedroom set, bed, desk, dressers with hutches!",00k0k_7ESOFcMFSAK,395
southbend,Mid Century Modern Jasper Inwood Australian Black Walnut Oversize Desk,00Y0Y_7StM8J2Zdqh,50
southbend,Beautiful Pennsylvania House China Cabinet,00e0e_jphysD0A0Ic,350
southbend,Beautiful Mid Century French Chairs Ottoman and Footstool,00e0e_kSY9MsAbt0Z,1100
southbend,Elegant China Cabinet by Hickory Manufacturing Company,00h0h_3GDUSXEDvgo,210
southbend,Brushed chrome shelving unit with 5 glass shelves,00g0g_a60u2PYfFhR,195
southbend,Leather Power Recliner with rise capability,00F0F_5LyjzOy3TsE,595
southbend,Power Recliner by La-z-boy,00h0h_kzpHqiPhxxz,295
southbend,Power Recliner from Rooms to Go,00I0I_906ppOmsgaK,295
southbend,Art Deco chrome leg table,00808_jjwVAtYON8,30
southbend,Marble top credenza,00m0m_c58BbXJDNn,100
southbend,Wardrobe /  cherry Armoire,00L0L_dTaSTWK1Aqy,75
southbend,dresser,01616_jTBiHVQqoWg,70
southbend,Nice Recliner,00E0E_lJDa8RtuAzQ,40
southbend,Furniture,01616_bHSGihYdvEb,110
southbend,Claw-footed lamp,00N0N_2c4DIaSyRU5,10
southbend,Cherry entertainment center,00505_fyT0oHIoKSc,100
southbend,Nice Lane Traditional Chair Style Recliner club chair. green chenille,00K0K_d4qc2oUl3WR,125
southbend,Vintage Retro chest of drawers dresser. Gray bleached look Cool!,00c0c_jDanbBoU7Kq,75
southbend,Full Size Sealy Posturepedic Premium Mattress Set,01111_gSqzQEdkgG3,75
southbend,Children's desk,00m0m_5NMj5Jl5PA4,25
southbend,TV stand/ cabinet,00G0G_6XvgbpATCfw,225
southbend,Vintage end table,00O0O_23JYVRU6tKh,35
southbend,Oak Roll Top Desk,00C0C_a091n8g5SD7,375
southbend,Price Reduced: Dining Room Table Made From 1800's Barn Beams,00W0W_k0NcEL8UDpO,975
southbend,Brown microfiber sectional,00O0O_60Aol5qyjFE,400
southbend,5 Piece Set Dining Room Table and 4 Chairs BRAND NEW,00U0U_cpmuHDBKz3X,495
southbend,Oversized Leather Arm Chair,00202_cIr45c7BU8i,110
southbend,modern dining table,00D0D_aVBfr1jJg8r,75
southbend,Very nice floral sofa / couch.  Made by Schweiger,00L0L_44qu7OQ0RrM,150
southbend,Full size mattress set.  Vintage. Medium firm. Clean home,00A0A_a8CltqWRFBQ,25
southbend,Couch & Loveseat,00l0l_fGTy8C8NWQv,300
southbend,Lester piano,00z0z_9eRhe71O81t,120
southbend,couch recliner,,350
southbend,Drexel Heritage buffet,00r0r_8bd6SEhACrL,380
southbend,Vintage Mid Century Desk with Chair & Lamp,01616_joio95rsXTL,85
southbend,WOODEN BED FRAME,00B0B_4Z67FNf4uGC,20
southbend,NEW Palladar Bar by American Heritage $850 off retail,00J0J_eoBaaUxKvjn,1750
southbend,Table and Chairs,00303_2k9CbVqV82T,175
southbend,Wall Art,00808_gg2hoqPiCQf,5
southbend,Dining table with 4 chairs,00q0q_51eSMogQtIS,65
southbend,Glass desk,00000_gcFjfhUPjlY,30
southbend,Oak dry sink,00A0A_8aQLuDnxdcM,100
southbend,Two Chairs,00I0I_8QhHFKJwvpv,18
southbend,Vintage Table,00V0V_jnUFjEUP9YX,100
southbend,Vintage Victorian wrought iron patio set,00x0x_gQ6acxjCsMJ,100
southbend,Buffet/China cabinet,00f0f_54U6eYNg1xw,150
southbend,RECLINER CHAIR,00h0h_PGX7qrxIXv,45
southbend,ENTERTAINMENT CENTER/CURIO CABINET,00X0X_2mDIhV02o4A,375
southbend,Entertainment Center Shelving Unit,00f0f_b9VQrILG9F1,15
southbend,Round Dining Table,00T0T_l2HVuBI1PnN,75
southbend,Tables & Lamps,00909_1WvpNqNZQr9,1
southbend,4 Antique Wood Chairs,00w0w_1imj1iAlmOS,125
southbend,Selling Couch and Chair,00p0p_bQwNz5fBE27,275
southbend,Huge coffee table Very nice Piece!,00X0X_bPmusG6acu4,75
southbend,Mainstays Transitional Headboard- cinnammon cherry,00Z0Z_9LT5DpN9wZe,20
southbend,"Ameriwood Home Englewood TV Stand for TVs up to 55"", Black",00u0u_l5DezI6NVVn,100
southbend,"Love Seat, great condition",00y0y_cmY9nGeO9qj,45
southbend,Brighton Jewelry Display case or Couch table 3 sliding drawers,00606_2Xm3mDyWSHl,375
southbend,Brighton Jewelry Display case or Couch table 3 sliding drawers,00606_2Xm3mDyWSHl,375
southbend,Microfiber alternative down mattress cover,,40
southbend,Baker's Rack - Good Condition,00202_8G2xuZTTCs7,75
southbend,Entertainment Center,00x0x_eeinFgO6WNY,400
southbend,Quality Set of Chairs with wicker,01111_GNUoHeJj1A,75
southbend,table round,00q0q_ixaoQoeanTW,25
southbend,"Dining Room Table, Chairs and Lighted Hutch",00h0h_5SC9GvlXU0f,400
southbend,Hand painted solid wood chair,00g0g_g4xPY3cSGJB,80
southbend,"Pottery Barn ""Tanner"" coffee and end table",00X0X_6nzPxSvlqDP,350
southbend,French inspired side table,00e0e_7Uz9AUCqQCo,80
southbend,MCM chest/nightstand,00f0f_4wdP5WknU4V,80
southbend,Two drawer chest,00S0S_dIyWP0nZ3fV,140
southbend,Red chest,00q0q_7Y0O4jWSFl5,150
southbend,VINTAGE COCA-COLA PARK BENCH,00v0v_4EpcsfyW58u,99
southbend,5 piece queen bed set,00S0S_gt529MSHWio,500
southbend,STOOL,00k0k_eKheZA006xy,50
southbend,**Black frame mirror**,00X0X_2bOMEryhc6r,20
southbend,**DVD/Book rack**,01212_3rr0BlleQLO,25
southbend,"Ameriwood Home Pursuit Bridge Table, Light Brown/Gray",00K0K_7YVuMEOj6EU,60
southbend,Antique Dining Room Furniture,,2700
southbend,BAR STOOLS,01111_6WEItZemThX,35
southbend,Twin loft bed w/mattress,00n0n_hXHnKECBmWE,125
southbend,Bar height dining table w/ matching chairs,00b0b_jIKLfuKQyQr,600
southbend,Sofa ~ Jack Knife Sofa Bed RV or Home,00h0h_92z4Ky2xNnL,300
southbend,Antique 5 Foot Round Table,00i0i_81hItyIUuDQ,450
southbend,End Table,01212_hWTO00KXZTC,10
southbend,Hampton Bay Essex 3-Light Aged Black Island Pendant,00D0D_2nAQaSvtlAr,50
southbend,Moving sale - unboxing and selling as we go,00p0p_dMR5TQdIhaE,1
southbend,"Office Chair, Brown",00b0b_1hNbE8Ys3yn,15
southbend,Bedroom set - Cream color,00303_6RfnXzV6xf5,300
southbend,Victorian Chairs,00d0d_gn1AGxCfpXn,300
southbend,Recliner,00H0H_cNPCH24rWCI,250
southbend,Leather Recliner,00N0N_8jkPyHpdJwZ,200
southbend,Desk,00909_9LNlwQzhfVF,260
southbend,Wingback chair,01717_jKRSbl2WWBq,250
southbend,Dinning room table with chairs,00B0B_cxOOgCLdxwC,275
southbend,Accent tables,00404_lO4JZzl9KS4,280
southbend,Coffee table,00U0U_l4Om7ivX4By,150
southbend,Chairs,00q0q_bclrJV2UYyE,125
southbend,Kitchen table with 4 chairs on casters,00p0p_3oHK2uHSsLy,275
southbend,"Live raw edge maple, cherry, walnut furniture night stand table shelf",00808_bjV0x4pk8Bt,250
southbend,Black Glass Electronics Stand,00A0A_hfMYtTubu7A,100
southbend,Nice clean sofa,00202_7dpdmdmChmC,100
southbend,Metal/ Glass Sofa &End Tables,00W0W_2nEmUuL3lXW,100
southbend,Side Tables,00H0H_b9ISrphhAaJ,75
southbend,Nice table and 4 chairs clean like new,00b0b_7BdjFizZcAm,100
southbend,Pennsylvania House accent tables,00j0j_atW2JVGDMEA,280
southbend,Vintage card table and chairs,00A0A_6rm6IKROrus,75
southbend,Bakers Rack,00J0J_eYU7QTfq2QO,120
southbend,Mirrors,00606_4G8xXa1r70M,100
southbend,Leather sofa,00x0x_jNdGxhqUcMx,350
southbend,Nice couch and love seat,00I0I_4rG69t0WvUq,300
southbend,Wingback chairs,00w0w_lY6DuTfszNF,100
southbend,Leather Recliner,00D0D_eITJd8lmTQZ,325
southbend,Sectional,00T0T_knxZNaT7wMW,1500
southbend,Entertainment Center & Lighted Display Cabinet,00F0F_krXurYMX6L3,125
southbend,Desk,00707_8EjbyGHOAkH,250
southbend,Entertainment Center & Lighted Display Cabinet,00F0F_krXurYMX6L3,125
southbend,Desk,00707_8EjbyGHOAkH,250
southbend,Dining room set,01010_hKTTxM7BXZn,525
southbend,Chair,00S0S_2rSt72upcWG,325
southbend,Sofa sleeper,00F0F_d3byApubNSX,350
southbend,Outdoor Lounge Chair w/ Cushion,00l0l_hnY7jJ1jPeU,20
southbend,Roll top desk,00000_3tpSFOVgAcg,70
southbend,Double drop leaf kitchen table,00404_6diQ5rdHhte,90
southbend,Swivel Rocker Recliner,00V0V_fWMTcPnuj0x,200
southbend,Wicker furniture,00j0j_ceG74bXIZ89,210
southbend,Make up vanity,00R0R_2x4vT247arr,375
southbend,Reclining Sofa,00B0B_2CPJK67NNO4,275
southbend,Wrought Iron and Glass Coffee Table,00m0m_4qd4mST0e5u,100
southbend,Full size beds,00j0j_7pk2VUdx7ny,150
southbend,Desks,00303_d0bmI462KCy,150
southbend,Sewing machine cabinet,00Y0Y_97mYe20PBg0,145
southbend,Pie safe,00W0W_bEP73RsCiji,250
southbend,Solid wood bedroom set,00q0q_39tFM2eMYuG,325
southbend,Antique Wardrobe Vintage,00W0W_75GtoBdSOkR,250
southbend,2 LAZY BOY ROCKER / RECLINERS,00B0B_8SeX4oIBUOt,25
southbend,Solid oak dining set with 6 chairs,00101_lyk1n9rYqZ4,250
southbend,Headboard for Queen,00505_kT3nCbEUOMa,50
southbend,Heater,00r0r_fxDB9A3YPnT,30
southbend,King Size Signature Sleep Contour Mattress 50$,00U0U_2hFZU523Ss2,50
southbend,Mission Bench,00f0f_4zSpswL9C4m,275
southbend,Hand Painted Furniture,00b0b_f3rWnlxMzPQ,1230
southbend,Cedar kids playhouse,00h0h_l7dFAX5rKKm,200
southbend,Woven Pagoda-top  Three 3-panel Room Divider Screen,00y0y_cyFa4S1Duug,50
southbend,Hutch,00C0C_fs2JIoogrja,40
southbend,Credenza,00000_a16Snh0RrDZ,185
southbend,Office Desk,00E0E_g933rzJslCB,100
southbend,"Office Suite w/ Desk, Credenza, Hutch & File Cabinet",01313_agZXp2zPH76,350
southbend,Executive Office Chair,00W0W_7da391FvEY9,40
southbend,Oak Table & 4 Bentwood Chairs,00000_6mgO2PRa44T,120
southbend,Armoire,00303_86saIhr26Qv,350
southbend,Round Oak Table & 6 Chairs,00Z0Z_agLJB2o3eqH,400
southbend,Antique / Vintage Couch,00101_5g3Tw2a9iNh,800
southbend,Solid Oak Bunk Beds / Loft,01616_5RveqkMaGVg,400
southbend,Sectional couch,00t0t_ekvqmEFKSHc,250
southbend,"Couch, Stiffle Lamps",00o0o_cjhfWPLoEbU,300
southbend,BASSETT END TABLES,00h0h_9pp8SbHMwSg,30
southbend,Brown sectional,01313_417vqY9sQvC,300
southbend,Bedroom Set Packages 50% OFF Black Friday.,00Y0Y_97HAUKzhSSR,1399
southbend,These Will Sell Out Black Friday. First Come First Serve,00l0l_hX1bOQ5pP3D,679
southbend,Countdown Begins... To Black Friday,00a0a_8qoLYIDbkxC,175
southbend,Mirror with Curio Cubby Shelves (for Dresser or Vanity),00M0M_42o7jLwpawg,3
southbend,Electric lift recliner,01515_6ocTszRG9wp,225
southbend,Antique Walnut Queen Platform Bed Frame ONLY $399~One left,00505_auBKAVJBbWf,399
southbend,L-Shape solid wood Executive desk set,00z0z_gsw3spqzBEn,1
southbend,Western Boots,01111_hEiy7eLcYSE,75
southbend,Vintage Floral Chair,00707_8HP3LWkKXSY,40
southbend,Chrome Diner table and Chairs 50's style,00D0D_jxoW8M6BLNT,130
southbend,Vintage settee bench,00909_gsrjHlaM7N1,150
southbend,Dining Room Table (Price reduced ),01616_88a01pVK6ly,650
southbend,Dining Room Table (Price reduced ),01616_88a01pVK6ly,650
southbend,Over 100 electric lift tables available.,00C0C_dfLMmDOav3b,100
southbend,Chrome and Black Barstools,00E0E_gRFoc4TJkrg,30
southbend,Love seat/chaise lounge,,25
southbend,3 Thomasville End Tables and Coffee Table,00c0c_jg1Lsz8ynzs,1000
southbend,Large Sectional with Storage Ottoman,00K0K_gg6DmT8ubF9,800
southbend,SOFA & CHAIR,00l0l_2Q1odoCSJch,700
southbend,Pending:  Reclining Couch & Loveseat Set,00D0D_erZb123BiE0,300
southbend,LIQUIDATION SALE - EVERYTHING MUST GO,00909_8QQB31eh3df,
southbend,NEW QUALITY MATTRESS/ALL SIZES AVAILABLE,00U0U_iFdNXB3HGrY,78
southbend,New Custom Built Farm Tables With Benches,00O0O_691G4gJ3dpH,1
southbend,"Wood Coffee Table, shabby chic",00j0j_9n8xLdd1t04,45
southbend,"Book shelf, decorative shelf",01616_dojU9BkBAnx,20
southbend,"End table, shabby chic project",00000_bltisAkHGfo,20
southbend,Dining room set,00Y0Y_49s3KXYypWW,1495
southbend,Live Edge Dark Walnut Coffee Table Unique,00000_fx5Ud9DwBFG,200
southbend,1940s 1950s set of 10 soda fountain bar stools,01414_aKGnm06xMBT,50
southbend,French armchair accent chair,00M0M_cbJcXvVlChP,65
southbend,Lazy boy loveseat,00M0M_bCAOupCc8vx,80
southbend,twin bed and dresser,,550
southbend,LOVE SEAT - LIKE NEW!,00B0B_lkGg1XmVaYB,300
southbend,Corner TV Stand,00O0O_igpEuOsRoX4,
southbend,Solid Wood Dresser,00J0J_br7pTMoGMCK,
southbend,Antique Solid Wood Queen/Full Bed Frame,00F0F_g1LpK9lwMNH,
southbend,"94"" grey sofa nearly new",00M0M_lFOccuYfjJm,450
southbend,"DHP Fusion Dining Table, Rectangular, Antique Gun Metal/Wood",00Z0Z_k2cKntYKaKM,160
southbend,Mid Century Modern Jasper Inwood Australian Black Walnut Oversize Desk,00V0V_7jXOwHyPGcH,50
southbend,Mid Century Formica Kitchen Table 4 Chairs & 2 Leafs,00P0P_k6CL0HTY027,100
southbend,Sofa/Couch,00c0c_jfbJorgWbAg,40
southbend,TV stand,00101_h0dmxu4GDuB,30
southbend,Kitchen table,00g0g_aqgbaZItMF6,
southbend,Split Queen Boxspring box spring ( 2 piece ) & wht. L L Bean bed skirt,00M0M_aPxsBWPZ3K3,125
southbend,Sofas and chair,00101_e4EMw0HFv1w,1000
southbend,Display Case,00D0D_2iWXPt8xM4s,50
southbend,Nice Antique buffet,01515_k7qcJhDreik,500
southbend,Mid Century Modern Danish Koefoed Bar Stools Pair,00909_esl5I64RmYT,200
southbend,End of Season Wicker Sectional Sale!!!,00H0H_bvtvLzj7594,1
southbend,"King Mattress set, still in plastic",00n0n_f7wly0xUxV1,150
southbend,HEYWOOD WAKEFIELD END TABLES WITH DRAWERS VERY NEAT LOOK,00F0F_aOqEvcWmjUO,250
southbend,MID CENTURY DRESSER,01010_122PCqX9K91,75
southbend,PIER 1 OVAL PEDESTAL DINING TABLE,00x0x_1s1A636s1Cu,159
southbend,Vintage Table and Ethan Allen Chairs,00O0O_h4OQJgNPHYF,154
southbend,High End Room and Board Couch,00Z0Z_dxej3zczb6u,500
southbend,High-Back Mesh Task Chair with Arms and Lumbar Support,01414_9fv4wyKHa2f,50
southbend,Black and White Harlequin Pattern Pop Up Side Table,00e0e_gIhfsQg3SHm,90
southbend,Hand Painted Stained Hexagon End Table,00b0b_f3rWnlxMzPQ,90
southbend,Custom upholstered chair with ottoman,00G0G_dZqds4RuiMs,495
southbend,Bar Stool(s),00r0r_5Z9uTx74UmD,40
southbend,2 Dining Chairs,00T0T_lTbhrv6SKTZ,75
southbend,20FT long Trade show Booth,00r0r_96v8uIz0gg5,2500
southbend,Coffee table,00T0T_lXXyAKPqIwh,25
southbend,Cafe / Restaurant Furniture,00w0w_fzOMISKGZdT,45
southbend,Leather couch set,00w0w_3L5ejHkfTsv,550
southbend,DIFFERENT HOUSEHOLD STUFF,00F0F_9ACGxZSb3wD,
southbend,Quality couch,00Q0Q_blxFpATZPKX,150
southbend,Entertainment Center,00H0H_fDhw7JtolcH,120
southbend,Farmhouse Table,00E0E_gjYQ8zXyRhv,100
southbend,Farmhouse table,00E0E_73xl3499AfH,100
southbend,Dining room set,00808_gMGVOPl7ov1,500
southbend,Dining Chairs - Reduced,01010_4jSYdHZqs5j,100
southbend,Cabinet,00707_12kha57Wz0s,120
southbend,Pier 1 Nyle Sofa New Price,00v0v_8wqZAUhoMsU,600
southbend,1950s vintage oak table,00404_fMduhgyXCjH,195
southbend,"Mayline Drafting Table w/ Drawers Vintage Industrial, 5 foot",01717_5lZpaWTx93U,550
southbend,folding stand,00J0J_LIzN6FNveI,10
southbend,Signature Design by Ashley End Table,00H0H_gjtgIXUu0pF,45
southbend,7 foot couch,00s0s_1Mk0gjDBYbM,45
southbend,Kitchen Table and 2 chairs,00T0T_A6bW4G2dm3,100
southbend,Roll Top Desk,00c0c_6Y0nqWWBKum,300
southbend,Master Bedroom Suite,00z0z_6aV3dywenwi,800
southbend,fainting couch/ chaise lounge,00202_kjnNmGICWQs,100
southbend,kitchen table & chairs,00X0X_39KAOn5vKPt,60
southbend,Master bathroom cabinets & countertop,01414_4RkJIzWGUB6,400
southbend,Master bathroom cabinets,00505_4o2MF4q8Mn6,200
southbend,Bathroom Composite Countertop,01414_4RkJIzWGUB6,200
southbend,Cabinet,00G0G_2EJFLNSYK62,25
southbend,Large corner computer desk,00T0T_cCFN1S41S7i,20
southbend,Solid oak cabinet,00f0f_bNpPMYhtDwo,400
southbend,New Beauty Rest Memory Topper,00C0C_l6D7RwrkynE,100
southbend,Ballard Design Bookshelves,00t0t_iCkLvB3dHPf,250
southbend,"Queen sleeper sofa, chair&1/2, ottoman",00v0v_7iIQhA0ysf6,250
southbend,Ralph Lauren custom sofa,00e0e_4dUBhUxyX4d,795
southbend,BRAND NEW *CHEAP* MATTRESSES!,00p0p_9xADOtmUgfS,98
southbend,Sleeper Sofa Loveseat NOW ONLY $499!,00w0w_gGarBxTbV60,499
southbend,"Night Therapy Set Spring 10"" Fusion Gel Memory Foam Hybrid Full Mattre",00U0U_9EFS8Yht3Yc,450
southbend,Norwalk couch,00v0v_4tgbFohU0Z3,300
southbend,Armoire/Entertainment Cabinet by Ethan Allen - MINT Condition,00I0I_cWmjACpPMOM,450
southbend,IKEA Desk Chair or Dining Chair with Leather Cushioned Seat,00Y0Y_3tm54F2q4Jw,20
southbend,Electric bed,00h0h_dVPPjh1cRUK,500
southbend,Recliners,00C0C_hZVrjyBRS0z,200
southbend,Vintage Vanity Desk / Dresser with Mirror,00C0C_lVXNp0nv0gV,250
southbend,Antiqued Hand Carved Table,00Q0Q_hE6KfHzj1h5,250
southbend,Set of Five Quartersawn Oak Taylor Arm Chairs,00A0A_hTylRKs761V,250
southbend,two living room chairs,01010_1bloVA24kj6,180
southbend,black china cabinet,00W0W_gdFVHZolktG,240
southbend,3 solid wood end tables/cabinets,00g0g_jaG7uD4FsLj,95
southbend,6 Piece Sectional Sofa,00k0k_6Su18KFEkEi,849
southbend,double reclining Loveseat ONLY $649,00B0B_cbdcZi84qaE,649
southbend,Only One Left~ Loveseat~Only $399,00101_fbMV9Uv9pxI,399
southbend,RV Swivel Rocker,00I0I_f3JUAer6577,50
southbend,Terrarium/Aquarium,01616_pCY0R3SYmT,150
southbend,Small Cabinet on wheels,00c0c_6RIdjzXQSRN,25
southbend,Wood Serving Cart,00l0l_3TQshFQzJmX,30
southbend,Two Bookcases,00h0h_5DfwHNmjYDr,50
southbend,Bookshelf,00y0y_iioLDtzs7iu,15
southbend,End Table,00c0c_l15dqDLkXHD,10
southbend,Barstools,00n0n_l5cr2VAIO6k,10
southbend,2 Twin Bedframes.,00p0p_f1z0Gf9BT0F,20
southbend,Desk Chair,00303_khiApanGxFa,10
southbend,"Zero Gravity, The Perfect Chair",00F0F_5tp97nI0E3n,700
southbend,Queen size air mattress,,20
southbend,"Office Furniture Sale - Desks, Whiteboards, Chairs, Electronics",00505_1Iavozno7Ts,
southbend,hutch/curio cabinet- 2 piece,00Z0Z_lJ1f6V32z1R,250
southbend,BRAND NEW *CHEAP* MATTRESSES,00p0p_9xADOtmUgfS,98
southbend,New queen pillowtop set,00X0X_lcBtpM0f8LX,600
southbend,"Round Side Table - Painted White - 18"" Across x 25 1/2"" Tall",00606_ckmOsE5dAAr,25
southbend,TV stand cabinet,00T0T_1jTgENQ8SMQ,30
southbend,Same Day Delivery On All Mattress Sets-QuEeN sEtS oNlY $250,00f0f_aWtfGVlSTDi,250
southbend,Antique table,00Z0Z_1j9U5s7qDNo,90
southbend,Table with 4 chairs and 4 barstools,00J0J_gznpa5wRbGF,300
southbend,Oak Free Standing Floor Mirror,01111_hNJwPviEbJT,75
southbend,Poker Table and chip/card set,00l0l_dzkoGqRQIw6,75
southbend,New Brunswick dartboard cabinet.,00000_C6IZOznqLL,175
southbend,Gorgeous entertainment center for sale with TV included,00707_7Z2ZRwAvcml,350
southbend,Wine rack,00X0X_8dcxwJtxZsV,30
southbend,Cherry wood dining set,00000_7SLI5kQW3Vh,1000
southbend,Nice sleeper sofa,00W0W_o1uceSN5Fj,250
southbend,White antique look 70 inch tall candelabra stand,00Y0Y_a1XagwJRvLa,125
southbend,Walter E Smithe Dining Room,00Y0Y_3mDJbp0pR5H,1500
southbend,Baker's Rack,00r0r_1rOHyKGGoCq,65
southbend,Vintage Mid Century Slat - Slatted Wood Bench Coffee Table Eames Era,01111_i8Mmk25FbQ5,199
southbend,Vintage Wood Side Chair with Padded Seat & Back,00G0G_5tyt4ja0Qjl,95
southbend,Coffee Table Ottoman Vintage Industrial Base New Crate & Barrel Cushio,00R0R_64hCuuQPsW6,225
southbend,Vintage Typewriter Stand Table - Cart - Drop Leaves - Casters,00L0L_iAycQKmEX0q,35
southbend,"Mosaic Table with Cast Iron Center Leg 25"" x 25"" x 30"" Tall",00505_hRPUK67XjSS,65
southbend,Vintage White Wood Side Table with Drawer,00404_jNggoT15VkX,35
southbend,"Wood Table Leaf - Approx 42"" Long x 10 1/8"" Wide x 3/4"" Thick -Used -",00g0g_11r7qJ4I0cu,10
southbend,"Oak Table Leaf - Approx 43"" Long x 11"" Wide x 3/4"" Thick - Antique",00E0E_1Qe8HhQz9tO,10
southbend,"2 - Wood Table Leaves 36"" x 11"" x 3/4"" - Veneer Finish",00G0G_6K5PN2sVmu6,10
southbend,Entertainment center,00505_aEUwTTPFz3p,90
southbend,Gun Cabinet,00e0e_iQ8UEOxX3jW,150
southbend,"Wood kitchen table, never used",00X0X_92dGJT8P49N,30
southbend,Coffee table and matching end tables set,01414_8nAoC3rqP52,40
southbend,Couch/sofa,00z0z_5E1PqLocm9R,250
southbend,BEAUTIFUL Loveseat. One Left,00404_8hjJW8TEVcE,449
southbend,Jewelry armoire cabinet box,00h0h_cPbVUE0fqGk,115
southbend,Sectional couch,00y0y_iUos85VPn1H,400
southbend,135 Gallon Aquarium,01616_9o64v131U7j,200
southbend,Mirror(s),00i0i_7ElzHsuRHaZ,40
southbend,ISO OF LITTLE GIRLS CINDERELLA CARRIAGE BED OR CANOPY,,
southbend,Vintage steel desks,,
southbend,LIKE NEW LOVESEAT!!,00k0k_gg4HG0AZaMz,150
southbend,BRAND NEW CHAIRS!!!,00g0g_dIwtvhfAT0z,15
southbend,Large Coffee Table,01111_4b6DRRQDO4Z,60
southbend,"Gaming, study, dining, craft or display table with rounded edges",00a0a_jVcFfxZrKEx,30
southbend,Wood Night Stand or End Table,00000_cf4lGf17pEg,25
southbend,Mid Century Philco Stereophonic Stereo Record Changer,00404_2dpK8qjOTEI,200
southbend,Mid Century  Wooden Foot Locker,00i0i_3zRslqrfPKD,50
southbend,Mid Century Caswell Runyon Cedar Chest Treasure Chest  Excellant !!,00W0W_2Fdq5GKwpBX,250
southbend,Beautiful Oval Coffee Table with Drop-down Sides,00M0M_6DorInolXUg,60
southbend,Solid wood bed frame (twin/single),00b0b_BNLSMHg57k,100
southbend,Solid Oak Bunk Beds,01010_bPlZ6yC6KOw,200
southbend,Night Stand/End Table with Drop Down Sides,00k0k_bNHL7UUnAgB,35
southbend,Matching square end tables,00D0D_be0KZ2CG3z0,40
southbend,Beautiful Tall Cherry Bookcase,00303_kNsqKMuqtty,80
southbend,Unique small wood coffee table/end table,00M0M_3wCMaPGBthX,20
southbend,book shelf,01010_hpvIl1uOCPm,15
southbend,Metal and Canvas Drawer and Shelf Unit,00a0a_b3HeKrubo6,25
southbend,beautiful old drafting table,00808_9TnuZ7DcO5d,80
southbend,Dining Room Table with 8 chairs,00w0w_5vZR8a4DsXS,450
southbend,Set of 4 In Excellent Condition Sqivel Top Bar Stools,00f0f_8Ne37gyHfzb,75
southbend,Roll Top Desk,00Q0Q_l8J0UMEzZsr,100
southbend,Beautiful Solid Oak Square Coffee Table,00I0I_ax5w8lIULSM,70
southbend,Hard wood rocking chair,00t0t_7yINTvVzQmE,125
southbend,INDOOR Estate Sale 11/10 & 11/11 2 Hickory 3 Oaks Mi,,
southbend,Beautiful table & 4 chairs,01414_fPNNfBjE1Yw,75
southbend,"Dining Room Set, Kitchen Table/Chairs and Shelfs",00I0I_cBJ3mUjiUvr,1
southbend,***CHEAP COUCHES/CHAIRS/RELCINER,00p0p_icxkHM6BIgA,1
southbend,Deep freezer,00j0j_18yh5biwyM,150
southbend,Bar,00000_dUwPJQFqYUt,650
southbend,China Hutch,00P0P_1XdGXecQd5b,600
southbend,Cadence Treadmill/ Body Champ weight bench,00c0c_fwBdbB5uy6Q,
southbend,Loft bed Frames,00303_cfqTK0DfwuC,
southbend,6x9 wool rug,00z0z_2CYvr36nOzP,100
southbend,9x12 Moroccan shag rug,00N0N_c8fqAR1hoUk,200
southbend,5 dinning chairs and a bench,00202_9tSc6Lotl8h,1000
southbend,2 Custom made bar stools - $100 OBO,00V0V_fgG1ksSiaMx,100
southbend,Vintage 4x6 Handmade Moroccan Berber Style Rug,00909_cBQhX9haMvh,95
southbend,2 Matching Ottomans,01313_ekatDzvGsSb,50
southbend,7' Broyhill Reclining Sofa,00505_bAP9Yalvzjf,
southbend,Antique Stl Claw Foot Stained Glass Entertainment Center Cabinet,00q0q_f2D7kxIMNs2,100
southbend,Antique Chifferobe,00w0w_e0gn8NNwTFj,150
southbend,Vintage television cabinet,00h0h_JLyEfi7u2c,
southbend,2 desks in good condition.  Need gone asap.,00h0h_l0lsoKZNcrQ,25
southbend,Reimagined 1930's-40's HUTCH/China Cabinet,00d0d_b67cSXaIPIL,279
southbend,Futon with nice thick padding for sale.  Great condition,00F0F_g0LW6Elghc0,50
southbend,4 Oak Barstools in great condition,01414_mMmhgwglvN,60
southbend,Reimagined FRENCH PROVINCIAL 5-drawer DRESSER,01616_O1oavH40Uq,165
southbend,High Table and 3 Chairs,00606_bC7O7RVHWof,75
southbend,Vintage 8x11 Brown African Kuba Style Rug,00i0i_6FLl235fAGR,250
southbend,"96"" sofa - free",01717_fA1pBxrNaEc,
southbend,Bathroom Vanity,01212_3JcFn4RzsGm,170
southbend,Vintage Bed Set,00m0m_7OJcv5g9bbb,150
southbend,Very Comfy Recliner in Great Condition,01212_6GyAEAXJTbT,100
southbend,1938 RCA radio cabinet reimagined,00Y0Y_9kk9a7uozlF,175
southbend,NEW electric recliner,00606_4G4SaenWlaa,350
southbend,Comfy Clean Sofa,00G0G_jnuHRgsZbhJ,300
southbend,Beautiful Antique Butlers Pantry,00L0L_cmuzvYA0Fpa,400
southbend,Like New Rattan Furniture Set,00A0A_fmDwT7K2wv,600
southbend,Antique hardwood round table and four wood chairs,00y0y_g9KaKIFttGb,750
southbend,Particle board shelving,00O0O_fHJZoPnEWuM,125
southbend,nice reclining chair,01414_9p3rnN2jIFd,35
southbend,Dresser,00H0H_6yDdb3qEJb5,55
southbend,Table & 2 Chairs,00R0R_1xcXlb5fOKW,65
southbend,Dresser & Mirror Late 1800 ( Antique ),00b0b_jCR7qdWRywj,700
southbend,Table & 3 Chairs,00G0G_9lGif7CesS1,275
southbend,Chess table with chair,00m0m_cUQTp8zyNdX,
southbend,Bed,00Y0Y_8aybEoKgwcv,250
southbend,"Queen bed, dresser, nightstand",00O0O_8KnWOwSPYj4,500
southbend,Executive desk,00n0n_bnGPQl398Yc,100
southbend,Metal Loft bed w/desk,00M0M_hz8t1ZmY0OJ,150
southbend,Custom made Podium/Hostess Stand,00E0E_2FtOAv8FrGX,150
southbend,Couch Set for sale,00x0x_8OERSNTuu9n,550
southbend,Oak corner cupboard - PRICE REDUCED,00B0B_5DCE0IfNmtz,50
southbend,Dining room table and 4 chairs,00j0j_kVAdHzlE5zU,300
southbend,Sturdy Loft (twin),00E0E_6wPsfQ8R81s,90
southbend,Twin bedroom set,00v0v_bzUVRpPjnBh,400
southbend,"""I'm nice especially for the price""",00101_dytGdvWgLaX,450
southbend,antique student classroom chair,00x0x_kfxJofRMbwj,15
southbend,upholstered dining chair,00n0n_czSnR1dExBz,25
southbend,secretary desk,00505_8trASAbIVFL,50
southbend,Solid Oak Computer Desk,00707_7ElA1adwc8h,250
southbend,Twin bedroom set,00v0v_bzUVRpPjnBh,400
southbend,late 1800's teachers desk,00b0b_kj6GGSl7FLJ,200
southbend,"Nice blond circular, to square kitchen table 4 chairs",00V0V_e7EKUaoyGCT,100
southbend,Oak Coffee Table + 2 End Tables,00K0K_fhBhUz1oQAZ,125
southbend,Large Solid Wood Coffee Table,00V0V_BqjyzyWpwy,80
southbend,Day Room Set,00Q0Q_2RqZqlyhear,
southbend,Vintage Radio,00m0m_7XwrbiMQ00c,
southbend,Love Seat,01212_lJSmxgSqzFV,
southbend,Chair,00s0s_gAGHExODJri,
southbend,Two Low Back Oak Chairs,00G0G_8JfqE1ZUciA,75
southbend,"Leather sofa/ bed,loveseat",00X0X_ls0XQzy9yhQ,580
southbend,RECLINER & DINING ROOM SET,,
southbend,Mid Century Modern Henredon Cabinet,00b0b_1lfGDAiHWXs,250
southbend,End Tables (2 Matching),00Q0Q_cSXZMBDRBjp,50
southbend,Dining/Game Table and Six Chairs,00404_4Rb4e1AkkWJ,350
southbend,Office chairs,00e0e_2ltnWSuBN1Z,20
southbend,Office chair,00D0D_d29sx4YDHm2,5
southbend,"Tables, Chairs, and Fishing Pole",00T0T_hGKx9H10Mqx,
southbend,Pink twin bed with pillowed headboard and sides,00Q0Q_huonwYlYmn,150
southbend,Portable Poker Table,00J0J_dZkiS5qaYcf,35
southbend,Better Homes and Gardens Accent Table Espresso,00O0O_cx9UePpLOMY,15
southbend,Bamboo big chair reduced price $160--- to only $80,,80
southbend,Stuffed Animal Storage Cabinet Zoo,00U0U_7DL98LKhnc7,100
southbend,Refinished Furniture,00e0e_gIhfsQg3SHm,1230
southbend,Steel large Filling cabinet,,90
southbend,Signature Sleep Ultra Steel Bunkie Board- twin size,00202_2chR5l6loh,50
southbend,Signature Sleep Premium Ultra Steel Mattress Foundation- full size,00b0b_5WaztJRkKgu,75
southbend,"Signature Sleep Premium Steel 8.5 in. Mattress Foundation, Size: Queen",00S0S_6cJLQhZ2Hce,120
southbend,Antique Solid Oak Harvest Table,00x0x_VNDfi4dtW8,1100
southbend,Two French Chairs,00t0t_jsGhiO7nwZt,135
southbend,antique secretary desk,00l0l_cu6mBuQkIQi,250
southbend,Pair of Levenger Solid Oak End Tables,00z0z_hYVzGTxq3NI,300
southbend,Oak Coffee Table with Drawers,00y0y_ck7XRGbRjJG,180
southbend,Mid Century Mirror,01212_hd6Jc0EvEld,44
southbend,4 Pc Picture Set,00i0i_gAimYTtEokK,50
southbend,Water Fountain,00W0W_YTy5Kc048I,50
southbend,7 Pc Patio Set,00j0j_8BMic9Fsa2c,75
southbend,7 Pc Patio Set,00j0j_8BMic9Fsa2c,75
southbend,Electric adjustable twin bed,,200
southbend,Bookshelf clock,00c0c_lwIq2RPoS4e,100
southbend,Furniture- double size bed chair and computer table,,400
southbend,"Desk, hutch, and roller drawers",01414_cvvCZWIMSc9,50
southbend,Multi colored lights,00r0r_gBpWpLQBvc9,40
southbend,Toddler bed,00909_6bWfo01TEf7,35
southbend,2 piece Sectional,00202_gh515EoIKXu,350
southbend,Queen size foldable bed frame,00Y0Y_62oCzbErLco,10
southbend,misc,00v0v_42OzzjFeNU3,1
southbend,Custom Handbuilt Harvest Tables,01717_3IOGuurxBCB,
southbend,"2 drawer night stand/end table, dark brown",00v0v_i0ctp57gUwx,30
southbend,Coffee table/end tables,00I0I_1to80z6Y7M5,80
southbend,Coffee table,00R0R_5oaeIiQvKWO,40
southbend,AHB Worthington Tall Bar Stool - Coastal Gray with Sahara Sand set 2,00h0h_dPkNgPFbP4W,250
southbend,Lighted glass curio cabinet,00909_7baIsy5rbkl,800
southbend,3 Oak Bookcases,00G0G_8IEhzkB9Qfp,300
southbend,Two chairs,,20
southbend,Double Reclining Loveseat WITH LED Lights,01717_4tHSNcQctCK,749
southbend,TABLES,00C0C_3eURCwEcUxa,150
southbend,Ikea Full Size Bedframe with Mattress and Box Spring,01515_4cIcf0VUN5Y,400
southbend,Table & chairs,00e0e_hkzHRvWvgru,200
southbend,Desk,00L0L_5DFX9qqpVMC,75
southbend,Printer Cart,00G0G_7GqNvzk9MeK,35
southbend,Black Armoire,00b0b_kLhxJm591jj,150
southbend,Wood Twin bed frame,00707_gQs9m4xMn7j,50
southbend,Blue couch & loveseat,00C0C_6khQU62MUDd,300
southbend,Two couches,,150
southbend,2 project end tables,01111_72EwcMquUyt,20
southbend,Ficus silk plant 6 ft.,00X0X_8vYGpyeZHLs,15
southbend,Hearthsong hanging chair crescent Hugglepod stand,00e0e_fWgwKIBQcFB,75
southbend,Twin Mattress and Box Spring,,110
southbend,Curio Cabinet,00P0P_5zzHzSdHo1G,100
southbend,Chair and a half w\ Sleeper - Like New!!!,00b0b_18DtlkN15LA,200
southbend,CHINA CABINET AND BUFFET TABLE IN EXCELLENT CONDITION!!!,00C0C_c85XaNvtJhN,175
southbend,Solid Oak Entertainment Ctr,01515_5Doy9g8HPg0,300
southbend,Bar Stools,00k0k_cgizGu7aMCm,25
southbend,"Two Sofas!!! Not in horrible condition, I've seen worse!",00m0m_Dy9DsCyIM2,100
southbend,Black hutch,00q0q_fSHFj752TIf,100
southbend,FULL sized Box Spring & Bedframe,,25
southbend,Furniture,00R0R_1I5PgB0llK6,30350
southbend,Early 1900's corner cabinet,00X0X_kt1cAE0kxpl,325
southbend,Entertainment Center,00S0S_5RnnZGgcdxj,120
southbend,CUSTOM MADE BEDROOM SET,00Q0Q_7gwwliRgyvt,4999
southbend,Riverside oak end table/magazine rack,00Z0Z_kJOK2uhr3U2,90
southbend,Outdoor furniture,00y0y_5S2BIGkhMpT,85
southbend,Farmhouse Table,01111_kbYcbkH0fgw,350
southbend,Pair Sam Moore Chairs,00I0I_2x0pvPunQtG,275
southbend,Winsome Wood Jasper Storage Buffet Black,00V0V_gSoUe4WHUVn,120
southbend,Swivel rocker and Ottoman,00w0w_9oCYrt5ID0Y,30
southbend,Tan microsuede loveseat and oversized chair,00l0l_a2pujR97wP4,500
southbend,Bookcase with doors,00606_7HXC8PvxkE7,30
southbend,"""Leather"" loveseat/chair set",00S0S_50vKmIOMODK,200
southbend,Computer desk w/ keyboard slide out,01212_1MKkTFIxDmr,10
southbend,*Futon* - Click clack sofa style - brown,00c0c_c4cLEuwrGiK,75
southbend,Entertainment Center,00z0z_8SJXGap9oLd,50
southbend,Wooden rocking chair with teal cushion,00303_iNcA1geLIY1,75
southbend,Rocker and wicker chairs,00R0R_7rPChvcexXU,180
southbend,Hover Round for sale,,
southbend,Wood Table and Chair Set with Extra Leaves,01414_6VmSQREgodb,125
southbend,Rolling Cart,00l0l_8nfIvoU3kUb,10
southbend,Architects Desk,00x0x_1J7Q0uG4TCd,80
southbend,brown faux leather couch,00707_9RrDVNjJTDS,300
southbend,Vintage Refinished Solid Farm Table,00k0k_byrWJzq5LOh,125
southbend,Computer Desk / Work Table,00202_59BmbWR77cZ,15
southbend,Vibrator Recliner Chair with Heat,00D0D_b8oDk36aFdY,50
southbend,South Bend - Designer studio sofa,00i0i_kJzjTcJ2RLR,400
southbend,Danish credenza,00I0I_45TAWlEPkDh,425
southbend,South Bend - Designer studio sofa,00i0i_kJzjTcJ2RLR,400
southbend,South Bend - Designer studio sofa,00i0i_kJzjTcJ2RLR,400
southbend,Coffee table,00j0j_bN8qJjdNHjm,100
southbend,South Bend - Huge blue and white 15 x 12 soft cotton rag rug,00c0c_jd3sSC7U0W0,195
southbend,Beautiful Rustic Cafe Counter,00I0I_bdYFg3b50iD,500
southbend,Queen bed stand,00p0p_1LVAEiNmMrJ,30
southbend,Crystal chandelier,00C0C_drA8Df8vIir,25
southbend,Multifunctional table/tv stand,00e0e_2ANxVaX9Ogf,100
southbend,Rug: 7'8 x 10'10 Oriental Weavers - Make an offer!,00Z0Z_hoOdXE9OscP,50
southbend,"Hinkley Chandelier: Plymouth Olde Bronze 9-light, 32 in diameter",00202_a77rvetit85,250
southbend,Mid Century Bedroom Furniture,00y0y_9VdmEiEmSkn,250
southbend,Multiple size glass jars,00L0L_ibx6tnLtiep,40
southbend,Wooden rounds used for centerpieces,00J0J_cNboBZyhMUL,4
southbend,Cheers to love sogn,00w0w_5U9sELgBXEs,7
southbend,Console,00W0W_7qI3o55QyTp,75
southbend,Vases,00a0a_2UMV0KX6fvl,5
southbend,"""Open bar"" wedding sign",00b0b_eyHPtYt1ped,5
southbend,Burlap pen,00F0F_dGVX21Mjii,5
southbend,Giant mirror,00e0e_geOKUHhcFLf,50
southbend,White bird cage,00d0d_4wYxMWcZCjl,15
southbend,24 gold table numbers for wedding,00J0J_kNr8rrOW389,24
southbend,Hospital white cabinets (uppers),,300
southbend,"Moving Out - SALE - Couch, Tables, Chairs, TV's",01616_jssKKq8zXJx,1
southbend,"Pier One Imports Furniture, Ratan Whicker , 7 Piece Bedroom Suit",00J0J_icg4DGh11IX,
southbend,"furniture items; Trunk, lamps, fireplace screen, shelf, table w/ 4 ch",00C0C_6SowKYMV4Yr,
southbend,"Retail Fixtures, Slatwall Easy Panels Black (8 Panels)",00r0r_hxtziYrEWbm,
southbend,Glass door,00303_hpZmb8k2JJp,50
southbend,Reclining Chair,00505_5ZdY2ICzlym,70
southbend,King size cherry sleigh bed,00a0a_gLKtUbBaF0H,1200
southbend,"SOFA, ENTERTAINMENT CENTER, SADDLE, RETRO CHAIR",00F0F_3Vmevcmekjp,
southbend,Queen Bedroom Set,00L0L_huz4Hd3x0pY,800
southbend,Banquet Table folding on casters,00F0F_hIL5xj1xfFf,30
southbend,Pier 1 Bamboo Serving Table with removable tray,00L0L_i6oEbpNBmgg,20
southbend,Antique Vintage Hall Chair with side table,01111_kpYzaRvb1se,45
southbend,Antique Accent Table,00m0m_40HXLHeoMG5,80
southbend,Full sectional Furniture set,00m0m_2DHTqLnQ947,375
southbend,Bedroom set,00q0q_faDDkNnN8bI,200
southbend,Dining Chairs,01010_2y1Gwgu4hq,300
southbend,Dining table /Chairs,00Z0Z_aedexRNyCcB,400
southbend,Antique Style Oak TV Entertainment Cabinet Center,00C0C_gYqbjHBCNJn,450
southbend,Blue toddler recliner,00W0W_3kethdFcQPz,10
southbend,Sofa and matching Love Seat,00606_8c1t3zNAol8,500
southbend,Toddler Recliner,00404_7xPKaxMAKYI,20
southbend,Misc. Furniture,00k0k_98KnMU1zqpp,30
southbend,Dining Room Table,00C0C_jZbrSYUq6du,20
southbend,Sleeper chair,01313_fkbrtTrcVY5,50
southbend,2 - Black leather chairs,00Z0Z_lTyOBf1dfsK,37
southbend,Chair with Storage and Casters,,15
southbend,End Table,,15
southbend,Desk,,20
southbend,Book shelf / Entertainment center,00909_1KshGzL1uyy,250
southbend,Curio,00Y0Y_bVdkBFVK8zR,100
southbend,Lazy Boy reclining sofa and Love seat,00P0P_6RKGih8YTIp,600
southbend,"Desk(s) chair, rug",00f0f_7TXTKPaALW,
southbend,2 end tables and matching coffee table set,00N0N_kyBOiRYDxTX,50
southbend,Kitchen table and 3 chairs,00x0x_ftrW3OvtzS2,
southbend,Computer desk,00h0h_dRY3hQOujMQ,100
southbend,Wrought Iron patio table and tea-cart,00Y0Y_8NEgA7MWi3K,800
southbend,wicker chair and others,00H0H_fN47Ortg3uo,75
southbend,Curb Alert: Free midcentury couch!,01414_ggUJNFVzJz6,
southbend,Tiffany Lamp,00c0c_l1eUDFcte0V,45
southbend,Sofa,01717_9uSk4i2aPsh,135
southbend,Brass Lamp,01717_az8tFTVFjFW,20
southbend,Floor Lamp,00P0P_4ywIoqUCMqZ,40
southbend,Lamp,00303_kgZbc6cIHg4,20
southbend,Recliner sofa,01414_33BD60bs8Z3,600
southbend,Four Pottery Barn Chairs,00Z0Z_Gk7BT4Tq6m,375
southbend,Two Solid Wood Chairs,00X0X_5S5PzHDR0Yh,200
southbend,Person withHenredon chairs. Pair for 150.00,,150
southbend,Beautiful 7 cube unit,00y0y_1bcm1OfDv7y,40
southbend,Platinum Loveseat WITH Matching Pillows!,00909_h17UVDtf5Xu,399
southbend,Rolling office/desk chair,00o0o_ZeJXx5RrGC,20
southbend,Large brown hutch,00404_geQcx3BJ0L0,350
southbend,Large couch with love seat.,00D0D_lh1frNK5dnh,150
southbend,POTTERY BARN WOOL RUG,00G0G_iBKv2kq6Ovq,150
southbend,"White chalk painted buffet dresser or TV stand 30"" x 56""",00T0T_iBM3n9lJIrb,225
southbend,Beautiful set of  4 high chairs and a matching table,00H0H_5LsF76HClFN,285
southbend,Danish credenza,00I0I_45TAWlEPkDh,425
southbend,South Bend - Huge blue and white 15 x 12 soft cotton rag rug,00c0c_jd3sSC7U0W0,195
southbend,Pottery Barn Ottoman Coffee Table,00p0p_h9mdWcBJf2I,600
southbend,Red Leather Love Seat,01414_b23Ix9nL95k,125
southbend,J. R. JR BUNTING Bouncer Chair USA Made,00i0i_dLQqVqqB8kt,80
southbend,wicker king size head board,00808_125A2edds5y,20
southbend,OOPS... We Accidentally Have One Left.. Last One,01313_R1PmyR3QmB,449
southbend,Ethan Allen bookcase headboard,00k0k_4PSDeUnxuot,350
southbend,Wool rug,00k0k_9DZNYLUY8Yd,95
southbend,High Dining Table,00k0k_4nFJ0V4VWZp,60
southbend,Electrical chair,00v0v_lTAx33Ttrjl,250
southbend,King size mattress and box springs,00O0O_5EzolZqghTC,70
southbend,Couch and chaise lounge,01414_3gFPyOqENg1,200
southbend,Entertainment Center,01616_4wseAbVru9Q,200
southbend,Folding Backpack Beach Chair,00O0O_7xcgaZrokxy,15
southbend,Twin inner spring mattress,01111_go0vZhjG1aS,40
southbend,Gaming chair with speakers,00a0a_jvuKbhOluCM,25
southbend,White folding table,00x0x_1k6KeFhJCvj,30
southbend,Students desk,00v0v_kKnNGAvUBET,10
southbend,Portable Massage Chair,00E0E_dIEYhBEkgR7,100
southbend,King PillowTop Mattress,01212_8Hx17ns1x5c,275
southbend,Queen PillowTop Mattress,00B0B_1ZNwwy7TPDg,150
southbend,Brand New King Mattress Sets!!! $275 + Warranty !,00404_9MYKKDln7A6,275
southbend,Mattress Sets 40%-80% Off Retail Prices,01414_iV7K7Bu8SKb,115
southbend,Mattress - Queen,00J0J_itrlG5cY1tq,125
southbend,Discount Mattress Sets,00o0o_8hR76mMVXc0,115
southbend,King Mattress,00404_9MYKKDln7A6,275
southbend,Gel Memory Foam Mattress Set,00202_1cVlKn9kFk8,350
southbend,Queen Mattress Sets,00H0H_dykj5S9Z7uq,125
southbend,24 inch swivel bar stools,01616_hppkjvuuLrZ,125
southbend,Oak bookshelf,00C0C_QAojEFF9pO,50
southbend,Ottoman,00x0x_9siC4Wg34DI,150
southbend,Desk chair,00Q0Q_aFas2cKsNwp,50
southbend,Kitchen/dining table,00D0D_hC0ASRCwEs2,400
southbend,** GLASS PATIO TABLE **,00v0v_cOs6jjqoghV,40
southbend,"Grand Piano Bar, Display Work Bench, Presentation, Counter",00K0K_iKFHLuEER8w,25
southbend,Baby changing table,00C0C_jRSHrJY2oof,60
southbend,Bassist Mirrior,01010_4lNMj7fm1Iv,200
southbend,China Cabinet cherry beautiful,01010_eF7Kp1INyQT,200
southbend,"Antique Table, hutch, buffet & dry sink",01414_1rkavgj3LXK,300
southbend,Office furniture desk set with book case,00h0h_iGO6WEymTyK,350
southbend,LIQUIDATIONS SALE!!! Gently Used Bed Sets,00S0S_hx9BCc9pUNo,
southbend,1940's Solid Wood & Beautiful Inlay Coffee Table,00202_88WX69KzEHC,1000
southbend,3 matching solid wood tables,00m0m_bPwjORnJiyi,60
southbend,Futon from Fenkers,00E0E_liI5GAzstVZ,250
southbend,Vintage Mid-Century Sectional Sofa/Couch - 3 Piece,00T0T_iTHLkEFd7dp,600
southbend,2 wood and stone end tables,00g0g_gExLOd4URyo,50
southbend,Ornamental glass/iron coffee table,00g0g_hkkRpyyAfT5,200
southbend,Queen size platform bed,00O0O_4cc3KywNzsc,100
southbend,Solid wood end table with storage,00707_6ufmHGW8N7I,50
southbend,Queen headboard solid wood,,60
southbend,Zebra Foot Stool,00x0x_f6vFB7Ry6js,15
southbend,Antique Vanity,00n0n_4kcupkM8B3W,90
southbend,Free Standing Bench Swing with Frame,00303_3oivaPgnIFG,50
southbend,Office chairs,00Z0Z_knqPidyr0Tn,25
southbend,Filing cabinets,00c0c_3rZDE0vzzH9,25
southbend,End table,00Y0Y_e5SGpZgZyVY,20
southbend,Loft Twin Bed,00K0K_ffQDPOb1Lvc,200
southbend,"Fusion 24"" Metal Backless Counter Stool with Wood Seat, Set of 2",00X0X_63a0Ex3vQnx,60
southbend,Techline Entertainment Center,00Q0Q_lANkYs3XTwH,100
southbend,Coffee table,01010_fKXhew54Uui,
southbend,Antique Dresser,00X0X_gdKqNWvl17H,325
southbend,End table,00x0x_bTFBZXSjE6N,
southbend,Portable 53inch Steel Frame Closet Storage Organizer,00o0o_8SAz2Vttw8R,30
southbend,Director chairs,00b0b_gQ5pLiAoezs,15
southbend,Wooden Folding Chairs,00U0U_2cNemtVbIIV,50
southbend,4 Piece Bedroom Set (Oak),00w0w_a9WQquWrBZw,450
southbend,table,00S0S_aK0ye5RsXbr,40
southbend,Brand new neon Pink Flamingo,00z0z_gssYSxAYPmv,50
southbend,large ikea armoire/matching twin bed,00N0N_ep8VNojbfA7,10
southbend,Full size mattress/box spring + Extras!!,00s0s_bKhrCM5aXSl,100
southbend,Camelot Canopy Queen Bedroom Set,00a0a_1QgutrluOgL,400
southbend,Couch great condition with pull out bed,00g0g_7aIki02lpO4,100
southbend,Oak 6 Drawer Vanity Dresser and Mirror,00N0N_9ogzLkpXD34,200
southbend,File/Cabinet Safe,00a0a_sgXIMdMaKi,100
southbend,Certificate++ of Authenticity Chair__ and ottoman,00a0a_cES3ahEvyp9,1015
southbend,Leather sectional sofa,00V0V_gCFVdU0KVA2,40
southbend,China cabinet,,75
southbend,Table + 4 Chairs,00z0z_6UsCdYPmTbW,35
southbend,Like new couch,00g0g_7aIki02lpO4,100
southbend,NICE LEATHER RECLINER,00Q0Q_hh95oneOHbi,60
southbend,Brass Headboard & Footboard,01010_3UIdQ8A72Rd,125
southbend,Huge sectional.,00P0P_fK8o8CSNa3N,1000
southbend,La Z Boy Recliner,00808_DORRlwzsY5,85
southbend,Queen hide-a-bed Loveseat,00s0s_m3ivTobG02,150
southbend,Kittengers buffalo bachelors Chest,00j0j_iCdbqKnELfV,425
southbend,Round table and 4 chairs,01515_3Fz8WKm6NwF,375
southbend,Solid oak shelves/entertainment center for sale.,00j0j_hquutrg2wQW,80
southbend,NEW Mainstays 2 Tier Writing Desk,00505_inopdijFSMF,25
southbend,Curio Cabinet,00O0O_2gVKkAmN31D,30
southbend,Older Homemade Bar,00B0B_a0gwkKNXVOs,15
southbend,China Cabinet/ Collectible cabinet,00Q0Q_fWAj19ZzMl,65
southbend,6  arm chairs for  dining table,,60
southbend,Glass patio furniture,00v0v_cOs6jjqoghV,50
southbend,High Dresser with Mirror,00O0O_6UxfTjtTJlX,1
southbend,Quality Oak Cabinet,01313_cznoRqMRKGl,50
southbend,Like new bar stools!,00g0g_hoPCh255sqn,100
southbend,nice leather like sofa/futon/bed,00h0h_5mDpM9iklGV,50
southbend,Ethan Allen Sofa,00f0f_jRoGf7MM4ZS,150
southbend,"Like new, brown faux leather couch",00000_2aErnxpwqrS,300
southbend,3 ft baby/pet gate,,35
southbend,"36""Sony XBR TV Pic in pic 2 tuner w/ stand and racks lower price",01414_8m06jEDtHk7,350
southbend,Wooden file cabinet,00606_14vdObkc4KP,5
southbend,Wooden round dining table,00z0z_1EQuQSDCQ8c,25
southbend,Twin size headboard,00I0I_bB8F9xSlkjZ,5
southbend,Old Desk,00u0u_4ePhVYJYhkq,10
southbend,Dressers,00g0g_7uGgDhpc78h,
southbend,Solid Wood End Table and Lamp Set for Office or Home,00q0q_2RhaT4gd1US,40
southbend,Unique Solid Wood Geometric Wooden Stand Table,00f0f_bbrwICN4IKy,15
southbend,2 Solid Wood Kimball Office Chairs,00i0i_6txBLaycsUN,80
southbend,Solid Wood Kimball Office Console Furniture,00N0N_iYfKcoYHtq8,200
southbend,Solid Wood Kimball Office Desk Furniture,00o0o_7nFNNDZ873T,300
southbend,Sofa Table (Granite),01313_au6i4nBkj5m,100
southbend,Luxury Unique Dog/Cat Lounger,00M0M_lX0xKN3Zj6C,60
southbend,Blonde Wood Desk & Office Chair,00c0c_fj3uZWU5e1Q,50
southbend,Black Leather Klausnner Sleep Sofa. $150 OBO,00w0w_bjR8tYPqnop,150
southbend,"Vintage Romweber viking oak, sideboard, buffert, server",00y0y_k2sg6oPtnrK,695
southbend,Full size bed,00R0R_gFztMoKiPid,400
southbend,Twin Mattress Sets - Very nice,,100
southbend,Noah Gathering Collection Dining Set,00L0L_dFUshltifxu,650
southbend,"Large, beautiful leather Chaise",00404_jNyp5YiSdtV,65
southbend,Dining Room Table { Also Pulls Apart },00T0T_l9RYEnt0ls3,150
southbend,Bush 5 shelf bookcase WL 58972,00404_hkKbq13wcUK,75
southbend,New desks in the box,00u0u_3isOxr59m6d,65
southbend,Mission-style Dining Table and 6 Chairs - $400 OBO!,01212_781Kiewf3df,400
southbend,Office Chairs,00L0L_bPtXdmyyEfE,20
southbend,Carry-On Rolling Bag,00l0l_lelr7k4zilt,20
southbend,Pink Pegboard Stand,00O0O_81aN9Prd8nH,40
southbend,Waterfall Vanity Dresser,00p0p_d2B58vpaNs5,285
southbend,New 6ft folding table,00I0I_jFY6zwBJUw8,25
southbend,Exotic Asian Armoir/Cabinet,01414_6k15dI2NX53,500
southbend,Table and Chairs,01717_8TgNBH0Aulx,50
southbend,Beautiful classic Dining Table,00i0i_79lbKS0d9Jw,95
southbend,Bar rack,00h0h_gMIMq2LX85y,250
southbend,Complete bedroom set + TV,00h0h_1u3MFzoORjt,800
southbend,Queen Bedroom Set,01717_9AKGn7dYHcT,550
southbend,antique table,,100
southbend,American by Martinsville Black Lacquer Buffet Credenza Dresser Mid Mod,00U0U_5LCoca8xK9M,900
southbend,Brand New Stanley Kickdown Door Stops for Residential,00909_83yDkcqqFID,4
southbend,New Matercraft 28 inch Interior Light Oak Door,00W0W_jt7gTLMxwQ9,70
southbend,Walnut Finish Metal Typewriter Stand W/2- 9 inch Extensions,00W0W_dWcJjecMMdv,25
southbend,3-Lg HB Burgandy Cushioned Solid Wood Frame Chairs- Comfortable Chairs,00E0E_gQYEEIXiwS0,55
southbend,One Maple Wood Dining Chair With Cushion,00b0b_gtZxiSEVnHi,10
southbend,One Maple Wood Dining Chair With Cushion,00b0b_gtZxiSEVnHi,10
southbend,Cane (rattan) 3 seat sofa + 2 chairs + Coffee table + Dining Table,00p0p_3m6iF9epET3,240
southbend,Queen Brass bed with metal Frame,00505_ee55Fmf2sq3,150
southbend,2 sofas and lowsit leather,01111_ggvKuewMvrR,1000
southbend,Bible/dictionary stand,00000_hIp3twfxVvM,25
southbend,Sturdy chair,00i0i_4NcQSiuTBau,20
southbend,Patio dining set,00i0i_ec2kpota7NT,400
southbend,Leather chair,00G0G_bsWjznfIKvY,100
southbend,Counter height stools,00H0H_bSbaaZSB33a,50
southbend,Oversized floor lamp - bronze,00000_h5wklBRj8cU,40
southbend,Black Swivel Office Chair,00w0w_e3AwGLMmtGl,35
southbend,Cream Swivel Office Chair,00w0w_hM3CoIXTzKt,30
southbend,Bedroom Set,00o0o_jo2tjVM5okY,495
southbend,CHAIR & OTTOMAN,00e0e_e5sweJlCa5y,220
southbend,Glass Top Metal Table,01616_eNWRtgdr7Tn,85
southbend,Queen Bedroom Set,00S0S_cBPgj1usII0,650
southbend,House Hold Items,00909_5cigu2Gm1xE,20
southbend,ENTERTAINMENT CENTER SOLID WOOD,00101_jRLfPiseXm8,10
southbend,Queen Bedroom Set - White Wicker,00D0D_5SNfk5W9DKv,145
southbend,Vintage Rattan Paul Frankl Style Pretzel Sofa,00S0S_eJTu8pyu49M,375
southbend,Batman Nightstand,00E0E_gp8O2u22NzB,75
southbend,Batman Nightstand,00000_2oIttVuKEK4,60
southbend,Queen Bed Frame,,150
southbend,Unfinished wooden hutch,00p0p_7i4M6YofGz4,400
southbend,glass entertainment center,,100
southbend,Patio table,00G0G_jUTxzPyW1Dy,30
southbend,Dorel Home Twin Trundle for Metal Daybed,00101_1XkfSSZVSIr,20
southbend,Cabinet,00s0s_chUMV8R7LLb,175
southbend,Dining Room Table and Chairs,00I0I_dpMcrUx66yq,150
southbend,Farmhouse Table,00i0i_6rCeQN8lzRZ,200
southbend,Farmhouse furniture set,00Q0Q_4fB2Xtd7VHc,750
southbend,Tv stand,01111_6ZHFXMZSBuz,40
southbend,Pair Sam Moore Wing Chairs,00I0I_2x0pvPunQtG,275
southbend,"L-Shaped Desk with Side Storage,",00k0k_5tZJe0ymmzY,70
southbend,Executive Solid Wood Bookcase,00n0n_1u2HTQcYDUR,250
southbend,Piano pool table fish tank and more,00S0S_gOp8yamn5MX,
southbend,Sofa,00i0i_1MhCHldcLNC,100
southbend,Antique chair,00c0c_jKvGty3qfRv,95
southbend,sectional with recliners,01212_21JHX60JHEo,1500
southbend,Sofa,00a0a_2wgcgTDehRk,240
southbend,Henredon Louis XV Arm Chairs,00o0o_1gmizKDyPfL,150
southbend,Wine Bottle Lamp,00E0E_8meymnksRxF,2
southbend,NEW POWER-LIFT RECLINER,00d0d_3AnFEvVkL2t,400
southbend,ARCHED CURIO CHINA CABINET,00303_hV0fpQll2ng,200
southbend,Recliner sofa/couch,01313_fvNpvNubEVC,400
southbend,Kitchen Table (Moon Table),00s0s_dRKL4kcZfSJ,75
southbend,Table - Kitchen / Dining With 4 Chairs,00W0W_ayiWt9DrKH2,295
southbend,Coffee Table & 2 End Tables,00e0e_k4Tvl719KXs,150
southbend,Antique Cabnet,01212_5dhzgbXTzy,75
southbend,Vintage Cabnet,00E0E_j0XIV0MYVTZ,80
southbend,Dining Table & 6 Chairs,00E0E_eoRoayI7JGg,400
southbend,Oak blanket chest,00R0R_2BxHzCSiKwE,125
southbend,Lateral File Cabinet..3 Drawer,00t0t_k1KFMP4ixLd,1
southbend,********glass table*******,,100
southbend,Reclaimed lumber Table & Bench,00000_eCIi0vMWOdT,250
southbend,free couch,00P0P_9wYVgN5dDX8,
southbend,"Moving Sale Sofa Set, and  Dinning table, Full Size bed set, Chairs",00J0J_53FUco2bM5C,
southbend,Couches,00G0G_7CV3rTTbA9m,100
southbend,vintage Virginia House dining set with buffet,00F0F_5QaqYc5qKKs,540
southbend,"SystemBuild 24"" 1 Drawer/2 Door Base Storage Cabinet, White",00h0h_739e0TdOKqo,70
southbend,Large Frameless Wall Mirror,00p0p_69EKuVt9pTJ,75
southbend,Couch and love seat,00a0a_jUXLYXRLAXs,
southbend,IKEA chaise lounge,00H0H_kw8n9nqa693,75
southbend,Small Wooden Dining Table,,25
southbend,Brand New Full Size Mattress Set,,175
southbend,"Brand New 43"" TV",,250
southbend,White Leather Couch,,30
southbend,Section Recliner 3 Piece,00e0e_jXHarl0z6N9,1500
southbend,IKEA Hemnes TV stand,01111_4R3AmZoTdAH,70
southbend,Adjustable Height Laptop Cart Desk With Storage. Woodgrain,00N0N_38bgfGOwe2g,25
southbend,LIKE NEW - CHAIR AND A HALF W/ PULL OUT SLEEPER!!!,00b0b_18DtlkN15LA,200
southbend,Silver Matching Lamps,00L0L_jJZBkjiOK6t,15
southbend,Workshop Helper,00R0R_91n6ughTgBl,10
southbend,Antique Mirror,00l0l_6zDpFgHwhOg,5
southbend,Pottery Barn Kids Twin Bed,00h0h_3mmaKvqyrtQ,200
southbend,Captain twin bed w/three drawer storage,00B0B_4vQCRbx8ap,40
southbend,Tables set,00O0O_jI7bwV010e7,100
southbend,"Dining Room, Table, Six Chairs, Dining Buffet, Leather Framed Mirror",00L0L_5JS1wYCEf2Y,2700
southbend,Small portable Desk,00r0r_8c268sEym5q,10
southbend,3-Piece Sectional Sofa,01717_cAF5Oc8qCUI,500
southbend,2 - Matching IKEA Office Chairs,00O0O_h91EGlqcvQ6,180
southbend,XLarge Rattan Chair w/ Cushions,00K0K_ednVP65MvdW,65
southbend,Marble Table Top & Base,00N0N_jdxD87XWOI,40
southbend,Mahogany Desk Antique,00f0f_ipXKTE87z7p,120
southbend,Dresser/cabinet for sale,01717_eO49PJOgyAd,60
southbend,Ashley Furniture end tables,00s0s_fZbArx9vgxL,100
southbend,Beautiful Dixie French provincial 9 drawer dresser with mirror.,00I0I_74L8unCIeh4,550
southbend,Printer desk,01515_g6UBWTZb1Xo,25
southbend,Glider Rocker with Ottoman,00Q0Q_awp7sN5y1G,75
southbend,Serta Loveseat & Couch,00505_l2q0qzrfYSL,350
southbend,Wicker Suspend Swing Chair,00d0d_79atJZXJ1Xw,100
southbend,Set of 6 dining chairs w/ armrests,01515_gv3SjaJTjGr,360
southbend,Furniture pieces you'll Love,00y0y_1bcm1OfDv7y,
southbend,Very nice sturdy brown desk,,45
southbend,Polywood couch,00w0w_lg0770rTLG9,500
southbend,book shelf,01010_hpvIl1uOCPm,20
southbend,work bench w built in vise,00808_aeNt0RGTwxF,50
southbend,No Credit Check And Have It Delivered Today!,00y0y_gSdNT2mfwVT,
southbend,Queen Bed - frame only,00J0J_jkPAvu3spp8,299
southbend,Queen Bed - frame only,00J0J_jkPAvu3spp8,299
southbend,Sewing cabinet,00F0F_exyZ7NdDgFX,98
southbend,Sewing cabinet,00F0F_exyZ7NdDgFX,130
southbend,Entry bench with matching mirror,00x0x_g1S6tqfZsP9,350
southbend,NEW Office Star High-Back Leather Office Chair Black,00l0l_eBeJ6zH0lUn,140
southbend,Coffee and end table,00s0s_7E8PErH2hD6,115
southbend,Vintage Sofa,00y0y_3aO6SF0Cd1S,600
southbend,Solid wood 7 drawer dresser with Mirror,00n0n_aqAgWpcr5Jz,100
southbend,Rustic Pine Lodgepole Couch,00m0m_dNndT8cxL5C,200
southbend,Dining Room Cabinet,00Y0Y_lfqfV0E1XVl,399
southbend,VINTAGE TREE TRUNK COFFEE TABLE,01414_61ikMZZZkeo,600
southbend,Man-sized Black Leather Club Chair/Ottoman Combo,00D0D_6CAj4q2XZ0N,125
southbend,new couch wth stain guard,,215
southbend,China Cabinet,01111_hPhxmxqmpvJ,200
southbend,Coffee table and matching end tables,00B0B_7sch2bHZ2xl,85
southbend,Coffee table and 3 end tables,00L0L_4IcwwsCyaC8,65
southbend,Howard miller clock,00i0i_4iH5IoEL1NZ,100
southbend,Nightstand,00M0M_4Ex1kB1cpCK,30
southbend,Couch,00M0M_1f2R9Ad03Q5,275
southbend,Wood Octagon Lamp End Table,01414_782VbwGzFbs,50
southbend,Bar Stools,00y0y_9lpuaPz9dxE,100
southbend,Matching Leather Couch & Love Seat,01212_b24HgbViH1B,175
southbend,Rv captains chair set,00L0L_bKkFw9og1rI,199
southbend,5 PIECE OAK KING SIZE BEDOOM SET (INCLUDES STEARNS AND FOSTER MAT,00y0y_uLdlt5Plhe,750
southbend,Futon,,100
southbend,Metal Barrister Bookcase,00101_lG1imIVZW6D,250
southbend,Curio cabinet,00D0D_bdQM3ONrOwe,100
southbend,entertainment center,00N0N_jQTFLUBugQZ,100
southbend,Step back Cupboard,00t0t_q7fFzyTbRW,495
southbend,Waterfall Vanity Dresser,00p0p_d2B58vpaNs5,295
southbend,Recliner,00U0U_evlVJPi51td,25
southbend,Antique claw arm recliner chair,00K0K_fBPejcuQFjc,
southbend,Recliner,00U0U_1GVJwWoeRWW,650
southbend,Entertainment cabinet / armoire,00f0f_aL2jQOygo5j,
southbend,Vintage Kindel Credenza,00X0X_4JlRg4Mq1Ck,350
southbend,"Grey Vinyl Jack Knife Sofa 68""-68.5""",00202_kEgNkmjCXar,200
southbend,Wooden Bench,00303_2Ayzqp2dCe,25
southbend,China Cabinet,00z0z_a2tgC8ZFcpk,100
southbend,"Beautiful 77"" Couch",00b0b_7aPutbRgPE3,75
southbend,Wood bed frame-full size,00909_3rAa3HEpaN7,40
southbend,2 home essentials bar stools,00K0K_2VkNRmkRVKI,70
southbend,Black Metal Brown Seat Wood Back Swivel Bar Stool,01313_4xzsRbOEzhl,15
southbend,Nice/Sturdy Light Oak Compact 2-Sliding Shelve Computer Desk,00e0e_lpI8GIWRLgR,45
southbend,Light House Cabinet,00w0w_2WWIN9RgzR1,40
southbend,Brand New Home Decorators collection bathroom Vanity,00J0J_f3aOOGrGh6P,500
southbend,Queen size mattress,00808_4kcSDaAkPHi,125
southbend,Lloyd Flanders Wicker Set,00Q0Q_bQtY5rXoA3s,300
southbend,Desk,,50
southbend,Amazing wooden wine rack,00r0r_jBvgfUYu2HR,100
southbend,Desk with drawer,00S0S_z96GbTguUA,20
southbend,Solid Wood and Wicker Entertainment Center,00I0I_g4dxIVnmXgo,95
southbend,$ Loveseat with cushion technology-removable back cushions,00606_2RspF9Ar9Es,350
southbend,Office desk with hutch,00k0k_548q4kLpXbJ,350
southbend,Gold's Gym Weight Lifting Station,00A0A_fOYgGrY0pvH,500
southbend,Custom Furniture Handmade Woodworking Carpenter,00606_dD4hq8pq7yX,
southbend,Baby grand piano lid coffee table,00d0d_5ZyreCtRYFw,400
southbend,Pink and Grey Nightstand solid wood,00b0b_2hyuK5zOEm4,40
southbend,Captain American Table,00V0V_fljNS8lIfhC,30
southbend,Wood 2 piece China Hutch,00606_5OVCftxR9vR,115
southbend,Swivel Chair,00S0S_5QNn0kh6erz,50
southbend,Adirondack Wood Chair with Cushions,00S0S_iE6TMcj3oeV,70
southbend,Captain''s Chair,01717_c6lxnj7a1HA,15
southbend,Antique Dropleaf Table,00Z0Z_3AmkYHN5S3O,95
southbend,4 matching folding chairs,00G0G_b3ahOv3s7Ks,15
southbend,Table set,00C0C_8ystxFYotmM,80
southbend,Big entertainment center,00F0F_dsWhiu9hsQf,100
southbend,Misc desks and chairs,00D0D_cyGvkUO8g94,1
southbend,Oak Tea Cart,00G0G_74j8JlTss1P,150
southbend,BLUE SWIVEL CHAIRS,00L0L_9liryllfl6L,150
southbend,Serta pillow top mattress,01212_dQlRTZ068gP,175
southbend,Oak table and chairs,00s0s_2RSqmV1di66,700
southbend,Camo recliner and couch,00L0L_7P69UfPpW1C,300
southbend,Office chairs,00X0X_8iTcAuFGYWI,10
southbend,Cracker Barrel Wood Rocking Chair,00k0k_7eOwUxEmP1a,100
southbend,storage shelving unit with wheels,00K0K_8hA6p3fqqnp,35
southbend,Crate & Barrel - 6x9 area rug,00L0L_haI7MKv1yDm,200
southbend,Room & Board Counter Stools,00o0o_dTDou55yCK6,100
southbend,Room & Board Side Chairs,00X0X_dfVWTTTamj,100
southbend,OAK VENEER DROP AND CENTER LEAF TABLE,00t0t_bcGyUHeP69v,
southbend,Couch sofa,01212_aZVSIN8bVzk,80
southbend,Need Free Pallets to make Furniture???,,
southbend,Table,00W0W_eIHIpzt8kYA,100
southbend,King mattress w/box,00c0c_2yLnaaWFLGK,100
southbend,Roll top desk,00q0q_7OuRvczjmMO,300
southbend,Computer Cabinet,00X0X_codhMTRDyFn,75
southbend,LIKE NEW LAMINATE countertops,00P0P_eOjXT5qYjK8,500
southbend,Full electric low bed,00S0S_7nbWmZBCIdd,1000
southbend,2 VINTAGE METAL OUTDOOR PATIO BEACH CHAIRS,00N0N_8lSyZHRPQUg,95
southbend,Card catalog tables,00l0l_1J3Ep0xKHxR,40
southbend,Solid Oak Pedestal Dining Table w/ 6 Windsor Style Chairs,00J0J_gYYaygc8awV,275
southbend,BROWN COUCH,00505_f4bcEikDlI6,50
southbend,LIFT CHAIR,00L0L_lzZy8xJwTfj,100
southbend,RUSTIC WINE RACKS,00k0k_jVtiVj4PfyB,65
southbend,Dining room table chairs and Hutch,00r0r_gXbw0d9cgMY,875
southbend,king size wicker headboard - off white,00I0I_hNfnbTXfptx,30
southbend,Sofa and matching large chair,00O0O_7uxx8utLOPs,300
southbend,Outdoor Table,00s0s_jkcEbNGPCMe,75
southbend,Cherry Queen Sleigh Bed Frame,00404_lloT96r2g0l,100
southbend,Western Boots,01111_hEiy7eLcYSE,75
southbend,IKEA Square Mirror - Great Condition,00N0N_duelKKN3Eoz,20
southbend,stuff for SALE,00Y0Y_nXZHzuy0Gr,350
southbend,Sealy love seat & chaise lounge set,00h0h_ixgsh1ceXlB,175
southbend,Bookcase,00O0O_NHOdzxsfjj,15
southbend,End Table,00N0N_aIv5sVPnMiD,25
southbend,Crib and Crib Mattress,00Q0Q_dKT6Pm4lFYu,150
southbend,Foyer Hat and Coat Stand,00n0n_b0Bg6Fq0IYG,50
southbend,Desk with Chair,00i0i_hvWzxJHeWf9,299
southbend,temperpedic firm queen matress,,1000
southbend,Swivel Bar Stool,00H0H_ljTToUWIRLS,50
southbend,Full size bed frame .. headboard & toeboard only,00n0n_c9OxBzKhLc0,30
southbend,China Hutch,00Q0Q_fxx32ez14FW,100
southbend,TWIN HEADBOARD CLAUDETTE BY BALLARD DESIGNS BIRD MOTIF,00o0o_j0TPxnhNa4r,150
southbend,2 Theatre Chairs,00T0T_a291ZVhNerl,400
southbend,Executive leather high back office chair,00e0e_czRRniLl4AQ,80
southbend,***HIGH END FURNITURE FOR SALE***,00r0r_cYD4qE5ABou,
southbend,China Cabinet,00F0F_ZEunciewzN,200
southbend,Wicker Chair,00L0L_2rq3fS6mDyw,25
southbend,Wood Wicker Couch with Love Seat,00S0S_hc2miO4D1tQ,325
southbend,Peddlestool,00O0O_6v7Fu7fV5QC,25
southbend,Oak Entertainment Center,00U0U_iITNm2NYqgn,125
southbend,Vintage 1960s Victorian Rowe Sofa,00s0s_6QtvoUA6QNL,400
southbend,Speaker Stands,00u0u_kBIx13xZKEv,25
southbend,Blue patio umbrella,00S0S_b8zqldwf5oy,40
southbend,Lego table,00m0m_8kaQq5RWzDq,65
southbend,Lego table,00H0H_2C0LShMxRxq,40
southbend,Couch / Over Size Hunter Green,00N0N_k13HlSC2MnP,100
southbend,Large Book Shelf,00u0u_bcHxU6h4g9w,60
southbend,Horizonal File cabinet,00u0u_3t9kKQTTl8E,80
southbend,Outside patio chairs,01717_19RaJV030aZ,30
southbend,Offset Umbrella,01717_5EQYdbBUf1W,60
southbend,Outside patio Furniture,00d0d_iDrYNKLeB08,150
southbend,Couch vintage,00T0T_dGgwvF0feBC,80
southbend,60 inch Queen size metal canopy or post bed frame,00I0I_cugPKwFSZhF,400
southbend,Footstool,00h0h_gQzoMTotyo7,60
southbend,Chairs,00o0o_6kuM4ZLukeg,75
southbend,Ethan Allen British Isle Queen Bed and matching dresser,00I0I_WdllLQqmNA,699
southbend,Nice extra-large black cloth folding chair. king size. Arm rests,00r0r_1HCHN28sC7y,10
southbend,Church Pews for Sale,,100
southbend,Coffee Table Rustic Modern,00909_7TtuIVilHHi,100
southbend,NEW Stirling 3-Light Burnt Sienna Pendant LED OBO,00N0N_pTkyAuJo5S,100
southbend,Butcher Block Island,00s0s_7m8TNKayBHq,125
southbend,Childs camo recliner,00303_1FqAzLk9B4v,30
southbend,King size Headboard,00V0V_aQiRxyxyoOL,50
southbend,"Hutch, table and chairs",00w0w_3xH1CwKjd8m,875
southbend,Table,00909_bhNeeu767n6,50
southbend,"48"" round table",00000_hcy2qqrj4W4,50
southbend,Rocking chair               ** make offer**,,1
southbend,Cedar chest                     **make offer**,,1
southbend,Locker,00q0q_Oc8FHZvybR,150
southbend,Cozy Corner,00Y0Y_h0JDvp7svve,30
southbend,2 RV Lambright Comfort Reclining Chairs Ultraleather Brown,,300
southbend,Table and chairs,00g0g_bJjWReRBRfr,400
southbend,Entertainment stand,00C0C_f7uV687BdLV,75
southbend,Crestview Collections Lamp Iron Wood Lights,00t0t_2MgK5GjvpQP,100
southbend,Matching Leather Couch & Love Seat,01212_b24HgbViH1B,200
southbend,Two end tables/cocktail table,00N0N_90aqFO2n8cu,125
southbend,Two couches,01313_k21Suo8wYxz,850
southbend,Side Table by Drexel,00m0m_6KFCDOLDRC1,100
southbend,Mirror by Drexel,00f0f_eco4sWo9nAU,85
southbend,Dresser by Drexel,00101_6dn4liMT5gM,300
southbend,Bookcases by Drexel,00K0K_5iykU7HXJBi,600
southbend,LazyBoy couch,00E0E_1tIQkEcMCtj,700
southbend,End tables,00Z0Z_6iz5jsY37ts,49
southbend,End Table/Coffee Table,00b0b_hJIQfG9nguf,59
southbend,Kids Disney Twin Trundle Bed,00f0f_7IgXMjCT46q,350
southbend,College Football Saturdays~Enjoy It While On A Power Bed Base,01414_eNeGQkjHsZ5,679
southbend,Tiger Oak Three Door Bookcase,01515_8cynyLrMsZe,700
southbend,Wood Entertainment Center,00Z0Z_cuTkqwoioMg,300
southbend,soild  wood  tabble with  two chairs,,150
southbend,INCREDIBLE TWIN BED!!,00y0y_jCHQLQaCOxB,100
southbend,Very nice floral sofa / couch.  Made by Schweiger,00L0L_44qu7OQ0RrM,150
southbend,4 drawer Staples filing cabinet,00Q0Q_ctlip0yS8Ur,75
southbend,"Hon 42"" 2 drawer lateral file (we have 2)",00S0S_8AcFJZQMW0B,75
southbend,Buffet Table Reclaimed Barn Wood,00f0f_i9AR9hj4R4b,600
southbend,IKEA Peanut Shaped Craft Table and chair,00j0j_dxeeJIj33Nv,40
southbend,China cabinet,00i0i_eBds7B7Oh9P,75
southbend,Henderon China Cabinet,00N0N_ixuDgXAl4dO,650
southbend,Amish built oak entertainment center,00M0M_1KLirNWpBUj,300
southbend,OVERSIZED CHAIR (w/pullout bed),00w0w_4AwRiCNmYFI,175
southbend,NICE VINTAGE 6 DRAWER OAK DRESSER,00808_ihjavHPVd0j,80
southbend,VINTAGE 3 DRAWER OAK NIGHTSTAND/DRESSER,00909_diKgwQWGVwa,60
southbend,Ethan Allen Entertainment Cabinet,00f0f_lJ0tUz4wQOH,1000
southbend,Large dresser,00D0D_9v58ODF1TWA,200
southbend,Gray Chair,00707_a6fWotTUMfg,80
southbend,TV Stand,00O0O_1dG0VljJaQ7,75
southbend,Purple chair,00A0A_dFTLGs6DczL,60
southbend,Church Chairs $15/qty120,00z0z_i4UsD6C7JkV,15
southbend,Faux leather couch,00G0G_ao0pWTnarf7,45
southbend,"6'x9' Vintage Persian Rug - 100% Wool Hand-Knotted, Rose and Blue",00Y0Y_hfkKrVTOcN7,525
southbend,Chaise Lounge Chair $70 or best offer,01717_dP33m8kCsjr,70
southbend,Curio cabinet cherry lighted mirrors,00z0z_hLpnsQgg1An,750
southbend,$200 for 6 Pieces - Bedroom / Office Set,00D0D_h5VarLG5tOG,200
southbend,Full Size Bed,00303_akcGS3R0WX2,150
southbend,Ridgeway grandfather clock,00707_9cRMUo85tfm,1500
southbend,Nice Office Chair New,01717_kRtDZZE4cVC,60
southbend,Coffee & End Table and Couch,01010_dpOSLHKGbID,45
southbend,Bar stools,00b0b_4u7u9d0cDNy,200
southbend,Book case,00909_bYwNpMhNgEL,75
southbend,Vintage storage table,00L0L_5fLJ18d3gsK,75
southbend,Wicker chair,00e0e_kItojVnwHtY,50
southbend,Bathroom Mirror/ Medicine Cabinet,,50
southbend,Hitchcock hutch,00g0g_66WnF6vsJxU,1350
southbend,Hitchcock dining set,00v0v_l5VkPO0BEij,1650
southbend,Short rattan table and six wicker chairs....,00R0R_ks4XMIm39Cn,100
southbend,Kitchen table and chairs,01111_druGWYb2ley,100
southbend,curio cabinet,00202_9pwF5lTCaEU,275
southbend,Counter Height Table and 6 Chairs,00c0c_ebbCZfn9IO3,150
southbend,New Set of 2 French chairs,00303_5712KmUGZEh,170
southbend,table and chairs,00Z0Z_4I60sf8R7Ar,400
southbend,Patio table,00K0K_h8ZpOTfYcHY,60
southbend,"Ashley sofa, love seat and leather recliner. 2 and a half years old",00R0R_4UGO0qM8JLt,300
southbend,Ethan Allen Display Shelving  $40 each; $125 for four,00k0k_d9X0xK9cyNp,
southbend,QUALITY USED FURNITURE AT LOW PRICES,00R0R_2qHVPefDFZD,
southbend,Twin white bed  w/ trundle,00k0k_541JbZ5nYgl,400
southbend,Gorgeous Hand Painted Solid Wood End Tables,00404_2kP1OIEIlo2,120
southbend,Mattress,00101_b1oINnuIDZ9,350
southbend,Wooden Stand,01010_l26RDviUatT,
southbend,Large sectional,00t0t_bNRitUAktpG,150
southbend,"2 Recliners, Comfortable Living Room Furniture, Peeling",00K0K_e1JsKIX7fy7,25
southbend,Vintage China Cabinet,00F0F_ezbzml2y4Ir,50
southbend,Wood table and four chairs,00p0p_hxRxvf4Wxxz,220
southbend,TV Armoire-  Corner Piece,00101_cW5FkjdHEOK,325
southbend,Grandpa's LARGE Antique Rocking Chair,00i0i_3rVJjhNfiTw,195
southbend,5 Foot Tall-   HUGE Captain's Chair,00101_6hNbZ9rrMBe,2000
southbend,Couch,00g0g_1YShZsC5kIh,300
southbend,Grey marble glass coffee&end tables,00u0u_7paUYD1lV5Q,250
southbend,Beautiful glass top dining table with 4 chairs,00K0K_49CKs6hFo2t,400
southbend,Queen Mattress & Memory Foam Topper,00I0I_4d689rpVzN0,50
southbend,Lexington Sofa Bed-Khaki,00R0R_6zcny6ytsOb,200
southbend,Coffee Table with End Tables,00303_lxL3FMN7Pzh,180
southbend,Furniture,00101_9DfszxJ5MLb,50
southbend,Beautiful hand crafted wood table and benches - reduced!,00n0n_g5JWeztgFfY,750
southbend,Tempur Pedic Contour Rhapsody Luxe Mattress,,1800
southbend,Gorgeous off white sofa,00B0B_bfZ5CEbaLwu,350
southbend,"Armarket deluxe 72""  Cat 5-tier condo tree",01515_3RWojMMpVYP,50
southbend,Handmade Pallet Garden bench coffee table,00f0f_8dyHW5XmK7c,150
southbend,Vintage 1960's bar stools set of 4,00T0T_kYwijMNtEq1,65
southbend,Vintage locker room bench,00Q0Q_2IBnisfiFmu,60
southbend,Leather Sofa and Loveseat,,1500
southbend,Jenny Lind Changing Table Million Dollar Baby,00j0j_6rUSm0dDrAB,35
southbend,Like NEW Lazy Boy Living Room Set,00l0l_4C0RdAtB2T6,700
southbend,Console table,00F0F_1Hfk5ZFTay4,165
southbend,"Micellaneous, Lawn roller , Snow Bower,  spreader",,10
southbend,Bakers rack,00202_hiSUkXeidbz,25
southbend,"Framed ""Christina's World"" Print behind glass",00k0k_9tEsp0opKsc,75
southbend,Frederick Cooper Porcelain Lamp,00I0I_fUmHegZotiU,75
southbend,Eastlake Carved Deer Head Plant Stand,01414_5vitIeQXohe,75
southbend,Louis XVI Style Armchairs - A Pair,00h0h_iqVx8ecNjcf,600
southbend,Brown swade & black leather sectional,01717_5RDKmnn8DxR,800
southbend,Old iron patio chairs,00i0i_dZeeJO10iQU,30
southbend,Industrial style furniture,00B0B_hg4x4mFc7Sb,
southbend,couch and foot rest $200 can deliver,00X0X_1mLlL2Dj8HP,200
southbend,Leather Chair,00909_iVDiTtSn5xM,10
southbend,Coffee Table,00o0o_2LP6iUPY0p5,150
southbend,Canoe-Shaped Book Shelf,00101_eWH5pZCwPVa,200
southbend,West Elm tillary couches,00X0X_c6mrgI8DnQY,500
southbend,Ethan Allen dresser,01111_2vUnCeFMZuc,275
southbend,4-Piece King Bedroom Suite,00g0g_cwkAm0xrF5,875
southbend,Hoosier Hutch,01717_l4YQdlg186J,
southbend,Accent Chair - Overstuffed Accent Chair,00g0g_eh4bPobIRtb,75
southbend,Brand new headboard mattress and box,00P0P_6ZIgRtDZZqJ,125
southbend,Leather Ottoman,00j0j_hQYYFT4goEa,100
southbend,Lazy Boy Couch and Two Reclining Chairs with Two Ottomans,00808_APIPexqx3l,1250
southbend,End table,00d0d_ilFNycFs9pp,15
southbend,Beautiful Lighted China Cabinet with Glass Shelves,00g0g_jm1A8GRXVli,195
southbend,Office Furniture Itemized List Starting at,01212_8kFH1opELn2,100
southbend,Rocking chair,00x0x_8y38jryML6y,30
southbend,Set of 2 end tables,00x0x_6PcV2ZOyf7C,35
southbend,Couch and chair set,00I0I_bpLQU9DTf7Z,75
southbend,Bedroom Furniture for young girl,00I0I_hsf3EHqXs90,300
southbend,King Size Bed And Mattress,00N0N_1jX3ngNFHWC,900
southbend,sturdy fish tank stand,00t0t_iD4oN3lMQ7X,30
southbend,Mirror - LaBarge Hand Carved Decorative,00606_jWZP7hL3KAj,95
southbend,King size headboard,00707_5DTOoR7bPPd,50
southbend,Queen size head and foot biard,00D0D_aHfdetKET2A,75
southbend,Desk with Hutch,00H0H_ibqLZQaH1Ay,80
southbend,Six-Drawer Chest/Dresser,00Y0Y_fX6G9trSdql,119
southbend,Decorative Divider/Screen,00x0x_63sipJtXf6p,129
southbend,Nice End table,00Y0Y_2wj5kpEJGAk,15
southbend,Three-drawer Chest with Hutch,00P0P_ivViA39pm7e,119
southbend,Wooden coat and umbrella stand,00y0y_2Xx0CPGPbSb,100
southbend,Table Lamp,00r0r_bDmNyoIaD4x,20
southbend,Cute colorful side tables,01313_ajl7CrUO7Bj,195
southbend,Coffee Table- Unique One of a Kind,00n0n_BP6SrgNKzc,550
southbend,Twin Bedroom Furniture,00Z0Z_3at9RpxIq5U,119
southbend,Living Room Tables,01010_iXO81kT46Pr,125
southbend,Cute one of a kind side tables,00T0T_dzDX4gETAMv,195
southbend,WHITE HIGHBACK UPHOLSTERED BENCH,01616_77Ssyr0aiu9,100
southbend,2 Tub Chairs,00G0G_dH1Kcxs0RN9,75
southbend,"DUNCAN PHYFE MAHOGANY DINING TABLE, 6 CHAIRS, HUTCH, BUFFET, MIRROR",00a0a_1UXUfYRvklC,1695
southbend,3 File Cabinets Wood,00s0s_ir9XEXZcerl,75
southbend,Office Desk Computer Desks,00h0h_bSkBh5RBiQG,50
southbend,Brand New Full Size Box Spring,,30
southbend,Tan Chair,00N0N_iy6Td9VG72l,20
southbend,Wardrobe,00y0y_g36QUoH6tx9,70
southbend,New recliner,00R0R_BSSLhIq1PX,50
southbend,RV recliners,00E0E_jx81Z6lboeg,550
southbend,Shabby chic table,00Q0Q_1MYq6vuTHmE,65
southbend,Nesting tables - shabby chic - grey,01313_egAzPumCtm6,90
southbend,Painted oak hutch,00k0k_gMx1wlLElbl,379
southbend,NICE/CLEAN Couch & Love-seat (MUST SELL BOTH),,275
southbend,Henrendon 7 foot Burgundy Couch,,25
southbend,dr. cabinets,,200
southbend,Chalkboard,00V0V_fbFnAlp3pID,30
southbend,TV Entertainment Center Solid Oak Wood Media Wall Unit Cabinet 1-Piece,00V0V_gKFBz2VPRbF,275
southbend,La-Z-Boy Full sized nice loft bed frame!,00o0o_hWElScloe0,175
southbend,End Of Month Clearance~2016 Models And Showroom Models CHEAP,00R0R_eXBb5asz4SG,199
southbend,4 shelves and brackets,00w0w_5UNvNQN54f9,20
southbend,Our Prices Are Historical Like The 96' BULLS,00Z0Z_azfvhxIcVPp,679
southbend,Wingback Armchair,00c0c_jloYNqfzMd4,100
southbend,Antique Vanity,00Y0Y_4vct1ML51l7,60
southbend,Drexel Rolling Bar Cabinet Buffet Hand Painted Stain,00303_djy0UwXwZqF,325
southbend,Elegant Dark Navy Blue and Gold Chest of Drawers,00n0n_3iit8YXSWAi,150
southbend,Loft bed for $120,00w0w_kY7ArSRduca,120
southbend,COUCH --LIKE NEW,00P0P_eSOoaLuKX7N,185
southbend,Black and brown tv stand / credenza,00V0V_e89Yyj3CfZn,150
southbend,Gorgeous Pottery Barn Tufted 9x12 Rug,00Z0Z_62NXfhLXKHG,950
southbend,Wooden end table,00U0U_fGwrZkg7ojO,10
southbend,Headboard and 2 nightstands,00Q0Q_kkTS1BjEM86,85
southbend,Custom made bdsm and erotic furniture,,
southbend,Herman Miller EamesÂ® Desk Unit (EDU),00K0K_73ZN1Z1wSfC,997
southbend,Classic Couch,00d0d_fcDVu42Umid,60
southbend,Love Seat & Oversized Chair,00H0H_kNPZ5JvfWQW,160
southbend,Zero Balance Chair for Back Pain,00J0J_aZYXqFz2APz,1200
southbend,Dresser,00Z0Z_afn5x8h44fL,100
southbend,4 piece sectional with ottoman,00X0X_j83YhK4aVNl,1000
southbend,Heavy glass top table,00U0U_i2TKp2nh8N3,250
southbend,Notre Dame Tailgating Bar Table - Wood,01717_jjEAGGE4JR0,135
southbend,Love seats,00d0d_l1lycdTSpP,400
southbend,Dark Brown Leather Sectional,00707_7bgsJdODoOI,550
southbend,Dining room set,00J0J_hFbfVxrz97u,600
southbend,Corner TV cabinet,00H0H_6jLMxEVJvF0,400
southbend,futon mattress,00x0x_l0wdH9ECjsU,100
southbend,Pair of Ethan Allen vintage maple dining chairs,00O0O_3BWVPtmO3BZ,
southbend,wood & vynl chair in exelent cond.,00x0x_8QwxFH9f8q2,10
southbend,entertainment center,00202_1ZPZYyjQ0Lb,25
southbend,Handmade toddler bed,00i0i_7zLoQ3ejs5W,85
southbend,Dressers,00g0g_7uGgDhpc78h,
southbend,"FOR SALE-Twin mattress, box spring & frame included no headboard",,150
southbend,Oak China Hutch,00g0g_aDs1Vm2ZmjK,150
southbend,Kitchen Cabinets and Countertops,00J0J_es9jX89u1nE,3200
southbend,Kitchen Cabinets and Countertops,00r0r_hFYtWWSUnkN,7500
southbend,Kraftmaid Cabinetry Hutch,00808_9ryAPL5TfI5,1400
southbend,Butlers Pantry,00n0n_iqX5IXR80Cz,2800
southbend,Kitchen Cabinets and Countertops,00X0X_IHqAgFdP4U,20000
southbend,Bathroom Vanity,00u0u_d3R4EtIWOjl,800
southbend,Pedestal Sink,00404_9idP1IQj19F,350
southbend,Bathroom Vanity,00P0P_hywDXxUlJEm,1200
southbend,Kitchen Cabinets and Countertops,00h0h_8EdFOIzsC9C,4500
southbend,Vintage chair and love seat - together or separate,00p0p_cEDVfAKFosx,25
southbend,Antique furniture set,00e0e_fAJVvYzc7D6,1750
southbend,NICE WOOD ROCKER GLIDER~CHEAP!!,00f0f_2OQvXoUt4Bv,20
southbend,White and Gold Furniture Set,00000_6DAtsTbuIjr,300
southbend,"Bed Frames! 1 King, 1 Queen and 1 Full",01414_dKWr6YvKZ0O,15
southbend,Two chairs,00l0l_gLXRswQJcKm,25
southbend,Full size headboard,00Q0Q_kUPyA4g7xQE,30
southbend,Green leather chair w/matching ottoman,,50
southbend,Antique/vintage pink chair heat/vibrate/massage.WORKS!,,20
southbend,Rustic Cedar Table,,400
southbend,Computer Desk,00K0K_kzXFe0a3XJk,30
southbend,iComfort King Mattress/Foundation with 6pc Dimora Bedroom Set - $1200,00I0I_hR2KL9lQSCY,1200
southbend,chairs,01616_3MY0tCvoUHT,50
southbend,Vintage table and chairs,00C0C_apsHromU9xU,50
southbend,Metal stand,00A0A_aVEOuVCzPqX,45
southbend,Kids craft table,,100
southbend,TV stand,00r0r_ggoN5t1pD1S,50
southbend,Pinewood Head and Foot Board,00y0y_if3FeLr2WtT,50
southbend,Pine Wood Head Board,00U0U_kKK3Sf8IIg3,30
southbend,"50"" sony wega w/ stand",00D0D_4OTbrUENNrC,50
southbend,Brown couch for sale!!,00X0X_hjXYXDweOHu,70
southbend,Old lazy boy,00i0i_69HSereYilI,
southbend,Marble top dresser,00808_bQQFj2mfsN0,
southbend,Wooden 3 Shelf Bookshelf Bookcase - Painted Yellow,00F0F_QkDkutG36H,15
southbend,King size Mosaic,00f0f_bvDoLTpoKbj,250
southbend,Office cubicles with sound barriers,00k0k_hAYobyCSEdc,550
southbend,100 restaurant chairs all 1500,00b0b_dLVNm3k2h7C,1500
southbend,END TABLE WOOD,01111_cG2J9WOVlW3,15
southbend,Dining table,00e0e_bHoiRaYWh9W,139
southbend,Glass TV stand television stand table,01313_apmM6R8W3M1,40
southbend,VINTAGE BUFFET BANQUET SIDE DINING TABLE CONSOLE,00O0O_3Rt2e8KXRBT,800
southbend,stool,00k0k_eKheZA006xy,50
southbend,lawn chair,01717_lTIIX1y5pNr,15
southbend,**Marilyn Monroe painting**,00404_5Y1oCsGFSnH,30
southbend,Bookcase,00h0h_j8XKOAkEzLf,35
southbend,Glass-topped bar,00v0v_blTyDJnVwoI,200
southbend,Solid Oak antique table with four chairs,00x0x_bHtYjAXD3wE,295
southbend,Queen Size Mattress and Box Spring,00B0B_8LCv3SxVDnv,200
southbend,Oak vannity and bathroom sink,00x0x_8pQA4R7Cq11,125
southbend,"Custom made kitchen tables, bars, kitchen islands",00z0z_9p7aIykAB0T,250
southbend,Lamp,00L0L_bVav0529yXc,5
southbend,Lamps,00p0p_5tn2h9h2XEV,10
southbend,Glass top dining table,00h0h_iKMxYIGdhXY,400
southbend,Sofa and recliner,00B0B_dqyAEycuwIc,300
southbend,Brand new couch still in wrapping,00W0W_6lngL4y2wGZ,700
southbend,Gorgeous Modern Crystal Chandelier,00000_b4qNt1EPOgU,200
southbend,"Couch, chair and end tables",00I0I_bpLQU9DTf7Z,80
southbend,Vent Free Electric Fireplace,01515_34lxYk6rVAw,400
southbend,Dresser mid century,00b0b_fNz0zqzp9II,110
southbend,VINTAGE WROUGHT IRON PATIO SET,00x0x_2GkmdNw9sVX,295
southbend,DISPLAYED MATTRESSES,00v0v_hWbopX2wmum,100
southbend,Kitchen cabinets,,3750
southbend,Coffee table,,5
southbend,Golden Lift Chair,00j0j_iYfVgeT02BL,300
southbend,Entertainment center,00t0t_gVfh46g8KuZ,100
southbend,Hall Tree,00N0N_kZnvxIGJ1Gc,125
southbend,DVD's for sale!  CHEAP!,00808_ihHs0F0hpg2,2
southbend,Light fixture large 6ft tall,00S0S_QXz7n1PpvZ,250
southbend,Day bed,,150
southbend,Antique Louis Philippe Mirror,01313_lVkcRwsGt4A,60
southbend,Steelcase Lateral File,,60
southbend,Great dog chair or kid chair $100 value,00505_g6jOnZBrX2X,15
southbend,"Love Seat, sofa and Chair",00h0h_iaGS05rJvTo,399
southbend,Accent Chairs,00404_haHnrXErSo7,50
southbend,Tv stand,00707_jliocB50tgA,5
southbend,White shelving unit,00i0i_7zPP6OWCvsp,15
southbend,Furniture,00M0M_65k0JAFlQEd,225
southbend,Brown Faux Leather Recliner,00505_dYHMLzai1ty,180
southbend,"Vintage Folding Chaise Lounging Lawn Chairs,",00h0h_1uD4pqbch8d,120
southbend,Frederick Cooper Porcelain Lamp,00u0u_6FZndQrGdo4,75
southbend,"Framed ""Christina's World"" Print behind glass",00k0k_9tEsp0opKsc,75
southbend,3 piece Living Room Furniture with coffee table and endtables,00D0D_d3nUjVBXlXm,550
southbend,TV Stand,00N0N_e2VDIdkXRZd,10
southbend,Tan Micro Fiber Couch,00L0L_gfh96cSxy6A,100
southbend,High-capacity corner cabinet with glass doors,00N0N_3i0gMCvsn8d,350
southbend,Mersman coffee table and chalkboard desk,01515_lSpzM4a40o3,55
southbend,5 piece bedroom set,00X0X_5732lINvVrV,400
southbend,Brown couch,00G0G_jxerQQX6gco,500
southbend,Satellite Chair,00303_d1JhVUt9zay,35
southbend,Big Joe Bean Bag Chair,00303_4k7mVCcfAZV,20
southbend,Two large couches,01313_k21Suo8wYxz,900
southbend,Armoire,00p0p_6clvlK5FoMS,285
southbend,"Solid Wood 36"" TV Stand",00U0U_gNGaAod9NXr,65
southbend,Full sized bed,00e0e_3IgVY1pFpg3,120
southbend,Curio Shelf,00o0o_4hnazvTySmG,15
southbend,End Table,00p0p_5vRQZBdzuY0,10
southbend,Lift chair,00g0g_2OFnY8H4fzd,400
southbend,Nice rolling secretary,00i0i_85m1uU1azKV,60
southbend,Lazy Boy Loveseat,00Z0Z_fg2lAdPfexS,100
southbend,Queen bedroom set,00J0J_hC2NgdPcdRp,75
southbend,Wood End Table,00b0b_kTTEmanixc1,10
southbend,Cool mid century modern spinner chair (south bend),00505_f0xbZJ8MFL6,200
southbend,Formal dining room table,00q0q_7jOyKhT2Aoq,450
southbend,Metal Boxes,00d0d_eRwdctOJZk9,70
southbend,RECLINER WINGBACK CHAIR,01111_gICIt1g6YXb,200
southbend,"Mirror chest, drawer, chest 3 pieces set",01717_5oLx8ZJMWYc,150
southbend,Same day delivery~First come first serve,00t0t_1JYFDIj38Oo,199
southbend,Pillow-top Mattress Sets Queen Size Only $250$,00q0q_5zo9yAEYlOg,250
southbend,Bar stools,00B0B_lbZSAaOUit1,150
southbend,Ethan Allen Butler's tray coffee table.  Reduced,00F0F_cKS47eYDpnx,100
southbend,Bunk bed twin over full,00V0V_5iqMtgNm6lY,900
southbend,Young-Hinkle Bedroom Set - reduced,,425
southbend,Wesley Hall Chairs-pair,,100
southbend,Curio Cabinet,01212_6oGF0jaoy5z,100
southbend,Lift/Recliner Chair - Used less than a month!,00404_kFe9n0D9vU8,275
southbend,Oak Entertainment Center,00C0C_i423sziorry,100
southbend,Chair,00B0B_ihz3e2f851c,25
southbend,Cool mid century modern spinner chair (south bend),00505_f0xbZJ8MFL6,200
southbend,Table & Chairs,00U0U_2hJ0CYl9BOm,125
southbend,Plant Stand,00h0h_47kY7T1hsGb,30
southbend,Antique Dresser,00r0r_4bbMf6ny5h3,195
southbend,Wine Rack,00b0b_idiBSTIlKtG,75
southbend,Vintage Dresser,01515_MVC3CEcDOH,195
southbend,Hall Table,00e0e_5vJaNO1S0N0,65
southbend,Nice used king mattress,00G0G_3RJYvzuoVZL,75
southbend,New COUCH for sale,,200
southbend,VINTAGE BURLWOOD TREE TRUNK COFFEE TABLE,01414_61ikMZZZkeo,1500
southbend,(2) CONTEMPORARY MODERN KITCHEN/DINING ROOM PENDANT LIGHTS,00d0d_5khtKciIDsj,50
southbend,Microfiber matching couch and loveseat,01313_5VKnkZazufk,300
southbend,Office Desks,00T0T_eEaiZ5eNnJ1,650
southbend,Kids school desk,00C0C_5mlVh2bYZdZ,30
southbend,"Check It Out At Our Store In Valparaiso, Indiana",00303_8HjSfGYXwy9,249
southbend,Best Prices On Beds In The State,00K0K_aVLZiBUI2tP,199
southbend,"No Credit? No Problem, Call or Visit Us and Get Approved Today",00R0R_eXBb5asz4SG,
southbend,Luxury Mattress AND Furniture @ Wholesale Pricing,00E0E_gfzXygvp3QO,
southbend,Wood Bar Stools,00f0f_jBbyreway6i,10
southbend,Solid Mahogany table on casters w/2 leafs (reduced price),00A0A_dRVoi1XnINl,45
southbend,Beautiful hand crafted wood table and benches,00n0n_g5JWeztgFfY,1000
southbend,Magnetic Whiteboard 3' x 6',00L0L_43QvsbgtZui,150
southbend,Large Dining Room Light Fixture,00Z0Z_aVwuV4RhSqC,50
southbend,6 green patio chairs with cushions,00000_3p4mfRCOzUH,40
southbend,Cool vintage chair. Clean  and comfortable $50,00C0C_aftakVXrcKA,
southbend,Brand new queen bed,,500
southbend,20FT long Trade show Booth,01414_h7ONne5euXA,2800
southbend,Black leather office chair,00909_lxkO9CwQurP,100
southbend,2 recliners,00h0h_aMNLbcEf6ZV,100
southbend,Beautifull table,00606_9soWNmGPXzH,2000
southbend,South Bend - Huge blue and white 15 x 12 soft cotton rag rug,00c0c_jd3sSC7U0W0,195
southbend,End Table,00w0w_49aj6DPan7n,35
southbend,Table,00M0M_dSEQKXVWMVr,90
southbend,Office chair,00S0S_7v8nkQHSKvM,25
southbend,left hand chase,00V0V_gytkHCRbNmF,275
southbend,Large Nine Drawer Dresser,00202_eotViwfLoFA,40
southbend,End Table,00w0w_49aj6DPan7n,35
southbend,2 wood and fabric chairs,00q0q_6vEQSHkR7MF,25
southbend,King size pillow top bed and frame,00N0N_3QV91FU6H2O,200
southbend,Large sectional couch,00c0c_8uYDhQIDUCz,300
southbend,Pressed back country style dining chairs. Price lowered.,,100
southbend,MOVING SALE!!! PRICES LOWERED!!!,00f0f_gsq9OE0CjgL,1
southbend,Brand New In Box- 40 inch White Vanity,00R0R_aNQ4G59JjZ5,400
southbend,Kitchen Table,00404_dZ39bplOq34,25
southbend,Wrought iron lawn chair chaise lounge,00404_8nJSf4k4cAN,40
southbend,PILLOW TOP FULL/QUEEN SET,00z0z_k8KTlflUWu5,100
southbend,Side Table with Drawer,00o0o_6NmsEjAkrWF,20
southbend,Tall Wood CD/DVD Shelf,00V0V_2mtFZuCuxl,15
southbend,Book shelf,00E0E_1jwEuMBjulC,50
southbend,High Dresser with Mirror,00O0O_6UxfTjtTJlX,1
southbend,Desk with lighted Hutch,00A0A_g1257h12mEv,
southbend,Desk,00404_1TPuhTFvYAz,
southbend,Dressers,00U0U_4Xtd9LnGiwc,
southbend,Sofa  for sale,00N0N_7A5Atjp7lYb,250
southbend,Sofa sleeper set will sell seperate,00303_lrbCC17joqR,200
southbend,Gray Dresser with Arrow Handles,00t0t_80qfmHwnKRp,75
southbend,Set of 4 Mid-Century Modern Chairs,00F0F_cHLlbJuC06s,400
southbend,Blonde Bedroom Furniture,,400
