swks,LATERAL 5 DRAWER FILING CABINET,01313_gj5MP2RPagu,50
swks,SOLID OAK ENTERTAINMENT CENTER,00K0K_fuqo8S4W82g,675
swks,Pulaski Antique Roadshow,00N0N_dcebATlfFVv,2750
swks,Refurbished antique buffet,00C0C_l8x0EWxIXXe,375
swks,RUSTIC FURNITURE,00B0B_fZc7jsAKyTv,
swks,Tempurpedic twin xl with adjustable base,00D0D_luIPbGsEJri,600
swks,Original designed dresser,00A0A_eoXcVzhbZ4Q,300
swks,Twin XL mattress and box springs from,00A0A_f8qrYyCT3l9,65
swks,Solid wood end table,00Q0Q_e0QLgUwZjxD,75
swks,Electric heater,00I0I_pIFmQ7b6vt,85
swks,"Couch, chair, end table Xbox one",00Q0Q_6BayPpO1O2a,
swks,Chase Lounge,00G0G_4eBWONLwDT5,20
swks,NEW Victorian Style Rug,,120
swks,Large patio table with chairs,00O0O_fvAU10qhrPU,75
swks,Oak Express bunk bed set,00q0q_a1j5LfN3RrC,700
swks,Cabinet with shelves,00f0f_jOCZas1gMzE,125
swks,Antique double bed headboard and mattresses,00X0X_dRGrVf4CAKu,75
swks,COUCHES FOR SALE,00u0u_6PKS7oqGizY,200
swks,"Chair:: Ottoman"" For___ Herman Miller",00c0c_dggXhSNozDp,1012
swks,Deluxe Black Leather)) Herman Miller Eames Lounge Chair,00Y0Y_apXrups7Bv,1016
swks,Love seat and Chairs patio wicker rattan indoor outdoor furnitures,00h0h_klkspFCSGj7,299
swks,Dining table and chairs rattan patio wicker outdoor indoor furniture,00505_dglcElEjsMP,299
swks,Buffet / serving table,00y0y_78cZjwsRfaB,340
swks,Rustic night stand,00T0T_fCLqS6KKy41,75
swks,rocking chair,00z0z_ieh2I8jJeTr,80
swks,"Mid Century Modern Chairs $300 each, $600 for the pair",00S0S_bv6DYJVrXp5,600
swks,"Tuf File, by Staco     -----     There are six of them ---- EACH",00d0d_6Jtqz1o9C2V,100
swks,Russell Wright Mid Century Patio Chair,00w0w_l8cQNcj1BmY,35
swks,Display cabinet,00202_7APwRoxyX4s,115
swks,Clock Wall Shelf,00y0y_d0s1wV9ogfF,30
swks,Atomic Retro Table Lamp,00101_5EkqyFjQ1xO,25
swks,Unique Pair Of Carved Swan Head Chairs,00u0u_eHk11QvWi9E,349
swks,Vintage Christmas Decor !!!,00404_k4mYqIOpgl1,
swks,Tiki style Mid Century Nightlight / Lamp,00m0m_8jtJVZa4SpF,22
swks,Retro Desk,00l0l_dwniP6ldvPD,39
swks,"Vintage Copper "" UP LIGHT """,00z0z_k1etvcOPu7G,45
swks,Television Stand,01010_pojmgyVVN6,125
swks,Black Walnut Desk,01414_76kAa2T9tte,850
swks,French Country Dresser,00C0C_ffLOnCmcWte,600
swks,Heywood-Wakefield M540 Encore full size headboard,00v0v_9vvosTE47BK,100
swks,Hammock- green- like new,00s0s_6NoIbemaMNz,50
swks,Small Squirrel Nite Light,00P0P_3d4fYFrCgR3,5
swks,R. Rector Painting,00h0h_avbVmJARoOU,8
swks,Entertainment Center/TV cabinet,00B0B_9MUTZEZmDn6,175
swks,Couch For Sale - Smoke Free Home,00r0r_g8c7uaNvAr5,75
swks,Tables &Chairs,00q0q_fiLyNo2ydC7,
swks,Dining Table and Chairs,00v0v_1bywIVfp8F5,50
swks,Twin XL bed,00808_7mENBLvTCOg,80
swks,1800's Eastlake Victorian Walnut Chair,00g0g_d1SUvvFKD6M,50
swks,Small Antique Dresser,00r0r_lenEHbmqrxq,100
swks,Antique Piano Stool with Ball and Claw Feet,00I0I_2E8uCIzja8W,85
swks,Antique Art Deco Style Chest of Drawers,00C0C_6lNeWcGP5yp,165
swks,Pair of Vintage French Provincial Solid wood End tables Night Stands T,00606_bQppowSoZ6J,175
swks,***Vintage White Kitchen Corner Cabinet***,00M0M_dLQqYh44Kzv,185
swks,Display cabinet,00m0m_86WrL8Qwd9J,45
swks,Solid wood book shelves display  They measure 40 1/2 w x 9 3/4 d x 48,00U0U_fiBkWQwZljs,45
swks,"4 Vintage, FULL SZ HB/FB/SIDE RAILS",01010_dwdZtF4xyjr,60
swks,"Bunk bed, with 1 clean but worn mattress",00M0M_2jBVXLr4laX,100
swks,Dresser,00f0f_6nEkhf7UTpg,450
swks,Large Grey Ashley Sectional,00404_2DOhShzcevT,850
swks,Sofa and Love Seat,00c0c_7YcHXzFg09I,250
swks,Ashley Furniture durablend leather couch like new,00e0e_bFWEc8Gks1e,350
swks,Ashley Furniture Key Town king size poster canopy bed,00I0I_luDYf8dsS1J,275
swks,Glass top end tables,01717_kvYI0ROuxUI,50
swks,3 Different FULL SZ Headboard/Footboard/Rails,00C0C_hjDXmS0HIC8,20
swks,"Refinished Solid wood Stanley Furniture Set  Dresser, Mirror, nightsta",00N0N_9pVoprJWwfX,225
swks,Loft Bed With Chest and Desk Built In,00w0w_4BhYMBxsCEu,600
swks,Refinished Espresso solid wood Rocking chair  It comes with 2 cushions,00N0N_jymUHT6gKfv,45
swks,Solid oak rustic coffee table and end tables,00o0o_ee7zNUONVGO,700
swks,Dresser Mirror,00u0u_1IIBpxtX1p7,25
swks,Kitchen table,00B0B_8xQKXUjjqT8,35
swks,Desk & Chair Combined,00E0E_aNAW0w2ocXM,75
swks,Matching Bedroom Set,00000_dQeF75xwUA9,300
swks,PLAID BROYHILL LOVESEAT,00T0T_izPh10fKVak,75
swks,King Poster Bed & Mattress Set,00B0B_bwDQvwVkhWN,900
swks,Thomasville dining room set,00707_jg8reTl3EcQ,300
swks,Storage Cabinet,01616_lzI6AEbZCSe,75
swks,Granite Vanity and Cabinet,00C0C_gGKu1wHRIax,900
swks,Couch and Loveseat,00j0j_eoB37Lmd4Hr,600
swks,"Very Nice - Grey Velour, Steno/Office Chair, Large Mans",00S0S_eJqjrBibqze,45
swks,"Glider Bench 72"" Wide",00W0W_2JJo69LmpQL,65
swks,Beautiful Keepsakes Collection Server Hutch,00M0M_f9bnw4ibKSN,800
swks,SOLID OAK 3 pc Table w/PEDASTAL Leg,00X0X_Sh4EZVBm4N,280
swks,Patio Table,00a0a_5Hbs0ZHJ6RF,40
swks,Couch with Loveseat,00F0F_RdL2pQ96bd,180
swks,Queen Poster Bed,00O0O_17B1knWrQzS,125
swks,BRASS Animal HOOF SOFA TABLE,00Y0Y_a7agnZn54MX,100
swks,Solid Oak Chester 5 Drawer,01313_jtPDuq7XgU8,100
swks,OAK SWIVEL BASE MIRROR,00N0N_c0ecmRmg61r,75
swks,Solid Wood Chester Drawer,00j0j_a7ppVlw2E1S,100
swks,Duncan Phyfe Dropleaf Table,00n0n_fevsGsIv5jX,100
swks,2 Pine Wood Swivel Barstool,00909_hkuNne61GWG,100
swks,3 Solid Oak Captain Chairs Set,00t0t_h5shMIMc2W7,30
swks,Thick Solid Oak Twin Headboard,00t0t_gifowIzt7lL,60
swks,Solid Pine Wood Deskâ€‹/Top,00o0o_6oDGUXSwZJu,85
swks,TV stand,00p0p_55UAOvMVKx9,15
swks,Kitchen Table,00k0k_9pVGU7omBPL,100
swks,Chair beige in color,00Z0Z_azIrOXyO4xJ,
swks,Love seat,00505_5svcPTCFw4K,40
swks,Mid Century Solid Wood Record/Lp Cabinet,00w0w_dQCbJGcXuBX,200
swks,Jens Risom Floating Top Mid Century Coffee Table,00J0J_1a5IgBNq7DB,950
swks,Vintage Hollywood Glam French Boudoir Bedroom Bench,01212_d0Q7pqSeaRD,300
swks,Vintage French Provincial Desk With French Wire Chair,00L0L_7dRx4w9Is6F,125
swks,Vintage French Provincial Chest Of Drawers,00909_9Zk0trj9xkK,150
swks,"Mid Century Long Coffee Table, White Laminate, Rare",00j0j_djVnKLdsK6D,200
swks,Mid Century Modern Lane End Table,00q0q_7Rg1y58EaNs,150
swks,A One of a Kind Vintage Velvety High Back Throne Chair,00Z0Z_9TvPOYwKm80,225
swks,Vintage Mid Century Style Spring Cantilever Rok-A-Chair,00V0V_36UeQJwg4Or,400
swks,Vintage/Antique French Victorian Parlor Chair,00j0j_ibTmlGesRAf,65
swks,Mid Century Solid Wood Peg Leg Book Case by Ramor,00V0V_dyy5OEFrgvR,30
swks,Vintage/Mid Century Space Age Globe With A Black Lucite Stand,00T0T_lJS9OtGjiHX,60
swks,Vintage Black Art Deco  Art Specialty Co. Industrial Gooseneck Lamp,00808_24uFKMaVscZ,25
swks,Antique Blue Velvet Arm Chair with Ottoman,00H0H_gniYSxMWV9O,150
swks,Twin top bunk w/desk.,00F0F_bhNmV9QZQG4,100
swks,Entertainment center,00k0k_uQJOpA3gOC,50
swks,Dresser/ chest of drawers,00c0c_baUGZBSYJqL,35
swks,Crib Set,00j0j_jyIuP0lbol7,150
swks,LOOK !!  Furniture  (Downsizing!)  544-0242,00W0W_dlpzycIzYzo,1
swks,Vintage Kitchen Cabinet -Kitchen Pantry,00707_7lWDiUW07zg,25
swks,Head board and footboard queen size,00y0y_5MvJbTBaeKi,125
