texoma,Breakfast-Kitchen Nook Table and Chairs,00U0U_1MB7KbRyBUn,279
texoma,Beautiful Cal King Storage Bedroom Set,00808_eCyI2AX9VNJ,995
texoma,Singer Featherweight Card Table for 221 no sewing machine,00505_isbOKiz9e8B,250
texoma,Beautiful couch,00K0K_1SDQ2uFR2Vg,100
texoma,Gun Safe,01010_jx23z0gn68M,450
texoma,....       ....      Coffee & End Table ......,00a0a_7AhjYHc1npY,100
texoma,ETHAN ALLEN CHAIR -NEW!,00o0o_2XZYo8iTxl9,500
texoma,"French chest, cabinet, chest of drawers,",00d0d_3yAdgkoGiPO,200
texoma,"Display cabinet, Dining table, Vanity, Chairs, Bar chairs, China hutch",00W0W_5yqoyn7iyoc,60
texoma,"Dresser, Chest of drawer, Bunk Bed, Cabinet, Vanity, Desk, Chest",,100
texoma,"Night stand, sofa table, chest of drawers, TV cabinet, dresser",00202_lzYmVVK9nQf,40
texoma,Rustic TV Stand,00G0G_6WFCKyTjKow,200
texoma,Rustic Armoire,00303_jvK49cK01O8,200
texoma,Coffee Table,,40
texoma,China Cabinet,00101_eHtJWaK8fay,200
texoma,Mattress & Box Springs - Full Size,,200
texoma,Gun Cabinet,00C0C_bGwjmOFa9JH,300
texoma,Antique Dining Room Set,,300
texoma,"Entry cabinet, Mirror, Display, Secretary, Chest of drawer, dresser",01717_ibTSMNffp53,50
texoma,La-Z-Boy Sofa,00y0y_5RiWzZS7Usd,225
texoma,Buffet with Attached Hutch,00c0c_jdeuTNOheuq,265
texoma,Century Furniture Entertainment Center,00y0y_6M2NMBPYklQ,350
texoma,Century Furniture Wardrobe,00T0T_a0ssujS9waY,350
texoma,China Hutch,00l0l_bnDFmZ9Ulbt,285
texoma,Century Furniture Buffet,00r0r_79hgm49aPHe,175
texoma,Bernhardt China Cabinet,01616_f7BhQLQ4Zap,225
texoma,Vintage Corner Curio Cabinet,00Y0Y_86fVeKW99QC,165
texoma,"Century Furniture Table, 6 Chairs, 2 Leaves",00h0h_k5F2XxRp5Zy,325
texoma,Kincaid Sofa,00a0a_hwLOvaza7Km,185
texoma,China Hutch,00L0L_jF6pu0gDiIt,275
texoma,Trundle Bed,00404_4UBEoJKRmqi,150
texoma,Gorgeous Entry Way Table,00606_3kiZESATfaH,100
texoma,Jack Daniel Mirror,00q0q_jpE1owEVucw,75
texoma,SOLID PINE TABLE AND 4 CHAIRS,00e0e_94XptO2qWhN,125
texoma,Glacier Bay Hampton Vanity Cabinet in Natural Hickory,00n0n_2HXfq4FjS1j,250
texoma,46 Bottle Wine Chiller,01414_4MXIAk8BRYh,350
texoma,Open Bath Vanity Cabinet in Weathered Oak,00101_89VPzh4tmt6,300
texoma,Adjustable Ceiling Shelving Unit,00N0N_68TZbB0etCH,75
texoma,Gladiator Steel 2-Door Garage Cabinet,00h0h_7QBoIrX9pvp,200
texoma,Gladiator Maple Top Workbench *Top Only*,00f0f_5avFnWiloY0,75
texoma,LEATHER OF SOFA AND FOOT REST,00d0d_crSbXjGgSJt,250
texoma,Church Pews,00H0H_dBdEFf5P6kL,
texoma,Oval Glass Dining Table - seats 8 - offers accepted,00c0c_drSAW3Gt4pa,600
texoma,Rocking Recliners,01414_4TR53uQaOrG,400
texoma,Couch,00n0n_lcqVBQSo0JQ,100
texoma,Great Display Shelf Unit (lighted),00P0P_bEiqK4uaWK5,50
texoma,"Pearson Chair, Down Filled, Super Comfy",00V0V_jAazG0ljkKG,50
texoma,Wooden Chair Project,00E0E_fzkY8SEQpqH,25
texoma,Handcrafted hando built custom Furniture,00Z0Z_iZMJe5c9qeX,
texoma,Nice Sofa Sleeper,00n0n_j7GSfepWEhu,85
texoma,Cute ! Farmhouse Style Iron & Metal Entry/Sofa Table,00808_5dEUx9jqgIQ,60
texoma,Lovesac,00B0B_jXEFnl4DayR,100
texoma,Whiskey barrel table and bar stools,00S0S_gi3UAq5Y7gh,500
texoma,Persian rug,00909_90IVRhU0aAR,1200
texoma,Sectional Couch For Sale,,200
texoma,Handmade Farm Tables- AFFORDABLE PRICES!,01414_bNrSTYtQkqz,
texoma,Sectional new,00d0d_jpRlWxn08WB,
texoma,Solid Oak - Queen headboard and nightstand - Reduced,00Y0Y_MtHTRNFuPz,75
texoma,Chase Lounge,00T0T_kh9koY3Cayx,85
texoma,Blue Disc Chair,00i0i_5usIQoATVUx,10
texoma,Red Lazy boys- official brand La-Z-boy,00J0J_cDdW3jl2cud,250
texoma,Brown couch,00F0F_3cFuAKZooM0,125
texoma,New 5 piece Dinning table and Chairs,00i0i_cGySxSZgWZB,350
texoma,2 end tables,00t0t_2uT1FOlCTCn,25
texoma,Curio Cabinet,00d0d_aNokmk0rdZ7,95
texoma,Antique Bedroom set,00t0t_eYw1t33CCrO,300
texoma,Contemporary TV Stand,00G0G_7D0nhwpk0YA,25
texoma,Dresser / Vanity with Mirror,01111_1v9WGUJjTQn,95
texoma,bar stools,00S0S_1gjtzSCCU0t,70
texoma,French Style Occasional Captain Arm Chair,00M0M_bpIonAJ7LJs,120
texoma,Tempur-Pedic Cloud Luxe King Mattress & Foundation Bed Tempurpedic,00L0L_ikCkn31hKL5,1250
texoma,Bar and Sink set,01717_5Mq2klH7F2M,100
texoma,Awesome retro couch,00d0d_W8uwSIQaIn,399
texoma,Solid Oak buffet,00L0L_34gVGJcTGAW,250
texoma,"Large Leather Foot Ottoman on Wheels, Excellent condition, 2'x3'",00c0c_3F0M9L6DYgz,20
texoma,Kincaide Solid wood bedroom suite,00v0v_4hddAPRuUCq,350
texoma,Antique Chair,00404_3RNyYyYe5mX,35
texoma,Distressed Rustic Cabinet,00E0E_gx2HDZLSpiE,100
texoma,Mobility bedrail,01111_dfOBH0glBgm,80
texoma,Stunning china cabinet and Storage,00L0L_hVPjCZnYm9d,700
texoma,Sofa table and end tables,,225
texoma,TV stand,00I0I_itW5CGUFei1,225
texoma,Wood armoire,00v0v_a2CRYvwheju,225
texoma,Leather Sofa 3 cushion and Love Seat   (Chocolate Brown),00w0w_gsr23boELPv,800
texoma,King Mattress almost new,00A0A_hNASx3qIHoY,30
texoma,Oriental Wool Rug,01313_2r4rYJn3qek,175
texoma,WOODEN BENCH MADE FROM JENNY LIND TWIN BED,00e0e_bROnJqML6mO,100
texoma,LOG BENCH MADE FROM TWIN BED (NICE),01212_cD1Koizt5O,100
texoma,Nice biege couch,00808_ibBL49ye0se,115
texoma,Rustic Rod Iron heavy Coffee Table,00Z0Z_4mWWO72KoID,125
texoma,Nice Rod Iron Chair Looks Brand New,00m0m_MwA3YJegOF,49
texoma,fantasic desk with cork board and upper book case,00U0U_kxHWt6o3F0A,125
texoma,Desk Hutch combo.,00Z0Z_hNT8XYdlzEu,1300
texoma,Desk,00M0M_iM2ft13L4Dn,1000
texoma,Chaise Lounge,00A0A_lQFENsZTsbo,125
texoma,Tractor Art Work,01313_h6Mhk7Myao7,15
texoma,Victorian Lamp,00S0S_dB2WZWMbWCJ,60
texoma,Small sofa tables,00404_9DEqVBlVMU4,30
texoma,Furniture for sale,,100
texoma,Pine bar stools,00k0k_1cpC1Ej3lyZ,60
texoma,Mid Century Modern Chest,00u0u_lmr9QAMVIEI,150
texoma,Nesting Boxes,00f0f_1fi6bn8azCV,50
texoma,NEW Woodcrest Bunk Bed,00t0t_cWbxKzvY8hb,199
texoma,Media Center,01717_ePkpTHoopxP,195
texoma,"Dining Table, 2 Leaves, 6 Chairs",00p0p_20WfZOBoT2R,250
texoma,"Dining Table, 3 Leaves, 6 Chairs",01515_1uHxAFjKCv9,135
texoma,Antique Desk,01111_6OX9NvhojRL,120
texoma,Lexington Lingerie Chest,00x0x_lVNMBdiDjze,275
texoma,NEW Counter Height Table with 4 Chairs,00F0F_a2TwP4z1Vok,249
texoma,NEW Dining Table with 4 Chairs,00z0z_7Pmv67hoiy,229
texoma,NEW Carlin Twin Bed,00N0N_3pqqshEhlCA,99
texoma,MAKE ME AN OFFER -Very Nice Solid Wood Armoire,00h0h_ffWnNndNysl,500
texoma,Queen Pillow top  mattress and boxspring,00n0n_f7mDxTxYDQZ,50
texoma,Cypress tree table,00f0f_lFmolvmoqmx,1500
texoma,Media center,01111_dWKOFR5wNXQ,700
texoma,Futon bunk bed,00R0R_3mTDuKsAB2r,150
texoma,Lazy Boy Love Seat & Chair,00R0R_8RMMLNUjz0k,200
texoma,Unique Lamp,00n0n_gQlZsVhSgz6,135
texoma,Kitchen Set and more,00P0P_4LayqLpbITY,1
texoma,FULL SIZE BLACK BED FRAME AND BUNKIE BOARD,00M0M_5yTG3ZCYjIB,200
texoma,British Triple Door Wardrobe Closet by Waring & Gillow,00h0h_ewjKFWF7htB,575
texoma,Nautical glasstop table,,45
texoma,Cute desk set,00s0s_2szTFplJFOr,100
texoma,Zebra print chair,00404_eVuqMnE1FXd,40
texoma,Hide-a-dresser,00O0O_kJpRmnKtvDj,275
texoma,Picnic table,00K0K_16eRIXWlHFT,300
texoma,Glider/Rocker,00Y0Y_1HzmP7XqfbX,225
texoma,Straight Back Chair,00T0T_aK17rTtvpsW,40
texoma,Very Nice Solid Wood Armoire,00h0h_ffWnNndNysl,500
texoma,Hutch,01313_hpQEFIZ3m4u,75
texoma,Wood Table and Chairs,01717_dNRoGFSkxli,100
texoma,Queen bed,00i0i_7fQc8Dp18am,500
texoma,Drafting or Plan Table,00t0t_8xKeTz57ntV,300
texoma,2desks,00404_j31nPLktvoL,
texoma,Office Desk,01515_1npbMYbsM4I,75
texoma,Dark Blue Plastic / Metal Toddler or Child Small Size Chairs,00404_3YTDqIbifFJ,15
texoma,Distressed tv stand/entryway table,00505_1RAPJGkvpF3,100
texoma,"Entertainment Cabinet With Storage - $235,00",00m0m_9Vf0ZdmRfWM,235
texoma,Entertainment Cabinet - $125,00S0S_8TBweh5oGeR,125
texoma,Metal Filling Cabinet with 4 drawers - $40.00,00s0s_i7oFJjCgV1F,40
texoma,Twin Bed and Headboard with Storage and Shelf -  $ 185.00,00q0q_fB328uTastZ,185
texoma,Twin Bed and Headboard with Storage and Shelf -  $ 185.00,00q0q_fB328uTastZ,185
texoma,Howard Miller Grandfather Clock,00505_8hNtQHG83Ma,750
texoma,IKEA Cube storage shelf,00v0v_lxkMPfWSprB,60
texoma,Bunk beds and entertainment center,00T0T_dyjiTaWjRWG,150
texoma,lamps,00r0r_hMj7aaz6bm6,60
texoma,vanity,00v0v_jqjW1b9ZQwM,250
texoma,sewing cabinets with machines,00s0s_10J4UN5z8vb,250
texoma,Wrought Iron Chairs - 3,00Z0Z_dWvuFJo7UzL,75
texoma,Camel Club Chairs- 2,00y0y_1QU16E4XENT,100
texoma,Glass TV stand,,40
texoma,"Vtg. Hand Carved Anglo-Indian Folding Side Table, Rosewood",00E0E_iCk8lsUyt5s,125
texoma,"Kitchen Island, and others",00C0C_9nZIB5HTfhh,50
texoma,"Sofa / couch, love seat, chair and ottoman",01616_khzwzToNwhb,200
texoma,Mid Century Modern Cedar Cavalier Chest,00u0u_lmr9QAMVIEI,150
texoma,Kitchen table/dining set,00d0d_ie4vuoqTAOp,150
texoma,King size bedroom set,00t0t_bSf1vuJkLOt,350
texoma,wood kitchen table,00G0G_aIiA0PHLND7,150
texoma,Sleeper Sofa,00y0y_kysVgdPGGy5,250
texoma,Armoir,00c0c_i2XLKNpVMx4,150
texoma,"Comfy, used recliner. Free!",00000_bVV4fA81U3K,
texoma,NEW QUALITY BROWN SECTIONAL/ CHAISE & PILLOWS,00101_3C6HcuKPb2a,599
texoma,NEW in BOX QUALITY 4 pc KING  GRAY BEDROOM SET,00d0d_bXFnEfLmFMZ,699
texoma,"NEW 3 pc LEATHER RECLINING  NAILHEAD SOFA ,LOVE SEAT& CHAIR",00n0n_lvNQkCJZlTU,1200
texoma,Hand painted wooden spool clocks,00Q0Q_fqrYVXJKT9i,165
texoma,Dining Table with 4 chairs,00x0x_6IiDCcgFATU,150
texoma,Wood dining table,00d0d_ho4bhTNjHcT,50
texoma,Chest of drawers,00m0m_2W2k1nzZmm3,20
texoma,Amazing wooden table - $500obo,00H0H_KxImBhljRF,500
texoma,Sectional and Tv stand,00c0c_hNI1iw3skjf,1400
texoma,Queen size Metal headboard,01616_aCg8txhluwu,25
texoma,Furniture for sale,00x0x_4KF0Rsetm1k,50
texoma,Dinning room table and 6 chairs,00505_hfCzAgsVzQh,200
texoma,ELEGANT WORSHIP CHAIRS,00r0r_8gz301rPNqx,5000
texoma,Mid Century Modern Cedar Cavalier Chest,00u0u_lmr9QAMVIEI,200
texoma,Sealy Posturpedic full size mattress and box spring,,75
texoma,Gorgeous Hampton Bay Outdoor Patio Set With Carpet,00909_rppzyrJZZO,399
texoma,Furniture,00O0O_lIRJTasTWzA,75
texoma,Chair & Ottoman for sale++,00y0y_51TbeZSlWyu,1012
texoma,Pendulums,00i0i_29RP02KThWJ,20
texoma,2 recliners,00t0t_azVrpcL4Fvp,100
texoma,Deluxe Black Leather)) Herman Miller Eames Lounge Chair,00a0a_lq1pEv9b55J,1005
texoma,King size mattress 75 obo,,75
texoma,Uttermost Bakers Rack,00p0p_euhAp4SIje9,200
texoma,Table,00A0A_gQVYMsIBrAe,200
texoma,Chest of Drawers,00s0s_glGdMTywUAY,85
texoma,Dresser with Mirror and Chest of Drawers,00B0B_du7RpQSwgJP,175
texoma,Folding wooden bakers rack / bookshelf,,20
texoma,Bunk beds,00Q0Q_bbcHbcN9cpV,250
texoma,Computer Desk/Hutch Set,00Q0Q_biIIig95IfL,49
texoma,Curio cabinet,00Y0Y_cgZo3QSkN0Q,100
texoma,Dining room table and chairs,00k0k_b88Gq9RBz8u,200
texoma,2 recliners and couch,01313_5Qhyi1KKOb8,130
texoma,Deluxe Black Leather)) Herman Miller Eames Lounge Chair,00J0J_icmkoFNlVgi,1016
texoma,"Full size mattress, box spring, frame, set",00k0k_1TOm4EFTwRZ,125
texoma,Rustic (8) Gun Locking Wood Gun Cabinet w/ light,01717_35sg842TgfR,75
texoma,Dining Set,00606_iWdTNQSjOpf,350
texoma,Cubicles,00n0n_90WcQ880hTQ,100
texoma,Howard Miller Grandfather Clock,00g0g_4JR3xKswz6J,1200
texoma,Antique roll top desk and chair,00K0K_4Sy7Ja6KRwN,200
texoma,Power lift recliner like new,00505_7EoT5Vg0XYb,350
texoma,NEW 4 pc  QUEEN 4pc  ESPRESSO PLATFORM BEDROOM SET,00q0q_ehng6na1vPQ,699
texoma,"good quality ,,,Chair ,,,and Ottoman",00h0h_2gkfmoUr6k3,1004
texoma,Simmons beauty rest King sz!! FREE!!,,
texoma,Wood pine chairs,01414_hEfrZO7Jcx3,60
texoma,Dining Table and Chairs Thomasville,00R0R_3KpPl674RS0,575
texoma,Patio furniture set,00404_amFaSlLhtLl,150
texoma,Leather and leather touch small couch,01313_gD0yNCCebmS,400
texoma,MAPLE DINING TABLE W/2 CHAIRS,00u0u_2rVolkgKOvf,100
texoma,Solid wood pub table with four leather padded pub chairs,00101_9GVtFe9tJVG,200
texoma,NEW KING 4pc GRAY SLEIGH BEDROOM SET,00d0d_4yerTY0GxPk,699
texoma,NEW LEATHER RECLINING NAILHEAD SOFA AND LOVE SEAT,00n0n_lvNQkCJZlTU,899
texoma,NEW PLUSH  GRAY  SOFA -CHAISE - BED,00K0K_kY6TmNFmoJS,599
texoma,NEW QUALITY PLUSH GRAY TALL TUFTED QUEEN BED & STORAGE DRAWER,00E0E_juppFeRJmrm,499
texoma,"$800 off   QUALITY NEW POWER  ""LEATHER ""RECLINING PLUSH SOFA SECTIONAL",00s0s_fkGm4nsSKad,1200
texoma,New QUALITY QUEEN CREME TUFTED BED,00u0u_j7EgDRqVN5m,229
texoma,Rolling desk,00T0T_j2hWB0D99Xj,25
texoma,Sewing table,00303_hiAEtlKAD3p,25
texoma,Solid Wood Dining Table with 4 chairs,00Y0Y_kCgdIGEJ5wj,200
texoma,Cherrywood Curio and wine rack,00101_9ltCDDT0sqe,35
texoma,"Antique Full Size Bed Frame, Matress, and Boxsprings",00m0m_2H4BgJSYWwe,100
texoma,Rustic solid wood queen size bed room,00y0y_hD2rJ2xGela,1000
texoma,"Love seat, fair condition",00F0F_bjTLgk0NWlX,1
texoma,Nice living room furniture set,00v0v_7MhTD2yiiAj,500
texoma,Stackable chairs (10),00M0M_kWdXgon5ojy,100
texoma,Dining Table - Heavy Wood Base w/laminate Top,00A0A_l4ywC2Ra4Bu,475
texoma,Dining table/chairs,00d0d_hlOLWEwb2t8,125
texoma,Large very nice almost new ottoman,00m0m_luhoYQkoyO9,75
texoma,King size bed,00I0I_3ULOPHv7myq,200
texoma,Mid Century Modern Cedar Cavalier Chest,00u0u_lmr9QAMVIEI,150
texoma,China cabinet maple,00o0o_k1lvmRF6cP0,400
texoma,Couch and Chair,00y0y_6LCTcJz47j0,
texoma,Mattress and box springs (approx 4 yrs old),00000_eCknRtXiQuj,75
texoma,Walnut chair,00404_1UgKhvUgFLJ,100
texoma,Tooled Leather Bar Stools,01414_am6FNUfqLll,1000
texoma,King Mattress almost new,00O0O_3aNEoF6Tlnp,50
texoma,Reduced: Hutch,00y0y_2o66DGEknBC,130
texoma,Reduced: Kitchen Cabinet,01616_hxyo5pxs2Vx,110
texoma,Leather look sectional living room furniture,00Z0Z_6Gtg4D4hirh,100
texoma,2 barstools,00y0y_8JVGy8r0Dcw,200
texoma,Vintage chair,00707_cxb9KBl9mIl,55
texoma,Vintage chair,00J0J_drMI6LQpuTK,65
texoma,Antique lit display cabinet,01515_abaAnpnaIuz,100
texoma,Clever Twin Bed and Headboard with Storage and Shelf -  $ 185.00,00q0q_fB328uTastZ,185
texoma,Daybed,00B0B_aV1P7k7EFga,25
texoma,Dining Room Table and Chairs,00o0o_cw0kPQ979hd,200
texoma,Antique bench,00p0p_ja7x4AEDIRE,75
texoma,Antique dining table and hutch,00t0t_8r5kRtiK6aX,350
texoma,REDUCED!!    Dining Room Table and Chairs,00o0o_cw0kPQ979hd,200
texoma,Kitchen Table,00K0K_h8ZuciBTaGj,25
texoma,"King Temper Pedic Mattress, Box Spring, Extra Support Bed Frame",00202_h1IHOAFA6hX,380
texoma,moving sell,00e0e_h4WdAzuTHDz,500
texoma,Italian Provincial Table with six chairs -it's beautiful,00R0R_fr76zol0Zd3,499
texoma,SOFA LOVESEAT and CHAISE,00W0W_20NWpJsp7dL,400
texoma,Wood coffee table,00r0r_9DPehcTGfYA,200
texoma,Fire Place Screen,,60
texoma,Large deep brown leather couch,01616_iZiP6RMX4FL,50
texoma,canopy queen sz bed,00p0p_52ExO2lWo7b,99
texoma,Couch,00D0D_jkzD8MbiTNl,200
texoma,Victorian Framed Art,01515_liUdpCAMl3W,25
texoma,Microfiber Sectional,01111_glwOtjvak7g,600
texoma,Walnut wood and leather bar stool,00p0p_5TObUUquh9Q,35
texoma,Leather sofa/couch,00S0S_jJprM7b5pHQ,100
texoma,1920s Table and Chairs,00n0n_3TuTSUwoP6k,150
texoma,Mid Century Modern Cedar Cavalier Chest,00u0u_lmr9QAMVIEI,150
texoma,Dining Table 6 chairs,00X0X_7ZCoa4QDoGc,1200
texoma,Farmhouse table and chairs,00T0T_1IHSOvwoH5h,400
texoma,Wooden Book Case with 5 Glass Shelves,00909_dKMOwfJnLEj,100
texoma,Entertainment Center,,500
texoma,LAWN TABLE AND CHAIRS W/UMBRELLA,00O0O_6h2NljFQLJ,175
texoma,"REDUCED--Nice, heavy wooden desk",00L0L_f9w4sqtYnXm,50
texoma,Large hutch,00B0B_diJO473HGVl,350
texoma,"Vtg. LANE Mid Century Danish Modern Walnut, refinished Coffee Table",00Q0Q_1UjiCPOBlZx,115
texoma,Copper Top Rustic Occassional Table,00d0d_e3R1kUuJsli,150
texoma,Beautiful Haverty's Sofa & Chair,00D0D_haXZXZh5erk,475
texoma,Ceiling fan,00z0z_6twjniY8M3Y,20
texoma,Kids Bedroom Set,00k0k_jCxaDIfWC0Z,750
texoma,Loveseat,00W0W_4zydw1AudkB,95
texoma,Loveseat,01212_kcOs7U2uf31,95
texoma,Huge leather sectional couch,00c0c_a8nwBd0Qs96,300
texoma,CANE BOTTOM CHAIRS,00L0L_jvkpL5ZXCdE,60
texoma,100% leather couch and loveseat,00o0o_cmnQkJecQ0e,200
texoma,"Chair, ottoman - gorgeous!",,65
texoma,Solid Oak dining set,01313_fw8jQ6J0zB9,225
texoma,Display Cabinet,00u0u_ew9VU36tChc,175
texoma,Display Cabinet,00C0C_f4BAVbiMion,150
texoma,Entertainment Center,00Z0Z_72qj4uk43Zi,325
texoma,Mid Century Modern Cedar Cavalier Chest,00u0u_lmr9QAMVIEI,150
texoma,Wild life print four piece living room set,00M0M_4HFPFMUSanB,550
texoma,Very large Entertainment Center,00w0w_1LgojIE4p2S,400
texoma,Thomasville queen bedroom set,00y0y_7QwYmjDl6ms,1100
texoma,Mid Century Modern Cedar Cavalier Chest,00u0u_lmr9QAMVIEI,150
texoma,Patio Furniture,00O0O_9GtKG2tYv5O,450
texoma,Dining room table and chairs,00r0r_4mjL9F5kH5P,90
texoma,wood bunk beds,00a0a_dHf7DtcEbej,400
texoma,"Reduced: Solid Wood 48"" table",00101_gEvqpCEWUnC,80
texoma,Top of Bernhardt China Cabinet,00O0O_6MX12i5qpuo,100
texoma,REDUCED!   Antique China Cabinet,00e0e_2joT6TVLPkt,200
texoma,Wooden Black Standing Cabinet,00M0M_bZ86Lz88UlB,25
texoma,Rocking chair 80 bucks needs to asap,00n0n_88F8tJOWnok,80
texoma,Chair and ottoman,01414_6w5KUSGnELW,45
texoma,Porch Swing Heavy Duty Excellent Condition,00j0j_1QApUj0K2m2,65
texoma,Beautiful Dining table seats 10,01212_717bCVs7QvF,450
texoma,Reduced: Wood Chest of Drawers,00G0G_hhpmNVFDxwk,30
texoma,Kids bed,00r0r_gQfzhSdBt8I,
texoma,Kitchen island,00R0R_5OvGjKnABGW,40
texoma,Queen Sleigh Bed,00B0B_hZGJCXFGDbM,599
texoma,Western Floor Mirror,01515_k7Rw5tNhEMJ,449
texoma,Flat Screen TV Entertainment Center,00303_fV6tVwuaqPK,599
texoma,Brentwood RV King Mattress,00Y0Y_fbectFor0AS,200
texoma,2 Captain Twin Beds,00c0c_jP37cEKErpE,400
texoma,Adjustable Bed,01111_7mkObP1GCTS,1000
texoma,Mid Century Modern Dresser,00s0s_klusJm7RMa7,100
texoma,Mid century modern cedar Cavalier chest,00u0u_lmr9QAMVIEI,150
texoma,Wingback chair,00T0T_4V12FNNMPyF,70
texoma,Bookshelf,00e0e_hREGeMFDvPP,10
texoma,Large outdoor chair w/small side table,00606_aFsS5ZGhWwT,40
texoma,Bernhardt China Cabinet,00j0j_7LEqL9zticu,549
texoma,Couch,00R0R_5QaX06pJwlO,60
texoma,Wardrobe/ Armoire:  A PERFECT entertainment center,00o0o_l1nq798i0Q4,300
texoma,KING METAL BED,01515_5VVLCBpZHAi,75
texoma,NEW 5 pc  RUSTIC QUEEN  BEDROOM SET,00F0F_9cPJ2qwKKZu,995
texoma,Bar stools,00U0U_aYfr4H3YZRs,110
texoma,"Entertainment Center (for 33"" TV/component system)",00m0m_nYwrnpnQCc,300
texoma,Custom Artist Painted Cue Rack,01111_3hmJK1k15p4,
texoma,Large Bedroom Dresser with mirror,00l0l_hYoUYM5DzeZ,125
texoma,Kitchen Table,01313_itpPTQFf7Go,125
texoma,Antique Dropleaf Table,01515_iZyB4oNh7HS,100
texoma,Antique dining/poker table 6 chairs,00w0w_cyODZy5pzp1,200
texoma,End Table,01515_8luAEMlERHQ,35
texoma,Brand new lazy boy recliner,00B0B_cvOjJd2Bld4,500
texoma,Bookshelf,00e0e_hREGeMFDvPP,10
texoma,Computer Desk with Office Chair,00I0I_g63ZUmnahuB,20
texoma,Mid Century Modern Dresser,01515_hGA0HJvv4So,100
texoma,Chaise lounge chair,00t0t_2SA5pU5B9G7,
texoma,Bernhardt sofa,00H0H_fVdHdRTxCwk,200
texoma,Queen size bedroom suit,00i0i_eCXXMhMDuDV,650
texoma,Shabby Chic Green Desk w/ chair,01515_k3r3dbMoIUm,165
texoma,King size Headboard & Footboar,00K0K_khJyUuUWX7j,100
texoma,TV stand,00d0d_3Yoe8a5x0kw,25
texoma,Dresser with Mirror,01111_lguhK0H3Iah,110
texoma,Dresser,00707_akNfL8Qfrw4,130
texoma,Dresser with Mirror,00n0n_kvqSu7ULELa,135
texoma,Dresser with Mirror,00G0G_7ZNTirziQzq,140
texoma,Entertainment Center,00q0q_4t8qP9ngmwW,450
texoma,End Table/Cabinet,00c0c_iB7Ap601YAa,25
texoma,Bar and Sink set,00M0M_1dSLvoLZ2pU,200
texoma,Bar and Sink set,,200
texoma,Mid Century Modern Cedar Cavalier Chest,00Q0Q_cSlU0egbNf8,150
texoma,BED ROOM DEAL OF THE DAY / Including Mattress Set,00b0b_bd7J7clkcI9,599
texoma,Adult Bean Bag & Round Spinning Chair,00Y0Y_9iAaL1ZOhMe,1
texoma,2017 solar storm tanning bed,00N0N_eA5q0EmOfcH,3500
texoma,Matching Dresser & Chest,00707_cIB3jrqRnDQ,400
texoma,Pier 1 Medici Barstools,01313_f0qYGRSTrVF,100
texoma,Large very nice almost new ottoman,00m0m_luhoYQkoyO9,100
texoma,Nice dark wood entertainment center,00X0X_aHGLjwRP7ck,150
texoma,Farmhouse table,00r0r_8GF6dD7Z4TC,1000
texoma,Mahogany Dining Set,00k0k_6TZhiqJvoh0,200
texoma,Queen Broyhill Bedroom Suite,00606_8rPPFfbk6tF,350
texoma,Queen Bedroom Suite,00C0C_lu0i2cwUNJe,199
texoma,Mid Century Modern Cedar Cavalier Chest,00u0u_lmr9QAMVIEI,150
texoma,Oak Hutch,01515_8Pufcr9G68X,650
texoma,Buffet,00y0y_l3DltPOgSMk,950
texoma,"For sale - extremely sturdy, warehouse or shop work tables",00Q0Q_k94R4FW4fFh,75
texoma,Ottoman,00y0y_4VW9h4IPIj,200
texoma,Mayo Leather Sofas & Chair,00g0g_2a9JBACIXyx,3500
texoma,Mid Century Modern Cedar Cavalier Chest,00u0u_lmr9QAMVIEI,150
texoma,Miscellaneous Furniture,,
texoma,Zebra headboard &chest,00n0n_jcFYWCT0lks,300
texoma,90's Sofa,00e0e_cHWMEGfApwV,50
texoma,Telephone table,00R0R_e8fhfdIREdn,20
texoma,Comfortaire dual King bed Pump and Remote controls,00D0D_jYqdjDIGa5X,80
texoma,Two Comfortaire bladders for King Size bed,00q0q_eYJfjWXw0dH,50
texoma,Beautifuf couch and dining room table,01717_CTk2X2xuf3,120
texoma,POTTERY BARN 4 PIECE BEDROOM SET,00C0C_bnV0ytYQycz,850
texoma,Nice mahogany bedroom suit,00P0P_jieefty2KIv,600
texoma,Pristine Wooden Computer Chair,00X0X_5SzGJPipI53,150
texoma,Solid Oak End Tables and Coffee Table $100,00606_cxEHDorMw3S,100
texoma,Solid Wood TV Cabinet,00C0C_hMCNAGjegI6,75
texoma,New Daybed for Sale $500,00a0a_8WPo5UwRwHz,500
texoma,Leather Sofa and Chair,00g0g_itd2RtUDIMN,325
texoma,Dining Set for Sale,00s0s_gFBD9oaTfPc,100
texoma,Dining room table 5 chairs,00p0p_dYPSuaEub5e,125
texoma,Corner Computer Desk with Wooden Chair,00D0D_14SG88OuiVq,100
texoma,Corner Computer Desk with Chair,00D0D_14SG88OuiVq,100
texoma,Heavy Solid Wood Entertainment Center,00C0C_ft7J9ARWlSP,50
texoma,Cedar Bedroom Suite,01717_gdgpXg461SV,400
texoma,Small Bench,00g0g_4wbpixUaADi,20
texoma,King Bedroom set,00101_iMm1L5tGO8g,225
texoma,Dining Table with 4 chairs,00R0R_gtkwdlluA3d,100
texoma,Bar From Chili's,00T0T_gk4miMsSKuW,
texoma,Gray sectional with ottoman,,930
texoma,Dining Table with Hutch 6 chairs,01414_lodMjx7w9SJ,375
texoma,Table and four chairs,01515_1MnkQRyMcMt,140
texoma,"King Temper Pedic Mattress, Box Spring, Extra Support Bed Frame",,850
texoma,Swivel bar chairs,00I0I_2sxBrig2z28,150
texoma,Oak Entertainment Center,00U0U_fxgYAk3XXqE,200
texoma,Rustic side table,00000_1lqJaKOpn3x,50
texoma,Armoire,00808_cI9hUYoOcPv,100
texoma,Stackable Office Chairs,00c0c_aItukasm2nl,75
texoma,Matching recliners,00X0X_cp2zIaA3nxf,400
texoma,King size mattress cheap like new,,200
texoma,book shelves with storage,00M0M_8ENbHug1UFq,40
texoma,Table and chairs,00P0P_lSEXbNApHl2,300
texoma,Queen Ann chairs and end table,00X0X_gWBOGO5Gv4,65
texoma,bedroom suite,00808_1tpGEYLrt6D,750
texoma,Large rustic dresser with hidden gun storage,00u0u_hNpdgSOnuM2,500
texoma,LAGUNA TWIN/FULL BUNK BED,00000_khRg7ZW41ej,600
texoma,YARD FURNITURE -STILL IN BOX,00N0N_CbJsOm52Pl,300
texoma,Pottery Barn Wingate Rattan Swivel Desk Chair,00Y0Y_2aAiYlZ5kXk,250
texoma,Entertainment center,,175
texoma,Kitchen table with 4 chairs,00707_edFH20CzMfK,300
texoma,Dining Table & Chairs,00v0v_93wazOecVv9,170
texoma,Mirror,00D0D_6njHia4K6QG,80
texoma,Beautiful All Leather Chair and Ottoman,00101_1HJcaqWqw2U,600
texoma,Chest  armoire and dresser with mirror abdc2 nit stands,00Y0Y_ldKdk37KzoL,100
texoma,Couch and chairs,00f0f_eHcE97rNGjb,150
texoma,Brand New 2 pc upholstered Sofa and Love seat set $599,00606_jf6XMZ5S4Ot,599
texoma,Two Piece Rustic Hutch,00606_7c7NFmkjdKz,600
texoma,Beautiful wood entertainment center/bookshelf,00b0b_ahMUrak48HT,125
texoma,Rustic Queen Bedroom Set,00y0y_IVJxVJuH3C,800
texoma,Entertainment center,01717_8L1bBMfQXAX,
texoma,Custom made twin mattress and box spring,00F0F_4GlLbgNxeQV,100
texoma,Metal day bed,00F0F_4GlLbgNxeQV,100
texoma,Cedar Headboard,,60
texoma,Entertainment Center,00101_f8FEdTmvrgF,500
texoma,Entry or sofa table,00b0b_kfoyiGsvwwX,35
texoma,Sofa sleeper,00R0R_2ABkHcKpf8V,150
texoma,Solid wood entry/accent table,01717_8SRFsGCorlT,100
texoma,Out Door Bench,00c0c_8tTShvb6dx0,100
texoma,Never used king size mattress,,250
texoma,TV stand/ cart,00x0x_6e7p4bHV9IH,75
texoma,2 piece all wood china hutch,00t0t_cURVqpoH1u4,175
