twinfalls,Cedar Chest,00T0T_gXSnBUEM8zw,100
twinfalls,Wicker Sofa Table,00S0S_5mYlwTwt5Fi,40
twinfalls,White Maple Dining Table with 6 Chairs,00S0S_aUFapDuSX3u,250
twinfalls,Pair of White Maple Barstools,00e0e_iMRGL87I1KP,80
twinfalls,Brown Pleather Recliner,00n0n_5PmWfaHw2zr,125
twinfalls,White Tile Dining Table with 4 Chairs,00f0f_hYIxW7TtDnC,150
twinfalls,3 Matching Bookshelves,00n0n_1nA9g8eJt1L,150
twinfalls,Furniture,00h0h_fxwyMUmsUYp,25
twinfalls,Wingback Chair,,120
twinfalls,Kitchen or office chairs,00y0y_gmLQ9YbDuX1,10
twinfalls,Reduced - Retro  intake Dinette Set - table and 4 chairs,00m0m_cBapGVTWJ48,200
twinfalls,Table and chairs,00505_4kxkPwCnBfZ,75
twinfalls,Dining Table with 6 chairs,00M0M_hv9fpfmh9mn,150
twinfalls,Entry way table,00e0e_crkxl0hxkox,75
twinfalls,Pillow top Queen bed like new,,350
twinfalls,"Rustic Log Framed Mirror - 36"" x 30""",00N0N_ftt4UcGcpxp,200
twinfalls,Couch and Chair,,75
twinfalls,Loveseat and  Sofa,00L0L_fHHKIeLsP8u,250
twinfalls,Big screen TV,00z0z_4vLQWHojt2w,200
twinfalls,Decorative clay Pots,00l0l_i4ERjAtYo1G,40
twinfalls,Glass Coffee Table,00A0A_h5eCVyzvbDQ,40
twinfalls,Electric oil room heaters 1500w Pelonis $15 ea 3 available,,
twinfalls,I JOY REMOTE CONTROL MASSAGE CHAIR,00c0c_cMW0GBmRePM,160
twinfalls,Brown Microfiber Sectional,00k0k_6TThMUvLi6S,500
twinfalls,White 2 Piece Sectional,00L0L_kKlVNC9T1Uf,200
twinfalls,Queen Bedroom Set,00707_i9CmFSCVD6S,500
twinfalls,Green Plaid Loveseat,00P0P_c9tbch7n8Ov,75
twinfalls,Blue Full Size Mattress Set,01414_dppwXzdWD4R,100
twinfalls,Blue Metal Twin Bed,00707_gNtocOTgG1l,75
twinfalls,Solid Oak Dining Table w/ 4 Chairs,00c0c_1vfG8ob2r9C,200
twinfalls,Floral Couch,00e0e_kDXakSfT3ej,50
twinfalls,Multi-Colored Couch,01212_64Cj1BrMH2N,75
twinfalls,Floral Queen Mattress Set,00j0j_aOIfxL1dVxz,125
twinfalls,Oak Dining Table w/ 5 Chairs,00f0f_igBLwxGOpN9,150
twinfalls,Pine Armoire,00W0W_kdmfDOsYvje,125
twinfalls,White Queen Bed,00L0L_iMI4kOHxD3x,100
twinfalls,Microfiber Sofa and Loveseat,00o0o_a2rjTAImwr1,175
twinfalls,Oak Bookcase,00303_j2deIVfHkSN,75
twinfalls,Floral Loveseat,01616_g9DINud4pxQ,50
twinfalls,RV King Mattress,00q0q_j4tOpjQJD2m,25
twinfalls,6 Drawer Dresser,00W0W_aXrSZbNzaO4,50
twinfalls,Green Recliner,01717_fJglLHb2j5y,50
twinfalls,Blue Full Set,00e0e_b3pV0wyIhwF,75
twinfalls,Laminate Desk,01414_cjruc5j1gib,50
twinfalls,Blue Office Chairs,00O0O_4AhUwZBwfV8,40
twinfalls,Dresser Set,00e0e_f8lbEqnvj0g,250
twinfalls,Chocolate Brown Microfiber Reclining Couch,01111_VuJ9qbMzK6,175
twinfalls,Oak Secretary Bookcase,01616_j0N1ZIsIq4H,75
twinfalls,Black Futon with Pad,00909_lDcxQEg4edX,100
twinfalls,Oak Bookcase,00606_6lyEFvVSRvP,75
twinfalls,Gel Memory Foam King Mattress Set,00G0G_gLc46NmxQCm,250
twinfalls,Oak Queen Headboard Unit,00I0I_3uaH7dScXyT,150
twinfalls,Pine Breakfast Nook,00g0g_kiEkUkM40YO,200
twinfalls,Large Round Dining Table with 4 Chairs,00h0h_eNcF7EhpoMp,200
twinfalls,Large Oak Dining Table with 5 Chairs,00u0u_jnZbR1VOOcL,250
twinfalls,Hexagonal End Tables,00d0d_4Qg1bJXzCVu,25
twinfalls,Black Glass tv stand,,100
twinfalls,Wall Shelving Unit,00A0A_7WBK28gU8yw,60
twinfalls,Industrial Dining Table,00k0k_1ujJGVc3WiD,1200
twinfalls,Red Couch,00V0V_8lS6HufVxvT,100
twinfalls,Bunk beds,00M0M_gwhzNA5hQQT,85
twinfalls,Round Oak Table w/ 4 Chairs,00v0v_gb5Q4QnQmFb,75
twinfalls,Pillow top Queen bed like new,,350
twinfalls,Platform bed frame,01111_cOjOxW5hSpy,80
twinfalls,New Hickory Bedroom Set,00u0u_jdjqmmp2qB3,1025
twinfalls,Recliner for sale,00q0q_eARAxGMthb1,50
twinfalls,Sea rider saddle sectional,00n0n_lmZ5917JSdU,500
twinfalls,Blue Loveseat,00T0T_gOL9VO8e6DH,75
twinfalls,Blue Checkered Hide-a-Bed Couch,00G0G_hqgIjY5f9AJ,100
twinfalls,Black Eurotop Queen Mattress Set,00404_bXxNVeYLurB,200
twinfalls,Orange Hide-a-Bed Couch,00909_ciyd0v6mtdY,100
twinfalls,Floral Couch & Loveseat,00k0k_hRAA7yp0j8v,100
twinfalls,3 pc coffe table set for only $99,00e0e_11yZO3wSTYM,99
twinfalls,table and chairs,00303_hpQbJjE6auh,40
twinfalls,Beautiful Refinished Shabby Chic TV Stand/Dresser/Buffet PRICE REDUCED,01717_a4apatkgaNB,325
twinfalls,Chippendale style ornate secretary,01414_4iJSUgs3ywm,550
twinfalls,Antique Metal Bed Frame,01010_iRkhzTIiKRG,65
twinfalls,Recliners-dinettes-chairs -mirrors -rugs-curios-hutches,00m0m_he308a9fti8,75
twinfalls,VINTAGE DINING TABLE,00j0j_hidXYARGS3u,75
twinfalls,Beautiful Solid Walnut Dining Set,00W0W_hMsLTlRw98B,599
twinfalls,Glass Coffee Table,00A0A_33e8SlTVYe1,60
twinfalls,Toddler race car beds,01010_5U37tUAAPQN,100
twinfalls,Queen mattress,00U0U_hDP0bwOc3VF,75
twinfalls,Sectional sueade couch/love seat,00b0b_bv3eiCPYVAB,650
twinfalls,Hurry on sale closing store in couple months,00t0t_6L2HPPyOlCA,780
twinfalls,Small Vintage Desk Lamp,00909_75ggE0jgYF5,15
twinfalls,Furniture,,
twinfalls,red Sofa/loveseat,00x0x_4HMFzAid1n0,800
twinfalls,Solid Wood Desk,00a0a_4LWGcrvNPYV,450
twinfalls,Sofa,00N0N_hGgxl3eXK6C,175
twinfalls,Chair,00l0l_6b66Pnsqeji,80
twinfalls,Arm chair,00r0r_8tDEv5E110r,70
twinfalls,"Superior 2 Piece Sectional with 48""Coctail Ottoman",00606_bY71qjM4eay,500
twinfalls,Large wood and glass tv stand,00S0S_iztzH2yNui2,50
twinfalls,Kitchen table and chairs,00X0X_hEutwn8Crbc,75
twinfalls,Very rare  Fun Chair!,00j0j_cNwnC5b6ppO,1000
twinfalls,Entertainment Center,00l0l_8Iwu7vIxaSt,500
twinfalls,Couch and Loveseat,00i0i_7K9D4dizvfv,100
twinfalls,Leather Sofa,00x0x_ktOjYukFoae,675
twinfalls,Night Stands - 2 matching end tables /bedside tables,00e0e_8BxNmuhezMU,25
twinfalls,TV Cabinet/Hutch Ducks Unlimted,00404_epR33qa41ua,279
twinfalls,Full size mattress for sale,00c0c_1R69GQFWwMF,40
twinfalls,Beauty Rest queen bed,00C0C_7XYUaoIK45h,600
twinfalls,Couch,00f0f_dwJQPNybTGR,200
twinfalls,Table and chairs,00707_dT01nqlB7r7,60
twinfalls,Entertainment center,00707_kLM9UAByVG5,150
twinfalls,Mirror,00M0M_jYpoEFvqdd8,10
twinfalls,Infinity Home Speakers,00K0K_8897cS7B66w,100
twinfalls,Home decor,00s0s_bZJjNPPO4og,10
twinfalls,Pillow top mattress and platform,00W0W_aLMH5bbp1Xu,299
twinfalls,Wall storage with desk,00K0K_fWxscrGVm14,900
twinfalls,Pair of End Tables,00x0x_iVRmKxNf8iM,35
twinfalls,Sofa,00R0R_gTdqpzLRFex,695
twinfalls,Saddle stand,00n0n_kEUDCniLkGw,
twinfalls,Custom made dresser,00505_55cq2nUxNgs,350
twinfalls,Glass Coffee Table,00A0A_h5eCVyzvbDQ,40
twinfalls,American Leather Couch,00j0j_2mY5sFlThCf,450
twinfalls,Bunk bed,00b0b_ivR8WTVXxDG,550
twinfalls,Solid wood bunk bed,00E0E_18aQhm0rU9C,550
twinfalls,Micro Suede Love Seat,00R0R_lUn2sEgvbOc,50
twinfalls,Solid wood table and chairs,00909_8Mjs2aTrUzr,500
twinfalls,Nightstand,00C0C_cLw4ejRJPPE,15
twinfalls,Whalen 3-Tier Flat Panel tv stand (NEW),00h0h_c4PANru9nVc,95
twinfalls,Couch,00d0d_2vkv4v2dhum,1
twinfalls,Sleep Number Mattress & Boxspring,,400
twinfalls,Couches,00l0l_9RxVTb9lNhI,100
twinfalls,Glass shelf,00101_2Y7YY7LvLak,20
twinfalls,"Oak china hutch,  oak dining room set & piano",00I0I_2hT4PohnxNO,
twinfalls,BAR STOOL,00U0U_2XyN7VI2PGo,25
twinfalls,Curio cabinet excellent condition,00B0B_Bs437N1OXd,175
twinfalls,Cedar Chest,01616_gh1lnXfE2ve,225
twinfalls,Big Brown Wood Coffee Table,00H0H_8BpenwNoSMg,75
twinfalls,Oversized chair and ottoman,00q0q_9kQX0HKOMtw,50
twinfalls,Kilt has to go,00b0b_lfImzmy8ECx,25
twinfalls,Couch,00E0E_450Ldpk7cnd,150
twinfalls,"3 Metal 12"" Locker Shelves",00c0c_1CgBZq4fEyC,20
twinfalls,Adjusta Magic Electric Adjustable Bed,00404_8xhMMuOkn6F,395
twinfalls,TON of Furniture & Housewares,00o0o_gpPYO7elzRo,100
twinfalls,Sectional Couch,00e0e_dcwbKOPoUse,700
twinfalls,Pair of Compass End Tables,00N0N_hxxPk9xBmO5,70
twinfalls,Table and chairs,00101_knkWA8Hevqj,160
twinfalls,Ikea Queen Size Bed,00z0z_iBGPsR3vFwT,150
twinfalls,NEED GONE TODAY QUEEN size mattress,,50
twinfalls,Sofa - like new,00u0u_keZyfVbw3Gn,250
twinfalls,TF Trading co. Quality used furniture-antiques-decor,00T0T_1tAhY9Kr2kQ,75
twinfalls,Queen size mattress,00J0J_g5dSsfUrKGg,200
twinfalls,Ashley nightstand,00505_7aHA05gMics,100
twinfalls,Night Stand,,75
twinfalls,SIMMONS BEAUTYREST  KING PILLOW EURO TOP HYBRID MATTRESS SET!,00G0G_iMPafVRi67t,400
twinfalls,"NEW! Medium Dark Oak Farmhouse Dinette Wood Table w/leaf - 60""L x 42""W",00q0q_e05WMbW89x2,150
twinfalls,Wine Cabinet,00T0T_1J81u1tq7bt,140
twinfalls,Reclaimed wood entertainment stand,00t0t_7GcnpHNXMZu,500
twinfalls,9-Cube Light Green Square Storage Versatile,00j0j_54gV1CdKpvf,80
twinfalls,"China Hutch/  Cash only, local pick-up",01616_1ZpkyV3tE37,1500
twinfalls,Sofa and loveseat pair,00F0F_egG7IwbSvKA,200
twinfalls,Entertainment Center,00M0M_8awcfYjDLiE,75
twinfalls,Stained drift wood,00a0a_5wpVsgWOSF0,330
twinfalls,Folding lounge chair,00k0k_bSNfktvubll,50
twinfalls,Custom queen size headboard,01313_aicsuUv6yk2,150
twinfalls,Boomchair gaming chair rocker,01313_1tNYVZg3pCz,75
twinfalls,30-40 Gal HEX FISHTANK & Stand,01212_5qaWJBz0Py2,40
twinfalls,Bar stools,00o0o_1ropMgizOVr,
twinfalls,Dresser with matching night stand,00909_5rrJdMawxZw,140
twinfalls,Vanity with chair,00U0U_jl5XgOLPEBS,200
twinfalls,Shelf,00202_7MMFC7kHamP,30
twinfalls,Old book shelf,01515_aCYAKxpLJfT,20
twinfalls,Little Rocker Chair,00f0f_1O1JFjXNtNo,20
twinfalls,Coffee Table,00707_jXymeDjbtqH,30
twinfalls,Little Table,00p0p_h6yIHwChHQz,30
twinfalls,Business/ Yard Sale Sign,00R0R_dzgUcND0qW,30
twinfalls,Pillow top Queen bed like new,,350
twinfalls,Beautiful glass dining set,00A0A_edYOb7YTf9W,100
twinfalls,Black Metal File Cabinets,00606_inK62LSltHd,150
twinfalls,Sofa,00i0i_esk3IrYW3ib,400
twinfalls,CLASSIC 50's DINER BOOTH SET,00c0c_dVSqsMzFgWc,750
twinfalls,Antique Single Seat Pew Chair,00X0X_fGJh7nJqDth,60
twinfalls,Heavy office computer desk,00w0w_eW9ARx17Z26,300
twinfalls,Microfiber Sofa and Recliner,00I0I_824GNOhOzGa,100
twinfalls,Twin bed with mattress,00f0f_icwgtcfoaNB,225
twinfalls,Queen mattress,01414_8AL24wfj55B,100
twinfalls,Pier 1 Counter Tables/Book Shelves,00707_5X93SBIEgB8,100
twinfalls,Office Chair For Sale,,30
twinfalls,Bed,00202_hDZT9RGOlqx,225
twinfalls,Couch,00Z0Z_aRP1VxVBQbR,250
twinfalls,Lifetime Folding Table,00t0t_KUPGCfc1Ry,30
twinfalls,Folding Table,00X0X_9xYVE13MSqh,15
twinfalls,Cosco Folding Table,00g0g_4b9WGZpafFh,20
twinfalls,Check out new items at TF Trading!,00C0C_3XEmrhHcdmM,123
twinfalls,handmade reclaimed furniture,00e0e_lKrzXUDBJ7C,
twinfalls,Solid wood desk,00i0i_2LnjkqlilM3,50
twinfalls,TV LIFT CABINET w/TV **Price REDUCED AGAIN,00Q0Q_ePdaxifcP9f,650
twinfalls,Church Benches,00v0v_5zhrvHQrBcp,50
twinfalls,Computer desk,00e0e_d9YbexqTfN5,200
twinfalls,Shelves 3x5,00U0U_fmrgK4xZkS,50
twinfalls,Beautiful Hard Wood Desk &Chair,,200
twinfalls,"BOOKS, DVDs and CD SHELVING - ASKING ...",01212_iMYaRah1NPK,25
twinfalls,gliding chair with ottoman,00505_4Lh28K5e9Ln,100
twinfalls,Bunkbed,00a0a_keLoPMNMFUc,400
twinfalls,Childs Headboard & Dresser,00Y0Y_fzaNmSv0uNW,100
twinfalls,Two Day beds with Trundles included,00J0J_aUud0QfEFeg,250
twinfalls,Kitchen table,00Q0Q_bYGRiYcjYS9,150
twinfalls,Super queen,00T0T_5NsSvgJy75T,
twinfalls,Hand made table,00x0x_duVUTvdwaxr,400
twinfalls,wood bunk bed with sub drawers,00c0c_5b8WzVhcnz5,35
twinfalls,Antique table Duncan Phyfe Style,00h0h_g7W6MpPNKrt,50
twinfalls,Great Full-Size Bunk Loft Metal Bed with mattresses,00T0T_fDr3C9bbT1N,700
twinfalls,Desk,00q0q_itq4bigUSa,125
twinfalls,Hide-a-bed you haul,01313_hGLqB07ld9t,67
twinfalls,4 chairs,00G0G_7SUuk0Mbn48,100
twinfalls,Dining table/entrtainment center,,175
twinfalls,Kitchen Table-Round Pedestal,00B0B_3fVacti2w9Y,150
twinfalls,PRICE REDUCED! Exquisite set of antique furniture,00P0P_1QplWzqhCh5,1200
twinfalls,Rocker Recliner,00e0e_lKRrymzuiyZ,50
twinfalls,Vintage Leather Recliner,00a0a_9Rn2UABjsO2,25
twinfalls,Tall wine glass table for two,00i0i_31Ff5ynjKNk,200
twinfalls,Custom solid oak dining table set,00G0G_bnCfvs1FMtn,425
twinfalls,Coffee table for sale $25 O.B.O.,00O0O_iqaUsCn7jek,25
twinfalls,Queen Mattress for sale. $65 O.B.O.,00O0O_8OOkBwk3OGT,65
twinfalls,Queen Bed for sale. $100 O.B.O.,00o0o_jPpBIa73TEu,100
twinfalls,Armoire,00g0g_5v8VXSRuZyy,
twinfalls,Teak Dining Table seats 4 -8  Danish Modern  $945 Or best Offer,00z0z_hoyZpTQUE9m,945
twinfalls,Entertainment Center,00b0b_joZbzT5sBiU,1200
twinfalls,"Two floors of clean furniture, nicely priced",00z0z_7lhKmSOXTOI,1234
twinfalls,Black Couch,00U0U_eEoyYOpmSlb,350
twinfalls,South Cone Glass top Dining table/desk,00r0r_gUmMc4N4N3p,585
twinfalls,Dining Room table with Chairs,00A0A_1bKZE4vamAX,240
twinfalls,2 Couches,,400
twinfalls,bumper pool table and chairs,,500
twinfalls,bumper pool table and chairs,,500
twinfalls,bumper pool table and chairs,,500
twinfalls,bumper pool table and chairs,,500
twinfalls,bumper pool table and chairs,,500
twinfalls,Farmhouse Dining Table,00r0r_dgerl21G4iI,1000
twinfalls,Shelf Reliance Food Storage System-The Harvest,00c0c_5mDzJekGauc,200
twinfalls,Red Rug,00808_tb6hZQx9X9,50
twinfalls,Bed,00707_8Hh2dx7LaWn,80
twinfalls,Floral loveseat hide-a-bed,00v0v_73Jw4kX9EGW,65
twinfalls,Fireplace Mantel,,100
twinfalls,Beautiful 8ft by 10ft rug,01010_dLCFn91klo4,100
twinfalls,Twinsize box spring only. Good shape,00l0l_c9fE7s4eop4,5
twinfalls,2 metal bar stools,00n0n_h2DgF4766x1,10
twinfalls,Pair of Lane leather  recliners,00N0N_lVhOsnllFfR,325
twinfalls,Toilet,00o0o_artXB3zrZBc,70
twinfalls,Ashley Table,01313_hjLDHJ6Vcfb,275
twinfalls,Metal Bed Frame,01313_hI9MqZ8w9Zw,200
twinfalls,king size bed,,100
twinfalls,Something for everybody at TF Trading,00o0o_8YfCitNU9YX,1342
twinfalls,"Contemporary style metal, glass coffee table",01010_cuwxeMIYqka,60
twinfalls,Lay-Z-Boy Chair,00T0T_9mXhIbfxziB,100
twinfalls,Baby Crib & Accessories,00v0v_1ygsD6u4BxW,125
twinfalls,Dining Room Table and Chairs,00b0b_2KdgE45MRJT,375
twinfalls,King mattress/box spring/metal frame,,300
twinfalls,Bed frame,00909_asrYHH0qc2,75
twinfalls,Need more space? Super heavy duty Bunk Beds and Loft Beds!!!,00S0S_bU71qGz7iFX,395
twinfalls,Oak Table and Chairs,00M0M_b2WUznM1oF4,75
twinfalls,Well kept recliner,00e0e_b1RfaD38qne,75
twinfalls,5 piece dinning set,00A0A_eKsJpqk6WnY,420
twinfalls,"Desk large oak office 36"" x 72""",00y0y_7C31NNiLnd0,100
twinfalls,Panasonic flat screen tv and stand,00U0U_dskWNhYmgQc,200
twinfalls,Air conditioned,,60
twinfalls,Papasan Chair + 2 cushions,00000_io3XhyDEjuM,20
twinfalls,Fountain,00q0q_5MiR9Zgl4Hv,25
twinfalls,living room set,00u0u_759XVuYkY7Z,250
twinfalls,Oak dinning room table,01717_81LaEgRbmZ5,850
twinfalls,Chairs,00y0y_g4f9b1JjWYb,200
twinfalls,Sofa,00s0s_731qPxuVgEi,200
twinfalls,Small desk,01111_h6TuJwVbpgt,40
twinfalls,Computer desk,00B0B_8UhzTnR8oDV,125
twinfalls,Executive desk,00N0N_8tlvB8IK7c4,250
twinfalls,Dining set,,400
twinfalls,Dining table for sale..,00y0y_c9rxeLb7lhk,50
twinfalls,Bunkbed with desk inplace of lower bed,01414_aXlq8jxdq6h,250
twinfalls,Table Set,00I0I_lEr2J30mSi7,50
twinfalls,Set of bar stools,00B0B_QoJ2F6e6lW,100
twinfalls,Coat rack,00b0b_g4DbpwYdVoe,15
twinfalls,Nightstand,00909_gJ2WH9qoM8f,11
twinfalls,Sweet Sofa Sleeper Couch with Matttess,00D0D_e9I3jUpskAs,200
twinfalls,Ashley counter-top table w/fold out leaf insert,00t0t_Y3mshHFGd5,300
twinfalls,Ashley counter-top table!!,00t0t_Y3mshHFGd5,300
twinfalls,Lovely 4-poster King Bed,00K0K_lPbtNmyMJiO,2500
twinfalls,Wrought Iron And Glass Shelving Unit,00P0P_eufyGW7MeG7,50
twinfalls,Queen Bed Set,00x0x_gtY6BOqi3wR,125
twinfalls,"3 - Swivel Bar Stools  (counter height 25"")",00U0U_e4fpcL1lzTT,150
twinfalls,Camp Box,00L0L_hvBt3URiU5t,25
twinfalls,Farmhouse Table,00505_2Y2Wqlh0le,800
twinfalls,Large Hutch,00D0D_8KwK0QF4Wxe,80
twinfalls,furniture for sale,00n0n_l9web8VU049,
twinfalls,Full 4 post wood bed frame,00L0L_acFIiHch0OG,75
twinfalls,Two floors of fabulous furniture,00y0y_1aWVoYm7DMO,4321
twinfalls,Arch,00C0C_l2nQYzqSQ5n,35
twinfalls,Donations Family in Need,00G0G_7oxI0HT2jIS,
twinfalls,Marble Table Tops,00V0V_dUsyerz4wjG,
twinfalls,Black leather couch,00L0L_k8nMnl7jGkL,150
twinfalls,Cocktail Table,00S0S_lOe3Jv6iLsr,20
twinfalls,Queen Bed Frame,01010_kVvuIoyZWF6,30
twinfalls,IKEA Grebbestad black&white table,00Q0Q_57FowSUaY6V,70
twinfalls,10 percent off a houseful of furniture!,00u0u_fd6KTcLFOaZ,1234
twinfalls,New arrivals -- check these out,00N0N_9Q1KnH7kPav,1234
twinfalls,Matching night stands,,
twinfalls,Headboard and Footboard,00000_748FFVG9F18,300
twinfalls,Couch,00o0o_kBY7FFp25Fl,150
twinfalls,Queen size mattress and boxspring,01212_ejmY6Adl7y9,350
twinfalls,Henredon dining chairs- 4,00S0S_2hfYQ99sL17,350
twinfalls,Chair with Ottoman,00g0g_hCU5ZzDUrDU,30
twinfalls,solid maple table,00303_ccK6Jz1042o,150
twinfalls,1917 Singer 127 sewing machine,00L0L_8s1zyS4bFcS,175
twinfalls,TV STAND,00W0W_5ZNOZVRlI85,100
twinfalls,Leather chaise lounge,00T0T_7sfBzapOICu,600
twinfalls,Coffee table and two end tables,01313_bSv35qhcpvq,130
twinfalls,Coat rack and decorative urn,00i0i_8xrc1B0DXzX,80
twinfalls,Bar height breakfast nook table w/2 stools,00k0k_7TYy1fJ3VTA,125
twinfalls,Queen bedroom set,00j0j_hXwaP23szdd,400
twinfalls,Table & Chairs,00Z0Z_iCxSuvSpbGF,350
twinfalls,Leather and Fabric Chair with Matching Sofa,00X0X_632QLfRbAlT,550
twinfalls,Two Large Table Lamps,00t0t_3HAOYSgYuPQ,20
twinfalls,Table with 2 stools,01212_QDgNSfQEvY,50
twinfalls,"Queen Size Bed with Matress, Box Spring, and Headboard",00r0r_kQggistqxNr,175
twinfalls,Antique Dresser With Key,00505_jNqORqOxKWV,50
twinfalls,Oak glider rocking chair with foot stool,01414_hlgtcd5bJIs,100
twinfalls,Queen Bedroom set,00P0P_ilKOlQGEMBM,450
twinfalls,Leather couch,00d0d_h4jBWJdHZDB,450
twinfalls,Furniture,00l0l_7gMN4D4WJ4D,1000
twinfalls,Furniture,00T0T_4cgjK0XtuMF,700
twinfalls,Solid wood night stand,00303_l1LOWKHKT4n,60
twinfalls,Barn wood Bench swing,00000_cf7JX5loG6t,100
twinfalls,Coffee Table with matching End Tables,00O0O_bLcNsM7cmU1,140
twinfalls,Solid Wood Entertainment Center,00d0d_4UVjsWCuPbh,50
twinfalls,Coffee table,00606_gDzJNYTodhn,60
twinfalls,Piano Bench,00H0H_b7XPulQMWa1,40
twinfalls,Awesome kids desk,00B0B_8OmO0qdTw61,150
twinfalls,TV armoire/Coffee table,00X0X_f40xROq4jvf,
twinfalls,Solid oak coffee table,,50
twinfalls,Armoire,00y0y_cEzw0n1brUm,170
twinfalls,Mahogany Entertainment Center for Sale,00V0V_7J8Y0nOmx4B,70
twinfalls,Beautiful Vintage Large green glass and metal lamp,01313_dumswiHWVLY,45
twinfalls,Great vintage bird art picture,01515_gRSNnRmIBpD,19
twinfalls,Vintage 1980's  Patrick Nagel Print,01414_9vkajd0A38U,40
twinfalls,Sturdy Desk for sale,01616_eoNmnk5akYj,80
twinfalls,King bed mattress,00k0k_ceV9qHXR16F,100
twinfalls,Mission Style solid Oak Table,00Y0Y_boIO5BV2rQq,75
twinfalls,Wood desk,00404_ipPCyrRAvt6,50
twinfalls,Oak Roll Top desk,00Z0Z_1OQTLrzqxEd,475
twinfalls,Couch (must go asap!),01616_dlJgoZjqyv1,50
twinfalls,Massaging Sofa Chair,00K0K_9eJEkNJpLw6,500
twinfalls,Vintage black destress hutch,00606_6M1xFu4a1h6,250
twinfalls,"Great Microfiber Sofa, Oversized Chair, and ottoman",00D0D_jcoFRdxumOK,250
twinfalls,Leather couch set,00x0x_6K48lEHqZeq,800
twinfalls,Beautiful Claw Foot table & 6 Chairs,00a0a_es5m7FMrwy0,450
twinfalls,BEST Home Furnishings Recliner,01313_jtXaRghTuoG,350
twinfalls,La-Z-Boy Maveric Power Recline Electric Recliner,00X0X_ey1sjMK6WLl,400
twinfalls,Artificial decoration tree,00i0i_5HLbSpEotbU,15
twinfalls,Love seat and couch,00B0B_f23pgxWqMZf,50
twinfalls,Assorted Furniture,00C0C_g4FTWvECyxR,
twinfalls,Maple table w/4 chairs,00C0C_hsYOldWBWoP,400
twinfalls,Carousel fireplace,00s0s_peDz9C7FWG,150
twinfalls,Brand New Glass Office Desk,00F0F_gCtSTw12SZ7,75
twinfalls,Massage chair must pick up,,150
twinfalls,LA-Z-BOY Sleeper sofa - great shape,00D0D_a8zMrGu0HrX,100
twinfalls,Household Furniture,00u0u_7iflEVr1C2w,1000
twinfalls,Old Style Wooden Couch/Foot Rest,01111_g6EzbsAbjE2,150
twinfalls,Chair,00H0H_aTao3Dc8AUE,65
twinfalls,2 person patio swing,00q0q_gPpmz3OuN2I,65
twinfalls,Round Dining Table,00H0H_iTHnkK2GhU5,190
twinfalls,Piano Bench,00S0S_hL06IPbuHhO,60
twinfalls,Girls Bedroom Set,00404_4q1Lx22Ipok,700
twinfalls,Desk,00o0o_7aYIFmR7vH4,50
twinfalls,Farmhouse Coffee Table,00303_gaHw8Imsi4Y,300
twinfalls,TV Stand,00G0G_eGaEESYdo07,35
twinfalls,Dining room set,,45
twinfalls,couch and love seat,00m0m_igINUo6QKGE,450
twinfalls,oak dinning table,00k0k_lpjXwFhDid4,125
twinfalls,New Farm Table with Benches,00Y0Y_lLukftn4zYg,600
