visalia,new Twin/twin/twin Bunk Bed & 3 Mattresses,00h0h_51Ifmfs21ia,699
visalia,2 Bar chairs,00h0h_eZ7D0KFAflJ,60
visalia,Ficus Trees,00o0o_hX2cm1RrmXJ,250
visalia,6 Chairs,00p0p_hOJcTkkKbH0,450
visalia,two drawer oak filling cabinet,00F0F_eqJ8Py999QO,175
visalia,New! POTTERY BARN Havana Seagrass Bed TWIN $1200,00E0E_gNC1rn8xYGK,745
visalia,2 Chairs,00W0W_kfNNifzFAMt,10
visalia,Computer,00a0a_hFn8xIfptnV,100
visalia,Chairs,00p0p_hOJcTkkKbH0,400
visalia,queen new frame on sale,01313_4sbQf6ac4IG,199
visalia,6 chairs,00b0b_5hmhrXJAZXO,
visalia,Table and 4 chairs,00202_frTAc9eSpXW,299
visalia,Computer Desk,00P0P_48kOu8jo3NX,50
visalia,FURNITURE & HOME DESIGN ***,00F0F_3RW6bD34XBx,40
visalia,FURNITURE & HOME DESIGN ***,00101_6qTfwxoifYW,40
visalia,Full over Full Bunkbeds with mattresses SALE WE DELIVER,01414_abqQp8eIavQ,599
visalia,queen frame and mattresses included,00c0c_5QinY8FO87N,599
visalia,Queen Platform bed frame,00606_guQhoSqaMh3,199
visalia,FURNITURE & HOME DESIGN,00m0m_9Gcs81zjO2K,53
visalia,full bed frame and mattress included,01616_kjv4BpyEzx1,299
visalia,Twin/Futon bunkbeds with mattresses,00u0u_4oPOgDKkfCj,399
visalia,bunkbed with mattresses,00b0b_jfvdT2GbFTF,399
visalia,Counter Height Table with 6 chairs,00j0j_dY9v6PqD2ri,699
visalia,Table and 4 chairs SOLID,00202_frTAc9eSpXW,299
visalia,Vanity Set with Stool,00p0p_9QoQrXHcOvS,199
visalia,FURNITURE & HOME DESIGN 4 PC BED ROOM SET,00808_kfDCmnmKrBC,899
visalia,Sofa / Love set,00000_2deMmpe0Zz2,399
visalia,twin bed frame and mattress included,00X0X_byDUBFodYA1,199
visalia,Twin/Full/twin Bunkbeds  and mattresses included,00A0A_3iSwOr2GAl5,699
visalia,Twin/Full/twin Bunkbeds  and mattresses included,00A0A_3iSwOr2GAl5,699
visalia,new Twin/Full Bunk Bed & 2 Mattresses,00x0x_3dP1Knz7y0J,369
visalia,new Twin/Full Bunk Bed & 2 Mattresses,00N0N_1PpdBaBLwNQ,369
visalia,new Twin/Full Bunk Bed & 2 Mattresses,00909_c5TgRjmvypW,369
visalia,new Twin/twin/twin Bunk Bed & 3 Mattresses,00h0h_51Ifmfs21ia,699
visalia,new Twin/twin/twin Bunk Bed & 3 Mattresses,00h0h_51Ifmfs21ia,699
visalia,FURNITURE & HOME DESIGN,01515_ePNk09kgBfj,40
visalia,4 pc bedroom set,00U0U_6oGHjsmxUEM,599
visalia,new Twin/twin/twin Bunk Bed & 3 Mattresses,00h0h_51Ifmfs21ia,699
visalia,5 Drawer dresser solid pine,00X0X_3JxACTIFeGO,169
visalia,Sectional and Ottoman for Sale,00S0S_3XaH7WCH7iD,549
visalia,4 pc bedroom set FREE MATTRESS INCLUDED,00O0O_7CWwq9cjM4v,1299
visalia,Twin/Twin Bunkbeds with Mattresses For Sale,00R0R_9IdDpkIvxYo,399
visalia,Twin/Twin Bunkbeds with Mattresses For Sale,00707_jUbYnpsHRaL,399
visalia,3 pc recliner sofa set,00L0L_iM0FFwvB6iO,999
visalia,Recliner Chair,00R0R_4bMmpe82WAN,179
visalia,Twin/Futon Bunkbeds with Mattresses For Sale,00A0A_74mF8C8LSGn,399
visalia,twin bed frame and mattress included,00s0s_h5SgwJNU82o,199
visalia,Good Quality Futon,01515_lkR6Ba9MsVe,199
visalia,Table and 6 chairs,01212_9Z3wvK8PE8a,399
visalia,Youth Twin bed,00q0q_eWuWIHwhdNw,199
visalia,Full Bed with Trundle for Sale,00U0U_8hte8Tws4kk,399
visalia,Twin/Futon Bunkbeds with Mattresses For Sale,00F0F_gJWe3f0rHAO,399
visalia,Twin/Futon Bunkbeds with Mattresses For Sale,00F0F_gJWe3f0rHAO,399
visalia,Round Table with 4 cushioned chairs,00C0C_9HZ3XM1ZeAz,249
visalia,Sectional and Ottoman for Sale,00w0w_1AIMtRlNw0s,639
visalia,Youth Twin bed and mattress included,00q0q_eWuWIHwhdNw,189
visalia,Sectional and Ottoman for Sale,00O0O_lWn3a0SInRm,549
visalia,Twin Daybed,00H0H_lW7gu8lAkH2,199
visalia,Sectional and Ottoman for Sale,00O0O_lWn3a0SInRm,549
visalia,Writing Desk,01616_6oXofNLYzzx,75
visalia,Twin/Futon bunkbeds with mattresses,00u0u_4oPOgDKkfCj,399
visalia,Zebra Print Footstools,01212_jlQKYXlPYPI,20
visalia,Vintage Milking Stool,00H0H_jmCGdnOViPA,19
visalia,queen bed frame on sale with mattress included,00K0K_9xn2iEM2NuG,699
visalia,2 White Faux Leather Dining Chairs,01515_7u6Xvok5Mif,75
visalia,LEATHER OFFICE CHAIR,00s0s_jppbm0tIoxg,30
visalia,CHERRYWOOD  DRESSER & MIRROR,00707_QtfH5W2j5f,150
visalia,4-DRAWER CHEST,00D0D_gXmSqfDJJeG,25
visalia,Sofa / Love set,00000_2deMmpe0Zz2,399
visalia,OAK  ICEBOX  END TABLE,00g0g_6qCzREIgHZz,35
visalia,OLD CEDER CHEST,00V0V_21kMTz2K2aY,50
visalia,SET OF 5-HAMPTON BAY RATTAN CHAIRS,00i0i_8ouce8JfJVa,200
visalia,VINTAGE WICKER ROCKING CHAIR,00k0k_lOlPOCg14bC,50
visalia,OAK END TABLE,00707_kOvBgmYZMPx,45
visalia,3 peace Sofa set,00A0A_hX9UHZlWq6T,750
visalia,Beautiful Chinese black oval table one of kind $400,00X0X_j54ZghyY2LW,400
visalia,Black desk chair,00p0p_gwwAzKVgF3F,60
visalia,King Size Bed Frame - IKEA,00t0t_jzm0DJiqUbz,100
visalia,Long Buffet,00S0S_dlOOGoiej2E,200
visalia,Black desk Chair,00505_fWccl8vGnio,60
visalia,Student desk,00n0n_g4cDFhsWtd6,60
visalia,Beautiful Dark Wood Armoire,00h0h_awAUYTUBTMN,99
visalia,Bed Full size black headboard/footboard,,10
visalia,Student desk,00z0z_aUCAVRS2MBQ,60
visalia,Elegant French Dresser,00r0r_7zhJ4SM49f,200
visalia,DVD/CURIO CABINET,00T0T_5AoxZlaF1Oi,40
visalia,Cabinet/Dresser - Shabby Chic/Country Style,00J0J_CnO1IKAcGZ,50
visalia,Restoration Hardware feather sofa with nailhead trim,00k0k_iISEZtzCrtn,500
visalia,Chair,00f0f_jwVS8VNHDv3,
visalia,Night stand,00303_5PqpTxGYb1E,
visalia,Shelves,00000_cXe4IH8q1Mc,
visalia,Dresser,00j0j_iELMly0eMKt,
visalia,Twin Bed Frames w/ headboard,,275
visalia,Bedroom set and couches,00Q0Q_llRbbT6wozo,1200
visalia,Gray-Taupe COUCH,00e0e_cqvhw1tkgGl,175
visalia,Dining set table and 4 chairs plus bench,00P0P_b3Y4wtCjACD,650
visalia,Sectional Sofa and Loveseat brown leather,01515_hDktJfIqR2X,1000
visalia,TV Stand,00j0j_PtQgdIRlPX,125
visalia,Vintage Desk,01515_7JB5v2yTfqD,80
visalia,Counter top Barstools,00606_ktvGqainFJ2,40
visalia,Entertainment Center,00v0v_4rDEgvozFZL,250
visalia,Console Table,01212_jiCtrIsfs9Q,75
visalia,Brand New Condition Industrial Style Bar Tables (2),00N0N_zLrYHbBh9F,200
visalia,Buffet / Entertainment Center,00Z0Z_8TSeWUs1Gys,175
visalia,Bedroom Set,00i0i_2nz7xG3yQq5,750
visalia,Vanity,00M0M_9COA9cXefyQ,120
visalia,Mirror,00b0b_2SYuvbvMMqL,40
visalia,Bedroom Set with Trundle bed,00C0C_6wpOqY59TqW,800
visalia,Tall Dining Table 8 Seats,00707_31cyo6Ykfsv,450
visalia,Stools,00N0N_ihnbirRG9Q1,120
visalia,Dining room table,00d0d_gLa6ne7NIUZ,145
visalia,Get your couches cleaned today!!,00t0t_1DemMsF99op,
visalia,Sleep Number Bed,00x0x_8MzDlCR5Rzt,500
visalia,Great condition couch,00A0A_82R9eWAzlOa,45
visalia,Pier 1 Twin headboard,00D0D_fcWjT8rI50H,45
visalia,Bamboo end table,00z0z_1bzCpRmAvzv,45
visalia,"REPLOGUE 16"" QUEEN ANNE LEGEND CLASSIC WORLD GLOBE",00t0t_8pZ3Wdr9wCM,150
visalia,Desk,00B0B_6sMzhTjvgz9,60
visalia,Desk,00B0B_6sMzhTjvgz9,
visalia,Sofa and loveseat for sale,00f0f_f1vNVXHeAbw,500
visalia,Charcoal grey sofa made by lazy boy,00K0K_jsf71Euyshi,350
visalia,Entertainment Center (Solid Oak),00606_8VWbVGOLdCk,60
visalia,4  chairs,00L0L_cZAjYnEZcpm,15
visalia,MARKET UMBRELLA,00v0v_4y3ClfxWp1V,40
visalia,glass table,00101_bRg46H1cFtw,40
visalia,FOLDING CHAIRS,00a0a_g3nO3fc3pIw,35
visalia,PATIO UMBRELLA,00s0s_dyC1FrQKndc,25
visalia,Pool Outside Storage trunk,00M0M_cuHWmyln1xW,10
visalia,Outdoor Dining Table and Umbrella,00R0R_3HO588jjwHe,200
visalia,Madeline like new Sofa sleeper LayZboy,00303_dkxTtuw5y9t,900
visalia,"Bed Set cal-King size, all inclusive",00E0E_ylhLwucDiL,900
visalia,cell phone store furniture,00H0H_7ccJkH8OzTv,500
visalia,Black clothes butler,00L0L_b0lUV1zlMWs,20
visalia,fake fireplace,00Q0Q_flCCmKNPwE9,10
visalia,4 drawer dresser,01010_7YBP3yDHSud,30
visalia,**********  BEDROOM SET  **********,01010_fNzIsRlvFEI,400
visalia,small sectional with ottoman,00d0d_lnMt2tBrW88,399
visalia,Twin/Twin Bunkbeds with Mattresses For Sale,00d0d_de4fYlnh6nB,299
visalia,Twin/Twin Bunkbeds with Mattresses For Sale,00d0d_de4fYlnh6nB,299
visalia,Vanity Set with Stool,00808_3OfmM8gKSwv,199
visalia,Twin bed with mattress,00V0V_hVBAxS5s3Zt,199
visalia,Table and 6 chairs or 4 chairs and bench,00e0e_jqaCfo8cUJK,599
visalia,Queen Platform bedframe,01010_8QYxHtbTmdX,269
visalia,Adjustable sofa with flip up storage,00I0I_79Eeadb5TjN,319
visalia,Solid Oak end table $40.00,00F0F_fzaFZwVDT84,
visalia,End table ice box style solid oak.,00F0F_cVoQNE26F19,60
visalia,patio set with fire pit,00v0v_f9g4NUS8tZy,700
visalia,Twin/Full/twin Bunkbeds  and mattresses included,00A0A_3iSwOr2GAl5,699
visalia,Sectional Leather Sofa with Ottoman,01515_ayD0oojW1il,3500
visalia,2 Bench Craft Accent Chairs,00i0i_hsP7j6L4vVq,650
visalia,Pottery Barn Stools,00E0E_3p4JLV41LW5,375
visalia,Pub Table Set,00P0P_gQubAUObWrh,750
visalia,Armoire,00404_bZCjrmXbQJE,275
visalia,Outdoor Chair,00l0l_lY6T5XHIOTp,60
visalia,Wood Folding Chair,00404_iE2orBeLV12,30
visalia,Dining Room Table Set,01515_346yqSd9O4m,2400
visalia,dining room set,00m0m_aYyzLdG6UWU,3500
visalia,Recliner Chair,00a0a_cWr90mkYlN1,199
visalia,Coffee table/chest,00J0J_iTL1tKF843x,100
visalia,Entertainment Center,00A0A_d5eEuxQbLKi,250
visalia,ENTERTAINMENT CENTER,00j0j_7yJoWI8p9jl,250
visalia,3 PC PATIO SET,00i0i_3Q4ysyTuhMp,249
visalia,3 PC SOFA SET,00m0m_kJNRlNWvWey,749
visalia,BONDED LEATHER SECTIONAL SOFA,01313_7qQrymOwH5i,749
visalia,Adjustable sofa With Storage,00S0S_czqKtVqyGjR,399
visalia,3 PC COUNTER HEIGHT SET,00303_3VIYtbRFxTN,129
visalia,AMAZING DEALS!!! BLING DINING SET,00f0f_2aYlyzFbUZw,599
visalia,5 PCS DINING SET!!! AMAZING DEALS*****,00b0b_1ZBM5ZGOnxc,229
visalia,5 PCS COUNTER SET,00e0e_OLsQQc4cbk,169
visalia,QUEEN BEDFRAME,00404_3Laxni8OlUm,249
visalia,TABLE 8 CHAIRS,00X0X_bjHkUwsow8R,1299
visalia,GLASS TABLE 6 CHAIRS,00G0G_a0J8ijPkYKs,749
visalia,FURNITURE & HOME DESIGN ***,00u0u_6p4S14f2V1r,40
visalia,FURNITURE & HOME DESIGN ***,00a0a_aUEBbmHBO1H,40
visalia,A BEAUTIFUL SECTIONAL RECLINING COUCH LIKE NEW!!! - $2700 (Fresno),00B0B_1QroWOBfkow,
visalia,Hand made round table w/ 5 chairs,00Z0Z_6Cm5xD7iwRN,200
visalia,Dining table with matching hutch,00p0p_i995XuW5kKe,450
visalia,New solid oak dining table,00t0t_6DoMlL7s8Ni,350
visalia,"Dinning room table, 6 chairs, hutch",00404_2G6ibvVdeyQ,400
visalia,Dining Table,00r0r_aUtH4S6h6Sv,100
visalia,Entry bench,00101_gOL9K1SwHUW,75
visalia,Nice white dresser 6 drawers.,00K0K_lgIfqeGfXcM,100
visalia,Table,00y0y_e5gTkFtA9Zm,250
visalia,Tv stand,00X0X_8T3El4b7Vbr,50
visalia,*TWIN GUEST ROLL/FOLD/PORTABLE BED*,,25
visalia,White Desk,00p0p_gZuVPxbOPzh,100
visalia,Elegant Buffet,00101_5VCDhK3NpCV,195
visalia,Safavieh Hopkins Velvet Club Chairs,00505_3OqWazAFKzc,225
visalia,4 pc bedroom set,00R0R_gjKoyTgCoNi,899
visalia,3 pc recliner sofa set,00L0L_iM0FFwvB6iO,999
visalia,Twin/Twin Bunkbeds with Mattresses For Sale,00R0R_9IdDpkIvxYo,399
visalia,new Twin/twin/twin Bunk Bed & 3 Mattresses,00h0h_51Ifmfs21ia,699
visalia,Twin/Twin Bunkbeds with Mattresses For Sale,00d0d_de4fYlnh6nB,299
visalia,5 Drawer dresser solid pine,00o0o_35SawYZ6aGT,169
visalia,Sectional and Ottoman for Sale,01616_6yKv8dNLQ5y,549
visalia,Twin/Futon Bunkbeds with Mattresses For Sale,00A0A_74mF8C8LSGn,399
visalia,Good Quality Futon,01515_lkR6Ba9MsVe,199
visalia,Sectional and Ottoman for Sale,01212_2kCi6lrcPUO,549
visalia,Sectional and Ottoman for Sale,00O0O_lWn3a0SInRm,549
visalia,Twin/Futon Bunkbeds with Mattresses For Sale,00A0A_74mF8C8LSGn,399
visalia,Twin/Twin Bunkbeds with Mattresses For Sale,00R0R_8uxk4Rg9wBt,399
visalia,Sectional and Ottoman for Sale,00W0W_eSIjjE50JCV,549
visalia,4 pc bedroom set,00O0O_7CWwq9cjM4v,1299
visalia,Sectional and Ottoman for Sale,01616_6yKv8dNLQ5y,549
visalia,Sectional and Ottoman for Sale,00R0R_bWNFYgrQtHD,549
visalia,Twin/Twin Bunkbeds with Mattresses For Sale,00707_jUbYnpsHRaL,399
visalia,Twin/Futon Bunkbeds with Mattresses For Sale,00A0A_74mF8C8LSGn,399
visalia,Recliner Chair,00R0R_4bMmpe82WAN,179
visalia,Youth Twin bed,00q0q_eWuWIHwhdNw,199
visalia,Round Table with 4 cushioned chairs,00C0C_9HZ3XM1ZeAz,249
visalia,cal king pillow top mattress and box included,00B0B_kTg9VwK3GhD,349
visalia,Queen Platform Bedframe,00t0t_9cdM6ZlRm1G,199
visalia,Twin/Twin wooden Bunkbeds with Mattresses For Sale,00R0R_9IdDpkIvxYo,399
visalia,Adjustable sofa with storage,00w0w_eackjLKkAI6,299
visalia,FURNITURE & HOME DESIGN,00q0q_jyyyGFZWFN0,53
visalia,FURNITURE & HOME DESIGN,00Q0Q_4tPt6BfrLgm,53
visalia,Table and 4 stools,00H0H_5QyYlDoUIje,249
visalia,Table and 6 chairs or 4 chairs and bench,00e0e_jqaCfo8cUJK,599
visalia,queen new frame on sale,01313_4sbQf6ac4IG,199
visalia,Adjustable sofa,00n0n_bgc0LDItq6v,249
visalia,leather recliner,00Y0Y_1GBNPsDSfjM,219
visalia,bunkbed with mattresses,00b0b_jfvdT2GbFTF,40
visalia,Queen Bed,00k0k_l14QUz99zLy,329
visalia,VINTAGE STEP CHAIR,00M0M_4ffSTlKGcTA,25
visalia,Glass center table with extras,00V0V_iHGjLWGEZSu,55
visalia,Full size bed,00V0V_gg0MRc2W5iS,150
visalia,Entertainment center,00r0r_e6A3DYmaiNf,185
visalia,Tv stand,00W0W_7nPl7SaJGpM,200
visalia,King Size Mattress Set,00m0m_bgB7y2IGgHN,229
visalia,La Bodega Del Colchon,00202_cQTYfgc6hTd,75
visalia,Queen wood bed frame,00101_9ECkxW1Ni86,100
visalia,* RARE VINTAGE CHILDREN'S PATIO SET *,00p0p_16WIyWGS7TM,150
visalia,~ BEAUTIFUL TABLE ~ Paid over 300.,00000_3BTZX31IMff,139
visalia,** SIDE / SOFA TABLE *  Rustic Pine*  Solid Wood,00e0e_4j7gr5r2cUW,199
visalia,Antique brass lamps,00K0K_5obMWDkLsoq,
visalia,Eating tray/ Magazine Rack,00r0r_4CPJUQK7C8T,12
visalia,Very comfortable Gliding recliner and matching (gliding) ottoman,00Y0Y_iTVzd74jkWG,25
visalia,Two small matching swivel rockers,00z0z_bjGZoFw9G0Y,40
visalia,Expandable Maple Table,01010_jVD6k1jFkLB,150
visalia,Rocking Chair great shape! Pretty pistachio green.,01212_lc9rKNJzUXS,45
visalia,Get your couches cleaned today!!,00t0t_1DemMsF99op,
visalia,Beautiful Coffee Table,00101_d2t0IWqysan,175
visalia,Entertainment Center,00505_16Kb5ZaXVqb,1200
visalia,Dresser and bed set,01111_14awlcfQUqJ,100
visalia,Metal Atrium Display Cabinet,00Z0Z_gkVH5ML5xCB,
visalia,Vintage Bassett Triple Oval Mirror,00g0g_yMEyWHp9Ua,
visalia,Century Dining Set,00F0F_5kjqeXuoSGL,
visalia,Gorgeous Ornate Mirror,00505_hqOeps4t0qQ,
visalia,Vintage Tall Dresser with French Touch,00z0z_fTWYTBlqrUU,
visalia,Uttermost Calabria Iron Wall Decor,00U0U_etM41OgzipE,
visalia,extra large sectional couch asking 450 or best offer must go,00D0D_kBR9kUYVR3t,450
visalia,KITCHEN CABINET,00909_18SBnsccMFh,100
visalia,oak desk chair,00g0g_gyBF1f9HoN0,40
visalia,TABLE AND MIRROR SET,00505_deUV2nrWrHa,90
visalia,Pair of Matching Maple Nightstands,00R0R_hrg9o9ZCTvp,40
visalia,"kitchen/barbeque cabinet,work table, bins on wheels",00T0T_lYG2zG6U5TC,40
visalia,1 yellow 1950's,00h0h_iEB7ioB6l05,30
visalia,small painted wood table with hidden compartment,00I0I_5YPRgr0IvmA,25
visalia,white vintage end table,01515_4s1hgW1MUQz,20
visalia,One Decorative Metal display/Art Easels $45 each,00R0R_kVsx7rXpyLu,45
visalia,Old style hutch,00d0d_jt7Yo3PCIi8,80
visalia,Headboard for full size bed,00F0F_4sNjQgncMTw,75
visalia,"Vintage School Desks,  Tables, Mirrors, Etc.",00D0D_1be3In0wOmL,
visalia,"Tables, Paintings, Peg Shelf,  Old Student School Desks",00n0n_6MCu9VWGHRd,
visalia,ROLL TOP DESK,00r0r_j01kOmezukg,300
visalia,Nice Mirrored Oak Hall Tree,00808_erN80utiMdH,69
visalia,Cute Cabinet / Hutch REDUCED PRICE,00J0J_ltCygEJISCV,50
visalia,Beautiful Master Bedroom Set,00g0g_jkI5aRJuZjk,2000
visalia,Furniture,00V0V_7oXtpsTsaVh,65
visalia,Furniture,00V0V_7oXtpsTsaVh,80
visalia,Oversized/XL microfiber recliner,00M0M_gBq7IIe0zC1,130
visalia,Microfiber sectional couch,00e0e_fkIhcCPh3OL,350
visalia,Furniture,00V0V_7oXtpsTsaVh,80
visalia,Oak Dining Table with 2 inserts,00o0o_65u2PzfRVNO,150
visalia,OLD SCHOOL DESK,00f0f_8yGmrzwRr6M,20
visalia,TALL PUB STYLE PATIO TABLE & CHAIRS SET,00D0D_1Vh9H6LJmlR,200
visalia,COMPLETE FULL SIZE BED,00b0b_2uF017nbsGw,75
visalia,4 pc bedroom set FREE MATTRESS INCLUDED only $1399 for the whole set,01313_6IIrTnSI3GM,1399
visalia,Antique Shabby Chic Accent Table,00e0e_24jnwlUEHcK,150
visalia,4 pc bedroom set FREE MATTRESS INCLUDED only $999 for the whole set,00K0K_h3AzxG6EvIr,999
visalia,Mattress and Boxspring for sale,00W0W_gklzW6Glkhp,99
visalia,Twin/Full Bunkbeds with drawers and mattresses,00u0u_5cQRArdmTrs,499
visalia,Patio Table with 4 chairs,00F0F_9rZM0tOyv48,179
visalia,Click Clack Futon with flip up arms,00U0U_hJ1D6s947yY,269
visalia,MEMORY FOAM MATTRESSES STARTING AT JUST $169,00u0u_cOTghvKhtTD,169
visalia,4 pc bedroom set mattress included,00D0D_dfKEU79Qwsc,999
visalia,cal king pillow top Mattress and box spring sale 15 year warranty,00t0t_lpnaw6QwWtS,299
visalia,nice soft futon on sale,01515_lkR6Ba9MsVe,199
visalia,Twin/Full/twin Bunkbeds  and mattresses included,00A0A_3iSwOr2GAl5,699
visalia,SOFA & LOVE SEAT PILLOWS INCLUDED,00U0U_cfLmNdlsBH0,799
visalia,new Twin/Full Bunk Bed & 2 Mattresses,00909_c5TgRjmvypW,369
visalia,Recliner Chair,00000_kw18RhScXGY,199
visalia,twin bed frame and mattress included,00000_1hwVBW0iILw,199
visalia,Armour/Entertainment Center,00V0V_9KgszCN8dJf,125
visalia,Vanity Set with Stool,01616_eofb8OLlTLj,199
visalia,Twin/Twin Bunkbeds with Mattresses For Sale,01313_dy1bDXEKFIJ,299
visalia,Twin Beds,00p0p_7KdVbhbqR3B,155
visalia,TULARE COUNTY SURPLUS FURNITURE SALE!!!,00808_g41aJgEYphR,
visalia,Queen Size Bed,01515_2S2StFdv150,369
visalia,Bar stools,01212_4Ar30QrvjVa,80
visalia,Patio Set with Fire Pit,00f0f_et5oI5Tojy5,850
visalia,"afforable sofa, loveseat, chair",01010_7pLEh0L19Ar,699
visalia,SECTIONAL WITH XL COCKTAIL OTTOMAN,00M0M_1W166gF5TAe,399
visalia,SECTIONAL SOFA WITH PILLOWS,00707_2sTKKNTmOpe,679
visalia,FURNITURE & HOME DESIGN ***,00m0m_dscTU1di7vF,499
visalia,CHAISE/RECLINER SECTIONAL,00Z0Z_6h7a2KTvS18,879
visalia,TABLE AND 6 CHAIRS SOLID,00R0R_h4RPmTmgj28,799
visalia,FURNITURE & HOME DESIGN ***,01616_5e0rKs9IkjX,40
visalia,pillow top Mattress and box spring sale 15 year warranty,00Q0Q_25aauBm5usW,169
visalia,Bunk beds,00e0e_9zArYrmoqwr,500
visalia,Youth Twin bed,00X0X_byDUBFodYA1,199
visalia,pillow top Mattress and box spring sale 15 year warranty,00M0M_2FWH4phutGk,189
visalia,Oak Dining Hutch & Buffet,01515_38wpu9TuCtl,375
visalia,REFRIGERATOR NOT WORKING?,,
visalia,Bedroom set.,00707_kwGKvHdFlQ3,350
visalia,4 pc bedroom set FREE MATTRESS INCLUDED only $799 for the whole set,00101_kkTAVyqhDbU,799
visalia,5 Drawer dresser solid pine,00U0U_dNvYvPzLcSN,169
visalia,NEW CA. KING PT SETS allother sizes in stock!!!!!!!!!!!!!!!!!,,499
visalia,QUEEN DOUBLE SIDED PILLOW TOP SET,,229
visalia,MATTRESS SALE ALL SIZES,,
visalia,MATTRESS SALE ALL SIZES,,
visalia,MATTRESS SALE ALL SIZES,,
visalia,Brand Name Matresses!!!,,
visalia,Brand Name Mattresses!!!!!,,
visalia,TWIN DOUBLE SIDED MATTRESS $119.00  SALE !!!!!!!!!!!!!!!!!!!!,,119
visalia,QUEEN DOUBLE SIDED PILLOW TOP SET,,229
visalia,"New Mattresses - Twin, Full, Queen and King Sets",,
visalia,MATTRESS SALE ALL SIZES,,
visalia,Brand Name Matresses!!!,,
visalia,Brand Name Matresses!!!,,
visalia,Brand Name Matresses!!!,,
visalia,DVD shelves,01414_8WdJlatZD1c,20
visalia,Brand Name Matress and Box Spring Sets Starting at $375,00000_bOMhdL5PyKJ,375
visalia,Sectional and Ottoman for Sale,00O0O_lWn3a0SInRm,549
visalia,queen bed frame on sale with mattress included,00K0K_9xn2iEM2NuG,699
visalia,Sofa / Love set,00000_2deMmpe0Zz2,399
visalia,Queen Platform bedframe,01010_8QYxHtbTmdX,269
visalia,Full Size Bed with new mattress included.,00909_fqM2tG6OAke,269
visalia,2 pc sofa and Love Seat set for Sale,00r0r_Y0nvgVWkTf,699
visalia,Twin Daybed,00H0H_lW7gu8lAkH2,199
visalia,Sectional and Ottoman for Sale,00q0q_ju9TcqkdOxW,699
visalia,Counter Height Table with 6 chairs,00j0j_dY9v6PqD2ri,699
visalia,Table and 6 chairs or 4 chairs and bench,00e0e_jqaCfo8cUJK,599
visalia,Table and 4 chairs,00202_frTAc9eSpXW,299
visalia,4 pc Bedroom Set,00N0N_7tf1GtGoOwi,1199
visalia,Twin/Full Bunkbeds with drawers and mattresses,00u0u_5cQRArdmTrs,499
visalia,Queen Mattress with free box springs,00d0d_exvoPuZtyzo,275
visalia,Dresser,00t0t_krELqslLTd5,75
visalia,Beautiful Mirror,00000_5PSt9NmYXij,50
visalia,Spool tables,00000_4TC1RT75Co5,45
visalia,Side table,00H0H_dhdL6wziST,35
visalia,Dining room table 4 chairs,00303_9OxBpgHL9FK,200
visalia,twin bed frame,01414_4YageETA89x,70
visalia,Solid oak bedroom set with king size bed frame,00Z0Z_aUYfIu4opCb,1000
visalia,Mirror,01111_apeBgUykTzV,15
visalia,Lamp,00Q0Q_kkFlWDaAA3f,15
visalia,Bedside tables,01414_icYsbOP6WJ9,40
visalia,Jewelry cabinet,00p0p_aohkK17rrVM,35
visalia,Twin Mattress,00x0x_cGhwEQhVAP,75
visalia,Gran Venta De COLCHONES,00m0m_bgB7y2IGgHN,99
visalia,King Mattress Set,00Q0Q_FDD81nVlVZ,229
visalia,Computer desk,00V0V_7oXtpsTsaVh,125
visalia,HANOVER 5 PIECE DINING PATIO SET,,650
visalia,"Sofa, love seat and chair",00r0r_erZ8F7kY7RN,550
visalia,Queen Bed matress  and frame,00202_iov3b0Hmykp,150
visalia,Dresser chest,00H0H_kkmKgbFUwWG,140
visalia,Solid Oak Light Up Entertainment Center,00h0h_ewOIVY9K7cp,100
visalia,Dresser,00707_80beajyA7AJ,20
visalia,Children's rocking chairs,00O0O_gUMkJ2zZ2fg,30
visalia,Bookshelf,01313_VLTEfqdKPR,20
visalia,2 drawer wooden cabinet,00L0L_h0GCdIaxXbD,20
visalia,Swivel Rocker,00N0N_ldHp1VXnwCf,50
visalia,Double recliner sofa,00202_kqbv9V3ERy3,200
visalia,Cabinet/ Cupboard,00606_iv7Vsptv5Yc,90
visalia,Antique dresser,00w0w_gyazgpuhouF,150
visalia,DON'T TRUST THESE NUMBERS,,
visalia,IKEA DESK / ALEX DRAWERS / MAKEUP DESK,00c0c_csNTxV5PS2w,220
visalia,Coffee and intables,00G0G_eK2v4d7VgqF,150
visalia,White leather couch,01515_MiQcYZjqod,500
visalia,1960S MAPLE DINING ROOM TABLE REAL WOOD,00d0d_aWgs0Sa27ZC,100
visalia,TABLE - kitchen table / chairs,00H0H_iJa09qec4uQ,300
visalia,REFURBISH 1967 ANTIQUE WOOD CHILDS CHAIR,00v0v_7FvZTLfABmp,20
visalia,"NEWLY MADE BENCH 42"" INCHES LONG",00t0t_i3qTz8TDgmE,65
visalia,"NEW   58"" INCH LONG BENCH QUALITY MADE",00s0s_fhQrOfevKNL,75
visalia,SHELF,00C0C_jyxFCJuYwgk,100
visalia,COMMUNION ALTER,00909_4SQaFphOTtt,500
visalia,Beautiful Coffee Table & End Tables Set,00I0I_37WuVL6wtrS,165
visalia,2-Pc Tall Wood Dresser,00303_3VHiilTG8yd,80
visalia,black curvy leg side table,00O0O_giQqUXMoSHX,21
visalia,Office Center Michael Amini Aico,00i0i_ghNLQcYcXdO,2750
visalia,Master Bedroom set Aico Royal,00R0R_2PG6PTOHnhN,4450
visalia,Cal King Head Board,00202_4O2RzwMAr71,80
visalia,couch love seat and matching chair,00707_cVQHY8Tm0eN,700
visalia,Twin Bed Frame,00000_7TUelepoL8N,75
visalia,MATTRESS SALE ALL SIZES,,
visalia,QUEEN DOUBLE SIDED PILLOW TOP SET,,229
visalia,TWIN DOUBLE SIDED MATTRESS $119.00  SALE !!!!!!!!!!!!!!!!!!!!,,119
visalia,Mattress Sets * Affordable * Comfortable * All Sizes Available,,
visalia,MATTRESS SALE ALL SIZES,,
visalia,Brand Name Matresses!!!,,
visalia,Double Sided Pillowtop Mattress and Box Sets,00Z0Z_kG5EYLLMJFa,159269
visalia,Serta Mattress and Box sets Starting at $375,00000_bOMhdL5PyKJ,375
visalia,NEW Cat Trees,00k0k_jCeyeUtmz23,125
visalia,"Pier Group, Bedroom set, Dresser, Oak",00A0A_4ZQSjBriRJ4,250
visalia,Bunk bed,00x0x_gvmKCF2k59H,550
visalia,Entry way set 3 pieces,00N0N_95b8hUEhXvz,60
visalia,Corner table with lamp,00w0w_l3CELv4uqso,40
visalia,Armoire,00n0n_etmT3WxLh7p,300
visalia,Dinning table/ chairs - $50,00z0z_3zcqeIDD6bw,50
visalia,Couch,00T0T_4ktGFeZxhBa,100
visalia,Brand New Headboard,00l0l_8BqYMnMckpQ,80
visalia,Coffee table,00Y0Y_3OuBuq95xvz,35
visalia,Bed need gone now asap best offer takes it,00Y0Y_3OuBuq95xvz,135
visalia,Antique Rocking chair,00303_d1cejhU50IO,70
visalia,Office desk 6pc,01515_1nXwmyu01OC,260
visalia,Business computer desk & file cabinet,00C0C_dz7Fz17qrxd,75
visalia,Tv stand,00X0X_8T3El4b7Vbr,50
visalia,Get your couches cleaned today!!,00t0t_1DemMsF99op,
visalia,Industrial coffee table,00R0R_ah7q18Q8Nru,250
visalia,Couch and Love Seat !!! GOTTA GO !!!!,00B0B_8ZVphUim1KY,100
visalia,Dining room table and 6 plush chairs - like new,00F0F_j0NyZkKRj6y,500
visalia,10 x 10 carpet,00x0x_8RJWN0D7850,600
visalia,area carpet,00909_j98YTnq4zh3,600
visalia,Joerns PrevaMatt Hospital Grade Mattress - New,00t0t_k4Tx4Tk4vWh,200
visalia,BRAND NEW AVALON OUTDOOR BROWN BENCH,,250
visalia,NEW BABY CRIB WITH MATTRESS AN DRESSER,,800
visalia,A BEAUTIFUL SECTIONAL RECLINING COUCH LIKE NEW!!!,00r0r_9BhWj3OqxnA,2700
visalia,Doors,00t0t_hv3mOePpa7s,10
visalia,Chest,00k0k_gM1KuiSRLQh,75
visalia,6 seater real wood table,00B0B_3zyxPj2n63Q,500
visalia,9 drawer dresser heavy duty,00L0L_gHK6AABaTRd,500
visalia,Ar moire and Matching Nightstand (Visalia),00o0o_3Mv0ScZYZP5,150
visalia,Buffet,00202_abxhSZNOMoz,
visalia,Dresser/Media,00j0j_cEz8UUwCgx5,
visalia,white round chair,00Z0Z_5nD1KICjTIP,20
visalia,fake leather brown couch,01313_bm5dSBn8ssh,
visalia,fake leather brown couch,01313_bm5dSBn8ssh,
visalia,Entertainment Center Excellent Condition,01212_iibUhocQH0T,500
visalia,Kitchen Storage Cabinet,00707_4kBURW2iIdv,175
visalia,Amish Rocking Chairs,00K0K_1pKUnpPbu1g,225
visalia,Decorator Ornate Iron Kingsize Bed,00c0c_e10Ucqq6XHR,300
visalia,Decorator 4 PosterWood Bed Head & Foot Board Kingsize,00H0H_22Q4wHapLhw,300
visalia,Wooden Pedestal Vintage,01010_6b1iPWngcQw,35
visalia,Barnwood Center Island,00909_dbuZu4uKWkM,
visalia,Wood cabinet- storage,00t0t_7Hoa3gRIkbe,200
visalia,Beautiful Armoire,00E0E_6iWkCyBaYkQ,600
visalia,Kitchen table,00c0c_4szhim64YS6,100
visalia,French provincial 4 piece,00N0N_2YKp8EZvVjR,350
visalia,Oak TV stand,00T0T_glIcT8gsMp0,40
visalia,**********  BEDROOM SET  **********,01010_fNzIsRlvFEI,400
visalia,"Twin bed with bedding, headboard",00G0G_dIjzHbgajqB,100
visalia,DINING SET,00c0c_iuBayDMJEr7,140
visalia,MUST GO MOVING,,500
visalia,Geo Matt Hospital Grade Mattress - New,01010_5byFWa1pPQ1,68
visalia,Rosy'sstore Sale!!!Sale !!!,00F0F_lpAMX0VfH1R,
visalia,Height Adjustable Desk Sit / Stand Desk Elevating Desktop,00b0b_lngPG3DcnDH,170
visalia,Executive Office Chairs (3) Excellent Condition,00707_7EigFNcqzkL,180
visalia,32 Westinghouse Tv,00v0v_iDw3oPQXBUb,100
visalia,Wall mirror,00N0N_9qWvfffm5Mu,30
visalia,Couches,01111_2cisBSMbJQ3,300
visalia,2 shelf bookcase with glass doors,00Y0Y_2fivTT2iPrR,60
visalia,Hardwood dining table set,00P0P_clcREMAKfSQ,70
visalia,Cal king headboard,00707_hpW07cL2RzQ,150
visalia,Dinning table make offer,00e0e_TqEMEtq6zt,275
visalia,Used dining table with 8 chairs,00G0G_7FPL7nmHWCR,450
visalia,Recliners and aquarium,00l0l_24Oft3v86AJ,
visalia,Cabinet,00W0W_5zpUXretDLc,70
visalia,Dressor,00808_3Cup1Mo54FR,100
visalia,Vanity Mirrors,00K0K_eVdaHf0YUdI,
visalia,Vanity Mirrors,00K0K_eVdaHf0YUdI,
visalia,Vanity Mirrors,00K0K_eVdaHf0YUdI,
visalia,Vanity Mirrors,00K0K_eVdaHf0YUdI,
visalia,Vanity Mirrors,00K0K_eVdaHf0YUdI,
visalia,Queen size Bed with mattress included.,00E0E_eIeQNE1pgHP,300
visalia,Vanity Mirrors,00K0K_eVdaHf0YUdI,
visalia,"Table ,chairs, couches,",,350
visalia,**********  BEDROOM SET  **********,01010_fNzIsRlvFEI,400
visalia,5-PIECE PEWTER COLOR DECORATIVE FIREPLACE TOOL SET with STAND,00C0C_2s669JpeV0,75
visalia,3 piece Leather sofa...$250,00G0G_djKToXzpAE6,250
visalia,5-PIECE PEWTER COLOR DECORATIVE FIREPLACE TOOL SET with STAND,00C0C_2s669JpeV0,75
visalia,Office Desk Wood,,
visalia,Moving Sale!!!  Furniture,00j0j_3gIrz93XRLd,1
visalia,King Bed Frame & Mattress,00202_90GDnZr4H5r,500
visalia,5 Drawer dresser solid pine,00X0X_3JxACTIFeGO,169
visalia,Dresser,00T0T_2t7xjV6XNhv,150
visalia,"Ps4,tv and ktchen table for sale",00A0A_4wevnGUswCa,1
visalia,kitchen table and 4 chairs make offer,00N0N_94xVBuryJ6v,120
visalia,Nightstand pair,00m0m_jv8rhGI5yPG,
visalia,Decorative Mirror,00505_2J86r12hWcU,
visalia,Vegetable Bin,00g0g_dGP9VhZ9f8n,
visalia,Wood Desk,00B0B_bniEnSFIbY3,
visalia,Wood Dresser,00x0x_lqC4lNIJKEi,
visalia,Metal Bed overhead Crown,00s0s_eFVurZwEGsi,
visalia,Dining table set,00s0s_kuBYQGlTP1b,
visalia,**2 Piece Reclining Sectional**,00R0R_9KVYz1rUjqS,500
visalia,Kitchen Cart,00z0z_5sVpsVu3JZn,
visalia,Bench,00o0o_7haYkUTOI3O,
visalia,Barstools,00R0R_59K6ZGjRMGU,
visalia,Memory foam queen bed set,00X0X_cYnCHUYChSh,800
visalia,Signature Design by Ashley Day Bed with new mattresses and trundle,00e0e_aAHLsxXYR8N,875
visalia,Chippendale Style Chess Table & Chairs,00A0A_bBPBmkZgnOW,
visalia,Yard Sale! Everything MUST go today.,00N0N_cI2laIZIKRu,
visalia,Perfect Trestle Dining & Work Shop Table,00J0J_f3BWFiVXPpq,
visalia,Sofa and love seat,00O0O_fFo6gLyGEy9,150
visalia,Bunk bed/desk,01515_fFaWwPcxfRj,80
visalia,Misc furniture,00707_1e2uen0Jtoh,1
visalia,Pull out couch,00p0p_b4waDMdB6xl,40
visalia,Kitchen Table & Chairs,00d0d_91Qjsr55gWV,
visalia,Sofa,00101_31qJslShfEQ,700
visalia,Table and 4 chairs set,00K0K_d64C7a0R6IG,125
visalia,Queen size complete bed,01010_CX9YWtOynw,250
visalia,patio/deck chair,00y0y_euzYCRz4hc0,35
visalia,Solid Table cheap price!,00N0N_kuN4FE4Zc8v,25
visalia,Queen Bed frame,00r0r_2RTTZh4WO7Z,15
visalia,First Class Executive Desk / Walnut / Steelcase - $2100 - $2100,01313_2pNyFPkZRxr,
visalia,Beveled glass Oak coffee table,00F0F_3OxCtyK1hh3,100
visalia,Sofa  leather Style,00W0W_7MknbYaxWhr,300
visalia,King Bedroom set,00U0U_b1DrwJQZ1HM,400
visalia,Record player,00m0m_lCgxkecoRXp,175
visalia,Table,00l0l_eVjlkOMO5p8,95
visalia,Dresser,00g0g_btFkzhKdsSa,100
visalia,2 Bar Stools,00T0T_ikZtan97DB5,40
visalia,Mahogany Dresser,00C0C_bhDnTqxVzNE,145
visalia,Rocking chair,00d0d_7h9jCuEVVEy,100
visalia,Rocking chair,00m0m_iYrbMxjpRQM,125
visalia,Table,00x0x_3rl6fKfitAG,95
visalia,Chairs,00G0G_d4CgPD4GSBK,100
visalia,Accent Table - reduced price,,80
visalia,iron oak Pub Table with 2 bar stools,00909_bnS0V0SiM6x,350
visalia,Two Upolstery Chairs - reduced,00v0v_kFtzCU1xVpe,400
visalia,Two Sets Twin Headboard and Foot board,01212_k8t0FxCBsvc,325
visalia,Love Seat,00w0w_9B4lENsLw4w,100
visalia,Table,00w0w_3PNTtyoRPU7,50
visalia,Solid Wood Drop Leaf Table and Chairs,00u0u_dqClnyqmTQL,150
visalia,Liquor Cabinet,00I0I_3XRGumCcSd3,150
visalia,sectional couch 450 or best offer,00D0D_kBR9kUYVR3t,450
visalia,Z gallery table,00v0v_d4DJR90L0oc,65
visalia,Day bed,00000_eNJnNOn7bCm,35
visalia,lazy boy chair,01010_966Tw5yYqfq,100
visalia,Twin bedroom set,00v0v_bKqhDe5syAE,300
visalia,Twin IKEA bed,00J0J_6xTIZ2Mv2jA,150
visalia,Oak entertainment center and 2 end tables,00M0M_aHTlUYP8dIz,500
visalia,1 yellow 1950's,00h0h_iEB7ioB6l05,30
visalia,Vintage Cole steel cabinet shelf safe,00c0c_d3cr8k9qgyn,150
visalia,2 Modern Style Desk,01313_iyaJl9nKAf3,200
visalia,**********  BEDROOM SET  **********,01010_fNzIsRlvFEI,400
visalia,FURNITURE & HOME DESIGN ***,00O0O_c6IqhMsvi9h,40
visalia,Dining room table and Hutch,00Q0Q_jE12LlK4kbS,700
visalia,New  4 pc.- coffee / end / sofa table set,00U0U_aimGEh4eMxB,225
visalia,new dining table,,200
visalia,Dresser,00L0L_hbEtU9xhUXK,60
visalia,Desk,00f0f_heW6HV8lVAs,250
visalia,Dresser,00e0e_gNJigsnY5Jy,300
visalia,Wall unit,00s0s_7dCxQhZVV5j,85
visalia,Desk,00M0M_e7QAuSbZyL,250
visalia,Swivel Barstools,01111_1TVzPeZJQ0b,60
visalia,Stools,00V0V_fTlBHWO06Ut,60
visalia,Sofa table,00707_2mD7GjnOASa,40
visalia,Couch and loveseat,00A0A_20jhXsI7w65,250
visalia,Vintage End Table / Side Table,00W0W_l47BfOx26Yk,25
visalia,Queen Mattress Set,00i0i_yfpdozRHur,149
visalia,amazing deals in all new mattress sets,00H0H_1GVvhHLrXHJ,99
visalia,amazing deals in all new mattress sets,00L0L_iBFrER3KG0w,99
visalia,Amazing clearance mattress event,00Y0Y_coP71PrNRyY,99
visalia,Amazing clearance mattress event,00505_kSH8znLog8M,99
visalia,Furniture,00W0W_caanNsVZRIY,1
visalia,China cabinet / Hutch,00m0m_414o7MP5bbG,300
visalia,twin bed,,300
visalia,china cabinet,00h0h_1aBL98OFrjb,200
visalia,Furniture at Warehouse 2639,00B0B_ifASMqIJXUj,
visalia,Black Queen Bed,00F0F_2XP7HFzUlJV,350
visalia,Black Vanity,00W0W_1269ipF3bdU,85
visalia,HAND CRAFTED WOODEN SEAHORSES WALL DECOR TOWEL HANGER,00b0b_2axwBVGFmkw,8
visalia,CABAGE PATCH ROCKING HORSE (GREAT CHRISTMAS GIFT),00F0F_3cBWZxj1x4d,20
visalia,JUNGLE  PRINT CHAIR AND OTTOMAN,00n0n_jFQnmsrX3Sn,25
visalia,Entertainment Center,00M0M_blTyGA1x0t2,150
visalia,Rustic handmade coffee table,00F0F_hi3tqUVQIxb,350
visalia,Wing chair,00i0i_jMkD4AoArhf,40
visalia,Sectional couch,00Q0Q_9bVlIxPOXYm,150
visalia,Twin wood bed frame,00F0F_eEGi5dbVNUL,75
visalia,Table,,40
visalia,FURNITURE & HOME DESIGN ***,00t0t_8iChQVDTVKm,40
visalia,Large Chairs,00707_gAEHnwzKcLs,150
visalia,3 fold up chairs by: Lifretime,00q0q_1LWgQtTYH3s,25
visalia,"Single pedestal, super heavy-duty desk",00w0w_e8RiXwCrvhm,60
visalia,"Sofa,couch, in excellent condtion priced for quick sell",00r0r_9PPAMKDO7xP,275
visalia,Tall Pub Table (no chairs),01010_a5xfDepCrbh,50
visalia,"Diner ""Lucy"" Chairs",00e0e_i6D7IDWy17R,100
visalia,Sofa 3 peace microfiber,00A0A_hX9UHZlWq6T,
visalia,"Chair:: Ottoman"" For___ Herman Miller",01717_bEEnc9wCaXj,1018
visalia,Standard Size Model Herman Miller Eames Lounge Chair & Ottoman,00D0D_dwPNdfD3nGh,1016
visalia,+Original Chair and/// Ottoman,00808_fMGNOAnWLrw,1001
visalia,Tv entertainment center,00808_bctc0t7mCn2,100
visalia,Sofa,00101_31qJslShfEQ,700
visalia,Lights and fans,00z0z_kkGUbqxZdsh,
visalia,DINNING ROOM TABLE,00o0o_amB4KRYcZ6G,350
visalia,MAPLE END TABLE,01515_c2YSKM8UFnf,85
visalia,LAMP W/WESTERN STYLE SHADE,00K0K_el1HhOp4dDs,80
visalia,Used leather couch,00000_czZIMC1XhfB,250
visalia,Dining room table w/ 4 chairs,00K0K_i4ML9SHZQY8,350
visalia,Queen Tempurpedic W/ Platform.,00202_65Ze341aNWv,300
visalia,Hutch,00p0p_jZZSXQg1AaY,400
visalia,Loft Bed,00I0I_5obV6nLad5y,300
visalia,Living Room Set,00N0N_5eTUxDVcePC,300
visalia,Brown leather ottoman,00e0e_31wrln5qP0h,50
visalia,RECLINER madera,00c0c_6YhRxxLnSla,65
visalia,Dark brown leather sofa AND love seat,01515_drbYesuwgWY,150
visalia,Rustic Table (unfinished),00H0H_dAqCOzMzW7K,90
visalia,Electric fire place with heater,00o0o_gsXdXznB2Kt,250
visalia,Queen Size Mattress & Box Spring,,
visalia,High-End Steelcase Walnut File & Personal Cabinets (4),00v0v_8L9wuhfSc3t,
visalia,2  kitchen chairs,00E0E_4gcIS3pXT6A,40
visalia,2 French chairs,00d0d_9D1WcMQAvSg,60
visalia,Adjustable sofa with storage,00l0l_5kf48odUCTr,399
visalia,nice soft futon on sale,01515_lkR6Ba9MsVe,249
visalia,Bar Stools,00i0i_6hxTz1oMqjt,50
visalia,Real leather,,70
visalia,$20 for everything,00101_gMPpzaqh0aY,20
visalia,Book case,00l0l_gA8Rc70uRs9,50
visalia,Chairs,00101_hVrmwt2oCWW,60
visalia,Table,00g0g_j5zKwGsz89b,80
visalia,4 seater round table,00303_bNAJJ4t7ZYQ,400
visalia,Shelf,00h0h_iwiu8jkn5Xe,30
visalia,Country table,00808_ecZA1crCg96,200
visalia,2 reclining couches,00j0j_baB2Kbw8rcT,350
visalia,chair,00u0u_d3eIbObAQ5T,120
visalia,chair,00z0z_7hrOR7nCg3U,140
visalia,queen size bed,00J0J_bDWfjfcnEIG,650
visalia,Cherry wood end table,00e0e_kvRrvo472Aw,40
visalia,Furniture,00909_1pu41BanWZ8,400
visalia,Huge sectional,00m0m_70VrlTc2gWu,100
visalia,adjustable bed,00v0v_78gMIOEE9Dd,800
visalia,Queen mattress and box spring,00p0p_6YAVsWA32r6,200
visalia,Comfy couch,01212_ehxrsulOGN8,50
visalia,**********  BEDROOM SET  **********,01010_fNzIsRlvFEI,400
visalia,Office Chairs,00l0l_74NueLYKfg6,10
visalia,Cream Leather Couch,00f0f_gbKVASYhdXT,150
visalia,Silver TV Stand,00T0T_a6j7sZa05oX,35
visalia,Oak Cabinet,00A0A_3o8qGfOHznJ,150
visalia,Coffee table,00u0u_jI2t1iIHXHO,100
visalia,Dresser,00505_5BlNq699Axf,300
visalia,Dinning room table,00808_jHkd1iSYB0V,300
visalia,Sectional,00606_dY3o0aJTIsu,900
visalia,Bunk Bed,,50
visalia,Futon,00q0q_6dQtESPhiXs,50
visalia,Twin Mattress,00k0k_27FF7LtpuPF,75
visalia,Portable closet - Brown,00m0m_iSYKtcH9jIf,25
visalia,Brown leather Sofa and Loveseat,00U0U_aEQhpfNestM,1000
visalia,Table,00W0W_aztcWfkqCSJ,30
visalia,New chest of drawers $100,00e0e_5H08AoucIDV,100
visalia,Oak roll top desk,00t0t_dNV7dWPvQSf,200
visalia,Washer and dryer,01111_cTiIGYWJTSK,700
visalia,Entertainment TV Hutch,00K0K_b5OQPT2SiFF,500
visalia,we +++supply_++++ Chair and Ottoman,00j0j_62yEKyrWNiQ,1000
visalia,we ///supply Chair___)) and Ottoman,00F0F_edGQlDoNdW0,1003
visalia,Rustic Farmhouse & Cantina Table,00z0z_fX6Vfimfcdo,
visalia,Steelcase High-End Cubicles & Beautiful Reception Desk,01717_fb7Ij103qpb,
visalia,Steelcase High-End Walnut Executive Desk + Two Cabinets,00V0V_5yyNHuFXEXK,
visalia,TV Stand,00N0N_h6z9nUPy0yy,50
visalia,**********  BEDROOM SET  **********,01010_fNzIsRlvFEI,400
visalia,***** Complete Kitchen Remodle*****,00101_HFXbOM3j1P,11395
visalia,"****** Kitchen cabinets & Grabite, installed! ****",00101_HFXbOM3j1P,11395
visalia,6 drawer dresser with mirror.,00Q0Q_786IEMRDalK,150
visalia,Memory foam queen bed,00X0X_cYnCHUYChSh,780
visalia,Corner shelf,00G0G_cLHbcGMGYF8,20
visalia,Small Oak 3 Tiered Storage Shelf,00d0d_7iB4L0K3qyw,20
visalia,High-End Wine Barrel Top Lazy Susan,00y0y_d7uoHTduuAE,45
visalia,24 BOTTLE WINE CABINET WITH DRAWER,00e0e_bwW2Pfz4vs4,60
visalia,Long Work Bench,00m0m_1lu2LpbN7Fh,300
visalia,White wooden nightstand and dresser,00H0H_8SiWwJKD5Xh,110
visalia,Beautiful Master Bedroom set,00g0g_jkI5aRJuZjk,2200
visalia,Podium - Pulpit - Lectern,00808_5q0UUs5wYgp,30
visalia,******Beautiful Rustic Furniture******,00f0f_4xzSAA8i7EH,
visalia,"Furniture Set - Desk, Shelf, Accent Table, Coffee Table, Chairs",00b0b_iaVL9eZYifN,250
visalia,Handmade DayBed and Table,00N0N_aOrPZ55xtjv,
visalia,Massage chair,01717_bQqgVMcNc6F,2000
visalia,China Hutch,00m0m_9Z15te1qONt,500
visalia,Oriental floor vase,00E0E_aOvrZl9WWhs,200
visalia,Oak Bar Stools $75 for three,00P0P_6Prt2fGYSil,75
visalia,Queen bedroom set,00K0K_5r8wRbFf0ML,895
visalia,Wood Dresser,00909_h8PnixbeAYJ,
visalia,Nightstands,00X0X_2zU4JqXCVF4,
visalia,Table,00N0N_fGmPQTgdyPN,
visalia,** Dresser**,00U0U_j2a20jKEFqk,50
visalia,livingroom Suede Love Sofa. NICE,01313_29MvNK7lEYy,99
visalia,Nuloom 9 x 12 feet Area Rug White Tufted,,300
visalia,**********  BEDROOM SET  **********,01010_fNzIsRlvFEI,400
visalia,Lighted Drafting Table,01111_2ka3CWuCukJ,80
visalia,Fireplace heater,00A0A_11PVNkii1ye,200
visalia,store closing,00v0v_dHMDsoH2F7J,60
visalia,Vintage sewing Table,01616_6gN22E7Gqne,35
visalia,Sofa and foot stool,01010_8AK2vvntto7,450
visalia,Tan 2 seat sofa,00o0o_eouE85yuP4a,120
visalia,Couch,00p0p_2ss8WrU94CF,50
visalia,Couch & Loveseat,00X0X_gYMjAMiF0AA,400
visalia,CAL-KING Sherwood gemini pillow top,00g0g_7ynUntdXcFa,450
visalia,SECTIONAL SOFA OTTOMAN INCLUDED,00F0F_70SezBAUusY,599
visalia,4 chair table & tv stand,00101_jllqPGFlvzR,150
visalia,Solid Oak Pub Table- 4 Chairs,00000_gZOO3kEKKcv,450
visalia,Island bar,00606_5gp5wXQFcJ6,175
visalia,Shadow box/ coffee table,00Q0Q_jQUiBxn8oP9,130
visalia,end table - night stand,00y0y_lVNLe3wzFMN,45
visalia,Sealy.  Posturepedic Queen Mattress,00O0O_8NCXdfBTbnN,350
visalia,Very comfortable recliner,00101_drJb9Xfu17t,75
visalia,child's car bed,00U0U_8DVQk8mUfUh,120
visalia,"Yard Sale Today! Shelves, dressers, etc",00Q0Q_9EgFkdKsGai,
visalia,7 Piece Bedroom set,00R0R_dLmf4VM5nrd,899
visalia,"High end dining set, vintage barstools, coffee table, patio sets",00B0B_2pTlsMEYqN7,
visalia,Entry Bench,00A0A_fRAP0mg1CNA,110
visalia,Bedroom set,00k0k_kNPSNvr61Tf,675
visalia,COUNTER HEIGHT TABLE & 4 CHAIRS,00y0y_5CPCNGPU9VR,499
visalia,Dining Table,00S0S_8toWiS5WQU8,390
visalia,Remote control boxspring and electric ajuster,00s0s_lEqKo2FX8ID,700
visalia,Queen remote boxspring and ajuster,00N0N_gKS0sXttaGb,700
visalia,3 PC SOFA SET,00d0d_ljQbGzSFiPS,899
visalia,SECTIONAL WITH XL OTTOMAN,00Y0Y_iDALWyc0MVQ,399
visalia,FURNITURE & HOME DESIGN ***,01515_fZfRPSkdc2e,40
visalia,TOP GRAIN LEATHER SECTIONAL,00I0I_HM9Lj29KfH,1199
visalia,2 PC SECTIONAL SOFA,00D0D_8q6wiqEk7Mz,679
visalia,FURNITURE & HOME DESIGN ***,00P0P_71wrx3fXz8C,699
visalia,NEW COLORS*** SOFA & LOVESEAT WITH PILLOWS,00R0R_gVJ4tEHFROS,449
visalia,BLING DINING SET,00z0z_4VJdOVmSOsr,699
visalia,BEAUTIFUL SOFA & LOVESEAT,00y0y_N0eeJfLYox,449
visalia,sectional ottoman included,00u0u_5qBSTJSr3m9,399
visalia,QUEEN BLING BEDFRAME,00606_lP2imB3g4n,299
visalia,SOFA AND LOVESEAT,01010_fUigq0rQ1lM,799
visalia,FURNITURE & HOME DESIGN ***,00s0s_jQLDoAfUKr1,699
visalia,ADJUSTABLE FUTON SOFA,01515_lImbS9hC1pY,269
visalia,SECTIONAL WITH PILLOWS,00505_cpaV5VRD15H,699
visalia,tv entertainment center,00000_hqsPh9XUK0a,50
visalia,Fireplace heater,,200
visalia,Wood futon,,70
visalia,Dark Brown Leather Sectional,00404_gqhFhvRrhhg,800
visalia,King Bedroom set,00U0U_b1DrwJQZ1HM,400
visalia,Sectional and Ottoman for Sale,00O0O_lWn3a0SInRm,549
visalia,Vanity Set with Stool,00L0L_cbL42O1YYSZ,149
visalia,Vanity Set with Stool,00q0q_fjX9Qxg9Esv,129
visalia,Twin bed with trundle and mattresses,00Q0Q_97EAinhICkN,499
visalia,Couches,00w0w_d4CMxt9L3Y1,175
visalia,MID CENTURY MODERN - Queen bedroom set,00D0D_8DSgmGo6oE6,400
visalia,Cabinet - Glass Doors - $20,00W0W_kIifv5v6wlZ,20
visalia,One genuine leather reclining sofa,00808_cjejhctzsO,100
visalia,Reclining love seat,,150
visalia,Cork board,01010_l7R7v0pYhNC,50
visalia,Night Stand,00f0f_gN2hHQgC1bL,60
visalia,Student Desk,00p0p_5uFvVmpXaOp,50
visalia,Student Chair Stitched,01010_3WDb3whamrv,65
visalia,Student Desk for sale,00606_ft9eq92vcIi,50
visalia,Student Chair,00K0K_isK4BmGGHoj,50
visalia,Oak corner coffee table,00J0J_76IJvdQvG7y,20
visalia,Sectional,00303_kSzRDJJYwcz,500
visalia,TWIN MATTRESS,,30
visalia,MID CENTURY MODERN Coffee Table,01616_ahBOMUkYsyM,250
visalia,"TWIN BED, Frame and Pier 1 headboard",00j0j_cB0sdCnsfWx,
visalia,SPOOL TABLES,00202_iLoYooxIe5g,40
visalia,"Full size, watertube mattress with headboard",00U0U_2NX8RHTil6Q,150
visalia,Love Seat Sofa,00u0u_d9WyoGbjwUK,150
visalia,*****Complete White Shaker Kitchen*****,00101_HFXbOM3j1P,11395
visalia,White Wicker Vanity/desk,00A0A_5DX8DHanIeB,65
visalia,Mirrored consol table,00r0r_jhh2JmS477d,200
visalia,Chair,00w0w_5NxjCwkgPJh,30
visalia,TWIN Mattress + Box Spring * Clean Bed *,01212_80LK3Y3NxuK,75
visalia,Table,00l0l_j5W4ovWpb3n,125
visalia,carousel rocking horse statue,00g0g_9NBzNe35NA5,180
visalia,"File Cabinet, 3 drawer, cherry finish",00M0M_dTUtr94SrGU,30
visalia,Ethan Allen Hutch,00r0r_klaDXvdyUY8,355
visalia,World Market - Verona Dining Room Chairs,00o0o_pRhFV4bbT1,100
visalia,4 pc bedroom set queen size on special,01414_gFUdSzkKF9A,749
visalia,4 PC QUEEN BEDROOM SET,00808_1birQSzGfxl,999
visalia,Upscaled hutch,00A0A_fV7XU7ccluT,175
visalia,Dinner table for 2,00j0j_coNTxBRt2Hi,50
visalia,*Knotty Pine Solid Small Hutch*,00K0K_3aqCotgiVu,100
visalia,Dresser,00V0V_bKxKYb96JA9,200
visalia,BASSETT OAK END TABLE,01010_8ADqDts3d3E,150
visalia,TWIN ZEBRA FRAME,01414_4YageETA89x,80
visalia,"Viro Electric Power Motor Adjustable Height Table/Desk 26""-40""",00t0t_gbLecBSEtm0,125
visalia,Patio set,00000_46Q9kuXiKD3,200
visalia,Oak Furniture Dining Table / Corner Cabinet / Custom Stand / Mirror,00j0j_kyRNBk2wpXj,
visalia,Jewelry Spinner,00606_7fMXcXlrDuS,40
visalia,Store Closing Furniture Sale,01313_i8lxIIxOAPz,80
visalia,Children's Armoire,00101_3KtD5Y844Kh,45
visalia,Bunk beds,00x0x_gvmKCF2k59H,700
visalia,3 PC SOFA SET,00202_9u5rN3dKknA,699
visalia,Queen sized bed foundation,00404_zyGGlw3UVz,30
visalia,Two Recliners,00L0L_3z9WCEDNxgz,5075
visalia,Kitchen Table & Chairs,00d0d_gwpH1P6lMs9,50
visalia,2 drawer file cabinets,,12
visalia,Queen Size Bed,00M0M_9sKqmlpOIdJ,279
visalia,Big Yard Sale,00000_3s0IHCG745,
visalia,"RECLINING SOFA, LOVESEAT & GLIDER RECLINER",00W0W_h9T8ho1047p,999
visalia,"RECLINING SOFA, LOVESEAT & ROCKER RECLINER",00M0M_cvBcpYaOEhG,1379
visalia,sectional,00L0L_kmgXV4XaWW1,899
visalia,REAL MARBLE DINING TABLE INCLUDES 6 CHAIRS!,00b0b_bCbqqFawE5C,699
visalia,Vanity and stool,00C0C_h9qlTCWCpa9,229
visalia,CA King bed,00t0t_YymJzYpc39,235
visalia,Old post desk,00C0C_fxXvMQsUyhC,75
visalia,oval glass table's,00u0u_25lzfUfGjUV,85
visalia,Furniture,00q0q_dTFQOBkechE,100
visalia,Kitchen table,00b0b_2YNm6W0lHHp,700
visalia,Furniture,00n0n_CEKiQ40ibf,600
visalia,Mid Century Modern Dresser and Nightstand,01515_liSnGi1BQmU,140
visalia,Couch,00u0u_7XEghmhcKGI,100
visalia,Dresser,00E0E_lG8VCw2t8r8,200
visalia,DESK LAMPS,00b0b_il8JStaQQlC,40
visalia,Rustic Style Concrete Coffee Table,00e0e_1XdGQMQiukI,180
visalia,"Sofa,love seat, & recliner",01212_73uoe540Lpj,200
visalia,Tv stand,00707_8xABvZXIWMa,200
visalia,Sturdy Black Bamboo Side/End Table,00I0I_d9cdWPWUrxC,20
visalia,Headboard entertainment center,00909_iK6Jr2PoWQc,600
visalia,Extra Large Recliner,01010_gA7HAkFDXvA,100
visalia,Curio Cabinet,00X0X_bz3Br8mz6t,100
visalia,Reclining couch,00s0s_8d2bojCmvjb,50
visalia,"Two piece couch with fold out bed, 6 months old. Nice !",,250
visalia,Couch,00u0u_kWR7TZYiDnR,50
visalia,Twin bedroom set,00505_kqapsReZHYl,300
visalia,Coffee table,00000_TIq0f1epIi,150
visalia,CUSTOM ONE OF A KIND table/chairs,00L0L_gYkDNYMnshE,100
visalia,4 PC FULL BEDROOM SET,00p0p_fkbUnMgoeku,599
visalia,barstools,00u0u_crsssTHkFWF,89
visalia,Nice lamp set $50 obo,00X0X_hXoXr1jzTgk,
visalia,Couch + audomen,00C0C_4brC9YjTHGc,100
visalia,Living room sectional sofa,00z0z_79Myu34bxSB,1
visalia,Bistro set wood chair and table,00t0t_kMvpDtOFzj7,70
visalia,5 Drawer Dresser (Visalia),00V0V_jxnjm3jUvKs,140
visalia,Full size bed,00c0c_h7gOM4i8Stc,35
visalia,**********  BEDROOM SET  **********,01010_fNzIsRlvFEI,400
visalia,"Cheetah print couch, lounger, chair, sofa",,75
visalia,Baby high chair for restaurants,00h0h_6YzL64BJAgq,25
visalia,Executive office desk,00P0P_4YjcOTYPr9L,200
visalia,Shabby chic washstand,00m0m_f68dW9KB9mh,75
visalia,wicker chair,00a0a_cKKoK0XA0kx,35
visalia,2 Month old Sofa Set,00B0B_aTKEiFnvonj,750
visalia,set of chairs,00i0i_80d6MRvAtkN,65
visalia,Wooden Table - $5,00z0z_bhUDfVg3Sfh,5
visalia,Signature Design by Ashley Coylin Square Coffee Table,00707_3TKrTHClunz,60
visalia,Black LEATHER Recliner LIKE NEW,00g0g_gLW4ckSNhCV,200
visalia,"Large Vintage Style Chalkboard, Refurbished Window Frame",00w0w_ihtFRJzlUGr,60
visalia,Entertainment center,00U0U_cJBTxzVwpwI,60
visalia,LUXURY HUTCH,00J0J_gY5DQ5ity3r,400
visalia,Solid wood Hutch,00N0N_4wdqetsCaSt,295
visalia,Ashley dining set with hutch,00808_5t9EVCzVZSz,400
visalia,Brand new 7pc. Ashley Living  room set,00M0M_iyUBgYa4BqO,1300
visalia,Solid wood beautiful dining table,00I0I_7k2XoV6NenH,150
visalia,Pottery Barn Valencia Queen Bed frame and side tables,00v0v_ev4L7li1k05,
visalia,Bistro table with 4 chairs,00E0E_8CQfwo4Z38V,350
visalia,QUEEN DOUBLE SIDED PILLOW TOP SET,00y0y_bptB3oCsHGL,229
visalia,Brand Name Matresses!!!,00H0H_hmWZbp6JdG2,
visalia,QUEEN DOUBLE SIDED PILLOW TOP SET,00y0y_bptB3oCsHGL,229
visalia,MATTRESS SALE ALL SIZES,,
visalia,Like New Bunkbeds,00o0o_lbJ7yOatxvR,400
visalia,Vintage Mirror,00f0f_1VjEvr4LegU,50
visalia,Dinning Table,00505_9eZjRLPnZvl,350
visalia,"New open box 14"" Queen memory foam mattress in a box",00E0E_6q3P0ULwTki,350
visalia,GUN CASES (Locking),00F0F_jVoJXFEThfh,
visalia,Daybed,00E0E_c7DAz5CWWRj,299
visalia,Standing Lamp,00U0U_cbSkJu9Fkzf,10
visalia,Queen/king metal bed frame,00m0m_hvtUn5AV0ZD,50
visalia,Dresser and two night stands,00g0g_9L4FxCj9JwU,220
visalia,Display case new,00x0x_1Wc2WiRvVhQ,50
visalia,Solid wood interchangeable dining room table,00M0M_4AvtjQDBSAS,250
visalia,4 post solid oak bed,00E0E_bjUDTs8xTeG,150
visalia,Couches,00k0k_esM6SqCm7bJ,500
visalia,Couch w/ Foldout Bed,00a0a_4KuZqxvO2Vh,150
visalia,Beautiful Hutch,00b0b_ifbfPi4qyIZ,150
visalia,MARBLE KING BED SET,00D0D_9fhHFdL9L8Q,2500
visalia,Display Cabinet,00f0f_5CvCsDJ8RCY,
visalia,Brown Entertainment Center,00U0U_kno06pgAh7g,
visalia,Couch for sale,01010_50ONgRAbFlA,50
visalia,Perfect Trestle Dining & Work Shop Table,00J0J_f3BWFiVXPpq,
visalia,Newer Outdoor Folding Chair,,20
visalia,4ft plastic folding table,,20
visalia,SECTIONAL on sale,01111_22V38dBSPHh,679
visalia,MARBLE DINING TABLE,00A0A_l2MA3KyUOdc,280
visalia,Cedar Chest,00m0m_lM7sYoRGi62,175
visalia,TV Stand,00G0G_caxgfS3ljkP,20
visalia,CA King bed,00t0t_YymJzYpc39,235
visalia,Movie shelf. FREE,00K0K_225HKftGbbx,
visalia,Power lift chair,,1000
visalia,Recliner,00707_c1b7W1sJh4n,200
visalia,Lazy Boy Couch and Love Seat,00w0w_3XPtJrZccIe,75
visalia,** Elegant Complete Storage Bedroom Set w/4-storage drawer under,00D0D_hkuh9ecH5Oh,
visalia,School Classroom Desk And Chair (qty. 21),01414_egfAlqkDOHu,40
visalia,Oak Tables,00j0j_4QnNgzJXRzU,40
visalia,Side chairs--pair,00L0L_8QqzzLaaoxs,115
visalia,"Armoire, wood with 2 drawers",00u0u_h1eFVDNwiWL,185
visalia,Buffet/server,00U0U_cV2yg4i6LJL,140
visalia,"Twin bed with storage, mattress, & dresser",00j0j_dUouUdafNUa,350
visalia,vintage William Mary drop leaf table,00E0E_fnUE6DOenaT,175
visalia,Vintage library chairs,00F0F_5AR4XzagZ49,40
visalia,Electric reclining sofa,00T0T_5mwD0K9FYk9,150
visalia,Furniture at Warehouse 2639,01212_kIHSiSz4esQ,
visalia,Futon-tan suede/pleather,00E0E_h1l3K0pNhng,100
visalia,Three set couch,,30
visalia,Solid oak coffee table,00i0i_5PIqsVj5jiE,40
visalia,Cajonera,,30
visalia,DINING SET,,85
visalia,8 foot ficus tree,,300
visalia,Tan Leather Sofa Set,01717_2mLgMd4FIc,100
visalia,*Dresser & Matching Hutch*,,225
visalia,Industrial Twin bed frame,00W0W_i0sU5AbxnWo,75
visalia,Office desk and book shelf,00d0d_7sgrAortLsc,1
visalia,Table,00000_bHM4q2fCLeD,70
visalia,Used Futon- Good Condition,00P0P_pRMDRJMAVX,125
visalia,NEW CA. KING PT SETS all other sizes in stock!!!!!!!!!!!!!!!!!,,269
visalia,NEW BRAND NAME MATTRES PILLOWTOP SETS QUEEN SET $399.00,,399
visalia,silver Table and 6 chairs,01616_8PCiX4xAEoc,699
visalia,Entertainment Center,00T0T_bH8pEeekyS5,200
visalia,Furniture at Warehouse 2639,00G0G_i0YIGvWoi46,
visalia,Selling table and Bedroom set,00O0O_jzZudCsBF3j,1300
visalia,Digital Gadgets lap Desk - Brand New!,00101_jMO4pvvgojd,39
visalia,Full size Box Spring,00i0i_h5i5M7AQ1Pd,50
visalia,Rustic black srorage bench,01414_9yFOWAeHvy4,40
visalia,Rustic black storage chest,01111_c973pMw0swo,90
visalia,Twin bed,01010_49OQk751r6q,350
visalia,Dining/Kitchen Set Country Floral,00R0R_cUpD4NGuRfs,150
visalia,Side Tables,00X0X_j2amopg8s0S,10
visalia,NEW Beautiful Tv Stand/ Sideboard / Server,00N0N_eH4BI9nfPD8,299
visalia,Cal King Bed NEW,01212_2L97vFKX60l,299
visalia,Cal King Bed NEW,00808_81eEYvbL3Fk,299
visalia,TWIN ZEBRA FRAME,01414_4YageETA89x,80
visalia,Two sofas,00D0D_9WktrYGofeO,350
visalia,Furniture at Warehouse 2639,00L0L_jh1s1FiQtIb,
visalia,Office desk,00A0A_dvXtvGtI68q,100
visalia,TV stand / bookshelf / cabinet / hutch,00t0t_3FpNmonw8Wu,10
visalia,Nice Large Hutch,01515_g1eiZ9zIvwA,50
visalia,Chairs,00606_25jlNzo2z1u,40
visalia,Espresso brown Leather couch,00M0M_k5CpXqW9L6z,225
visalia,Furniture for Sale,00H0H_8KK2LSIoXkm,15
visalia,Entertainment Center,00L0L_3ZY0PdvWT6d,100
visalia,DESK & SWIVEL CHAIR,00j0j_EHoPFmabOK,120
visalia,Office Desk For Sale,00i0i_fXeQnQAZ1sy,50
visalia,"4 drawer file cabinet, letter size",00D0D_hkDcyHdD2zo,75
visalia,Simmons beauty rest Black,00i0i_ae6qkJRwhdN,449
visalia,Simmons beauty rest silver!!!,00I0I_9KWiGRnz1yH,599
visalia,2 patio chase lounges and Marble patio table,01313_9wgroZwc2dW,300
visalia,Full/Queen Bed Frame,00h0h_gJQWJZxQ2bW,25
visalia,DARK WOOD CURIO,00H0H_iBvrvxMotDm,850
visalia,DINING TABLE WITH GLASS TOP & FOUR CHAIRS,00g0g_gZxzJZWGxnm,
visalia,8 foot leather couch with two recliners built in,01212_gmXK4F2TP3J,110
visalia,Lazy-Boy Leather double recliner love seat,01717_jZIBR8pBSM2,250
visalia,Metal and Glass round floor shelf,00r0r_bBHGMykSvB2,15
visalia,ANTIQUE WROUGHT IRON BIRD WALL HANGERS,00R0R_9zdpafxhJlX,10
visalia,Couches,00u0u_5LDOcitUH58,800
visalia,King  Mattress,,50
visalia,FURNITURE & HOME DESIGN ***,00M0M_5Ns4nFsdg8k,40
visalia,Swivel chairs,00y0y_j1F2RNp6U3W,100
visalia,Hutch,,150
visalia,Sectional couch,00B0B_kjmuvkXQtKm,200
visalia,Sofa recliner,01212_kfijKOvMxSQ,40
visalia,Love Seat,00I0I_7YIN2Jenkwd,75
visalia,Tan Zero Gravity Golden Lift Chair,00505_htLR04yj9B5,1000
visalia,Queen bed,00c0c_gVqmyyxGgmu,300
visalia,Sectional Couches,01515_fwgqGgpK9Uo,375
visalia,large loveseat,00U0U_fjHlHerZaYj,160
visalia,Shelves,00q0q_fKqHLCWaFOr,
visalia,VANITY TABLE AND MATCHING END TABLE AND MIRROR,00G0G_fVRZ0PaG7gd,120
visalia,"50"" (INCH) TV STAND BRAND NEW WITH WALL MOUNT",00V0V_cScnArgxSEz,140
visalia,LEATHER COUCH & LOVESEAT AND COFFEE TABLE SET,00I0I_bLQxKLNYKu9,380
visalia,Brand new dinette set from Mor 2017 May,00q0q_1JkXakmDSU6,421
visalia,Twin Bed and Mattress,00K0K_knVQLdV1jOd,350
visalia,cherry wood dining table w/ 10 chairs and mirror,00a0a_deqBCuWByG4,1000
visalia,two end tables and matching glass top coffee table,00101_efc5pcZgn2l,200
visalia,sofa and love seat,01414_7P4i0eTFmIN,325
visalia,Couch and lovseat,00d0d_3gbIjcm2EYl,500
visalia,Armoire,00C0C_dilFkxAH8AZ,150
visalia,Sauder Executive L Shaped Desk with (2) Matching Shelve Units,00v0v_20PwfPgQr0b,500
visalia,MATTRESS SALE ALL SIZES !!!!!!!!!!!!!!!!!!!!!!!!!!!!!!!!!!!!!!!!!!,,
visalia,NEW BRAND NAME MATTRES PILLOWTOP SETS QUEEN SET $389.00,00Q0Q_kyNmi2tLLxM,399
visalia,MATTRESS SALE ALL SIZES NAME BRAND,,
visalia,NEW BRAND NAME MATTRES PILLOWTOP SETS QUEEN SET $389.00,,399
visalia,NEW SERTA PILLOWTOP MATTRESS SETS other brands same low price !!!!!!!!,,399
visalia,Table lamps,00A0A_gT788JtOiPC,25
visalia,SOLID OAK BOOKSHELF,,65
visalia,Twin bed,00h0h_f8XHPrmHpWq,99
visalia,Twin/Twin Bunkbeds with Mattresses For Sale,00R0R_9IdDpkIvxYo,399
visalia,Twin bedroom set,00K0K_5829TKwv8GO,200
visalia,Solid wood dresser,00G0G_5q1HPKdVYzu,160
visalia,Bunkbed solid wood,00S0S_1nkBZmPET1A,100
visalia,Sofa,01616_lRALtXNlthY,350
visalia,Bunkbed solid wood,00S0S_1nkBZmPET1A,100
visalia,Couch / Oversized chair & ottoman,00o0o_a72tGcciBaa,250
visalia,amazing deals in all new mattress sets,00G0G_e6ka1C0QZwu,99
visalia,amazing deals in all new mattress sets,00D0D_1CTaYJLixGU,99
visalia,amazing deals in all new mattress sets,00r0r_ckT3jH1w9jZ,99
visalia,amazing deals in all new mattress sets,00V0V_izp1bLaqUco,99
visalia,amazing deals in all new mattress sets,00L0L_iBFrER3KG0w,99
visalia,Wooden coffee table,00x0x_1hZSizWg6Sj,150
visalia,Bunkbed set,00S0S_1nkBZmPET1A,100
visalia,Rustic Ranch & Cantina Tables,00w0w_4JUFQTR7a3p,
visalia,2 Chairs,00t0t_gA0Hx4ycQYv,5
visalia,2 wood vintage chairs,00F0F_fUMV2zcehtW,90
visalia,Halloween Decor,00k0k_hGD83p0ElVH,70
visalia,Table,01616_1Uhl9layRtj,40
visalia,Couch,01313_5nCwLmONLAU,150
visalia,Bar stools (new lower price),00N0N_9MEBJikqo2H,45
visalia,Dining Oak Table,,125
visalia,Sectional,00o0o_3PfGdhlkH1y,250
visalia,Couches / Couch Set / Sofa and loveseat,00F0F_ltLMauPHRC4,500
visalia,King Bedroom set,01414_dloiviiSYz9,400
visalia,Patio table and umbrella,00x0x_cAoCcjDMiWH,45
visalia,"Sofa, chairs, roll top desk and pictures",00G0G_7aNyMrEV5Qq,35
visalia,Perfect Trestle Dining & Work Shop Table,00z0z_fX6Vfimfcdo,
visalia,"Black 75"" TV Stand $60/OBO",00A0A_f8AUN3DTXjD,60
visalia,Several furniture pieces,01010_jArEciserYs,45
visalia,Queen bed meromey foam,00N0N_hYdCotgTo2X,850
visalia,Two chairs with ottomans,00y0y_fpGKIiw68oC,150
visalia,Drawing table,01515_jbQN5Tp4N2q,65
visalia,Full size bed,00h0h_8rnjG11OHrN,125
visalia,Unique coffee table,00o0o_7zQZDaxMuGq,120
visalia,Oak coffee table - large,00707_1BglyvG94Nh,95
visalia,BED SET,00C0C_hpDPrJNDzNs,60
visalia,Armoire,00B0B_lysDvNk2mmg,75
visalia,Furniture and garage sale,00909_egkiaQstH2F,75
visalia,SE VENDE SALA,00A0A_g0XWwLVZCBH,40
visalia,New futon,00t0t_hlfy9gvAGdw,100
visalia,Personal Safes,00F0F_ekifT5CHOYe,35
visalia,Antique painting,,40
visalia,Armoire,00W0W_f4W2LcosFQj,100
visalia,Handbuilt sturdy benches,00C0C_8PVQy1ZGUpP,165
visalia,Lift Chair/Recliner $1000/obo,00e0e_1t9oOFKtmyN,1000
visalia,Jaxx bean bag large pillow,00101_cRfzlfmAGfZ,80
visalia,Wood/Metal Ornate Glass Top Coffee table,00505_hsrxeC5s5ox,200
visalia,Desk for Sale,00Y0Y_6nt5XyBiair,350
visalia,Chair,00505_9KCJqeWog09,
visalia,Computer Desk,00000_ltyV5dQn8Ws,175
visalia,Furniture,00r0r_22wvOkg7liT,
visalia,Brand Name Mattresses!!!!!,,
visalia,Brand Name Mattresses!!!!!,,
visalia,QUEEN DOUBLE SIDED PILLOW TOP SET,,229
visalia,"New Mattresses - Twin, Full, Queen and King Sets",,
visalia,church pews,01414_5Y7tfVwhbz4,
visalia,Bedroom set,00L0L_krnRWkCxEjB,175
visalia,World market table,00B0B_4KSuzrN1FUH,450
visalia,Metal Lizard Wall Sign,00Y0Y_k2ugRpxpZ25,20
visalia,Metal Cross Wall Decor,00y0y_W4Zp3YdziQ,20
visalia,$120 entertainment unit,00M0M_fUxykdCBVQK,120
visalia,$110 Shabby Chic coffee table,00p0p_1Reil48Dvhx,110
visalia,"Couch, Love seat & table",00g0g_94mghSUUGLe,40
visalia,Twin headboard and frame,00707_60hJuCb6uKl,150
visalia,Antique Chime Wall Clock,00000_kBqQEJtyuuC,250
visalia,$90 two counterstools OBO,00H0H_4nK7TOdhE88,90
visalia,4 pc Bedroom Set,01212_dR9Cuxz2ebJ,1399
visalia,Twin/Full Bunkbeds with drawers and mattresses,00u0u_5cQRArdmTrs,499
visalia,Couch and recliner,01414_aUB5T2ZnRz,
visalia,La Bodega Del Colchon,00Z0Z_1WEVTrD4SC2,75
visalia,Baldwin Baby Grand Piano,00W0W_kydMrdIXnw6,500
visalia,Entertainment center,00i0i_kZWVXSxX7OM,40
visalia,Center table,00C0C_568il7rz5Ey,30
visalia,Vintage Oak Chest,00L0L_430objxvdrY,185
visalia,7-Piece Oak Dining Set,01414_h4InEeiVE2o,150
visalia,Solid Oak 3-Shelf Bookshelf,00000_9w3V6fHZ8uJ,45
visalia,Beautiful Beige Highland House Sofa,01010_2h3GmDarEaR,85
visalia,Lucas tv stand,00o0o_7ncUaMsZjwO,500
visalia,Clawfoot couch,01515_lWJQJtMfuOc,550
visalia,Mirror,00J0J_hM2PBuxOIwt,12
visalia,Couches for sale,00L0L_la1UrnBfES9,600
visalia,COMPUTER DESK,00R0R_cyDmEI5lXsn,35
visalia,Kitchen Table,00a0a_8JYpqRfy2Nu,130
visalia,Brand New QUEEN Bedroom Set and PT Mattress Set for Special,00000_iRF6TDLhSv2,
visalia,GORGEOUS CRYSTAL BED  New,00s0s_cXzwwwScqUQ,699
visalia,Twin/Twin Bunkbeds with Mattresses For Sale,00R0R_8uxk4Rg9wBt,399
visalia,Sectional and Ottoman for Sale,00O0O_lWn3a0SInRm,549
visalia,Tv stand,01515_da54NYl5de9,20
visalia,Air,00c0c_1eeDzPCAygd,50
visalia,Black Dresser,00N0N_bEcVVRF0id8,75
visalia,SOFA & LOVESEAT,00606_9uL0eCFgsv1,200
visalia,tv,00h0h_hRBTkFUliCn,250
visalia,"Bernhardt leather sofa, chair and ottoman",00x0x_gLy4cc2HKKJ,400
visalia,Dinning Table,00t0t_fwTEdc2zI5X,160
visalia,Couch and loveseat,00b0b_8af3WVpxAP1,250
visalia,Clearance sale on quality used furniture!!!!,00f0f_jc3DO5rWFr0,1
visalia,Office Center Michael Amini Aico,00i0i_ghNLQcYcXdO,2750
visalia,Solid Oak Coffee Table,00W0W_i68mei1vnWH,50
visalia,Coffee Table,00k0k_goSNNg8omJp,15
visalia,2 Rocker recliners,00N0N_4ykcrSPFBo6,150
visalia,Leather sofa and loveseat,,30
visalia,twin trundle bed,00u0u_1xuLlTIy68O,150
visalia,----------marble table 6 chairs-------------,00H0H_gCeQ69aaHQw,450
visalia,Velvet chairs,00E0E_lLp2MWBmZnI,90
visalia,Small bed frame and mattress,00z0z_7jh5wLOeSXu,80
visalia,Electric Dryers,00W0W_dEaEmLP9Gig,70
visalia,MOST COMFY COUCH EVER!! (Big White/Tan Plaid Sectional),00G0G_lfOUrCe2zs3,150
visalia,Dining room table and chairs,01212_bfplFFWtfg7,250
visalia,Sectional and Ottoman for Sale,00O0O_lWn3a0SInRm,549
visalia,Sectional and Ottoman for Sale,01616_6yKv8dNLQ5y,549
visalia,L shaped sofa/2 piece,,250
visalia,"sleigh bed frame, dresser and nite stands",,200
visalia,Lozier Shelving,00l0l_2H1FWGMeNhQ,
visalia,Antique Cabinet/Bookshelves,00000_dF0vzuO7px3,350
visalia,Table,00v0v_axDTuj6HJ0c,40
visalia,SINGER SEWING MACHINE in WOOD CABINET,00404_l9R6wApCKBn,47
visalia,Get your couches cleaned today!!,00t0t_1DemMsF99op,
visalia,Large Heavy Thick Frame  Painting,00B0B_5OJIgOhQUpj,
visalia,Armoire and 9 ft Dresser,00I0I_gTHcbPevgGD,300
visalia,Dinning table and chairs,00y0y_4nNvn5lhCr5,200
visalia,Rectangular wooden table and chairs,00c0c_1jncWsBQ6ll,350
visalia,Wooden Pillars entertainment system,00Q0Q_lLIWYBlK461,300
visalia,Custom Dresser,00G0G_dkAaNKcydyF,600
visalia,wood dresser,00G0G_dkAaNKcydyF,600
visalia,Solid Oak Dresser,00G0G_dkAaNKcydyF,600
visalia,custom dresser,00G0G_dkAaNKcydyF,600
visalia,King size antique metal headboard and frame,00d0d_4n4v1vH24YT,100
visalia,Large round dining table,00404_cr1wsdyt2OD,40
visalia,Loft bed and mattress,00000_jx0HVDcL6T2,200
visalia,Computer desk,00P0P_7hDjRVcC5jl,75
visalia,Reclaimed wood steel industrial style shelf,00d0d_hP1KowjfiV8,300
visalia,Dining Table,00k0k_3BNQGY7Lgeq,
visalia,Dining Table,00k0k_3BNQGY7Lgeq,
visalia,Artificial plant,00D0D_8GQfpf3g7tp,50
visalia,Oversized luggage rack,01717_flq7tSCAVUA,40
visalia,SINGER SEWING MACHINE in WOOD CABINET,00404_l9R6wApCKBn,47
visalia,Used Dining Table,00E0E_hGsgKu96Glt,550
visalia,"Table set, beds, toys",00O0O_7HAFJApZnSv,25
visalia,Oak hutch,00505_1cgHcmsq4n9,400
visalia,Loft bed with trundle,00x0x_as2oHgguYL0,325
visalia,Couches,00C0C_g7u1Vw1fM18,1400
visalia,Kitchen Storage Cabinet,00Z0Z_8rnXMByxUhO,175
visalia,Desk Vintage L Shape,00h0h_iMUgaCMFcpC,50
visalia,"Couches, Living room set",00S0S_a2w2LDwMDtK,800
visalia,4 piece set Couch,00g0g_b6KGuyC4oNQ,400
visalia,Twin/Full Bunkbeds with Mattresses For Sale,00N0N_1PpdBaBLwNQ,399
visalia,"Roll top desk, oak",,100
visalia,Oak DinningRoom Table with 4 Chairs,00s0s_fvjmCinhozb,275
visalia,TV Stand costco,01212_6z7fPZOyD2Q,60
visalia,Couches,00p0p_7mrW0nHMxmk,100
visalia,Sofa American Home Collection La Z Boy,00808_8Bu2M8Hk01n,100
visalia,Brass headboard and footboard,01313_di2fu8q4MqM,250
visalia,Dark wood side table,00O0O_c7XqBRIS6v3,75
visalia,5 counter chairs,01313_smVdfVm591,250
visalia,Dark wood coffee table,00u0u_DVrvMjuLPU,175
visalia,Two brown electric leather chairs,00L0L_iP5uFMm49MB,300
visalia,4 barstools,,150
visalia,Dining room table set,01616_5Tclsp2YAKL,550
visalia,Storage ottoman/coffee table,,50
visalia,Solid oak king size bed frame and matching bedroom set.,00U0U_465JclnntC4,1200
visalia,Couch black and gray,00p0p_fe2QCJ5DD7k,100
visalia,Oak entertainment center,00R0R_j3ChnBwJ8FN,35
visalia,Chaise lounge from Playboy Mansion event $50,00505_kuVLp5SlBO,50
visalia,Knobs for Nightstand/Drawers,,30
visalia,Coffee table center table,00P0P_7c8YiWlPZuB,40
visalia,Antique Style Cast Twin Size Headboard & Footboad Set,00f0f_jau45IxoFC4,150
visalia,Couch and Club Chair with Ottaman,00h0h_i87F7NeGjVn,325
visalia,Vintage parlor Chairs,00D0D_jjT8F9lInGy,400
visalia,Chase lounge.,00J0J_1QnGbgmtbnd,100
visalia,New costume couch/sleeper with chaise,00W0W_1gkRIhdF3mf,1500
visalia,Danish modern side table,00Z0Z_9ze5VnkpY67,25
visalia,Computer Armoire,00h0h_5BEnU5gowN7,175
visalia,REFRIGERATOR NOT WORKING?,,
visalia,Older solid wood table 5 chairs two leafs,00L0L_4WhC3DDt0RG,100
visalia,Tall boy dresser,00x0x_9tfDJM7dcSV,150
visalia,Electric fireplace,00A0A_1yyyqFsjPkx,375
visalia,Carved Oak-Curved Front-Glass Shelved Cabinets (2) Like New Condition!,00w0w_2lM1iKXNbxA,250
visalia,Sofa and loveseat,00q0q_ffWA3J8056X,450
visalia,10-seat wooden dining table - nook style,00000_11GMao0RShU,150
visalia,Billiards table outdoor/indoor,00V0V_4maxuBKgiXy,350
visalia,Twin beds bunkbeds,00X0X_kzKgXsLxN8,50
visalia,Heavy Duty Shelving Unit,00u0u_icXfPAJczxN,25
visalia,Folding Wicker Table,00l0l_4fIs9PLl0J5,15
visalia,Youth Twin bed,00q0q_eWuWIHwhdNw,199
visalia,5 Drawer dresser solid pine,00O0O_6LiNgZH3rbZ,169
visalia,Sectional and Ottoman for Sale,00B0B_fEnIqWWDeCg,699
visalia,Sofa and love seat,00K0K_bsMjlONIcss,350
visalia,Mattresses!!!!!! King  California king ,00H0H_4m40f5an2y7,300
visalia,Mattresses!!! Sleep ,01717_4jGH1TQhbzh,249
visalia,Vintage Table & Chairs,00R0R_8bwo2A1rDai,55
visalia,Cow Hide,01212_hYXH5eeptQX,55
visalia,Black leather desk chair,00D0D_9WwRTi1cJLm,25
visalia,Beautiful light green couch,00202_c1L8KF8Hhcf,200
visalia,Couch,00k0k_klTB3SnsOoM,50
visalia,Mid century Craddock dining room set,,400
visalia,"Kitchen Dining Table and China Cabinet, Craddock",,400
visalia,2 twin beds w/box springs,,80
visalia,Extra firm mattress&box spring w/bed frame,01414_jBke1rPIc0S,125
visalia,Vintage clothing drawer,00T0T_efklXzedXqX,185
visalia,Vintage desk,00k0k_jORjbNC8FfH,150
visalia,3D Wall Decor-3 Panels,00R0R_c6BP6wK3vkL,40
visalia,Floor Standing Candle Holders 2-Set,00p0p_7zc2E2Mu9J,50
visalia,Lamp,00E0E_7gMiCcJlMv0,10
visalia,Wicker Night Table,00r0r_glWSxU2nC7p,30
visalia,Arm Chairs,00y0y_fczo9fdhObi,200
visalia,Armoire,01010_3XUcOKTFeNb,300
visalia,king mattress,00q0q_3OVwkbpuASI,150
visalia,Rocking chair,00d0d_2oHQy6k9FGx,45
visalia,Solid wood desk,00B0B_4g7FQVdJYkC,60
visalia,Twin bed,00D0D_bw3Ub0db45r,100
visalia,"Dresser,book shelf,top piece of dresser",00B0B_iVzL1rAWqmK,50
visalia,Mirrored Curio Cabinet Set,00z0z_fEw3n8Wf9nt,170
visalia,end table,00P0P_7E0OINSPYQn,80
visalia,Mirror accent table mesa de espejo,00c0c_iI6Lc4hgsAZ,200
visalia,"bedroom dresses , queen headboard, nightstand",00n0n_8sN3r5YxULg,250
visalia,Queen Platform Bed,00n0n_cgc5Ult8W5o,900
visalia,Entertainment Center-Media Console,00F0F_dtnmTmJpPvD,450
visalia,vintage 1900s hutch,00303_7dL292jrZba,325
visalia,Center Coffee Table,00E0E_bA89CS5ebBj,295
visalia,framed art and lamp,00U0U_8XSBlAD4Hrk,
visalia,Glass top desk,00i0i_36YJscKWbna,25
visalia,Beautiful suede sectional,01717_3ZIGKH5TNtL,550
visalia,Book Shelf Cabinet,00404_285bVSFttVv,40
visalia,Antique Thomasville bed frame,,250
visalia,Little tikes toy chest,00F0F_hPTVIsYsr68,40
visalia,Little tikes racing car bed,00T0T_bOq2arpOHzy,250
visalia,Twin Bed,00X0X_4VKsARbi89G,279
visalia,Big Mattress SALE,00202_cQTYfgc6hTd,99
visalia,Set de COLCHON KING SIZE,00m0m_bgB7y2IGgHN,199
visalia,Twin Mattress,00m0m_bgB7y2IGgHN,75
visalia,Full Bed,00808_evRrk2U9mHn,299
visalia,Solid oak dining table,00c0c_jvqCIlChM7g,60
visalia,Rustic Farmhouse & Cantina Table,00z0z_fX6Vfimfcdo,
visalia,Solid wood armoire.,00S0S_7Nyiwn9ugO5,300
visalia,Bedroom furniture 150$,00L0L_biV2nuFq4FK,150
visalia,Sectional area rug 2 pictures,00505_bBlp37dPRiW,600
visalia,Set of wooden night stands,01616_S35FHWSeUr,115
visalia,Sofa Set,01414_fMYmWVH2uFc,
visalia,Love seat and over sized chair,00l0l_hhivO0jDHpz,300
visalia,Cal King size matress/decorative chair,00Y0Y_8omIWsF2kIm,200
visalia,Wooden Dining Room Table,00n0n_aWrNLSCCW9p,150
visalia,Blue dresser,00808_1ZqkioZA4ER,250
visalia,Outside metal table w/ chairs,00S0S_fi1h4zSsoH5,150
visalia,TV stand,00707_9zpMnXwhVsq,80
visalia,Antique table and chairs,00R0R_foJgAszj83G,75
visalia,MAHOGANY DARK WOOD DESK,00B0B_fUMeKGBiUuC,350
visalia,BRISTO  SET,00L0L_eu8VqXahkG2,160
visalia,***** Office furniture  *******,00t0t_36yyAa95qSa,1
visalia,Nightstand and Dresser,00F0F_5Z9Lf8gokri,100
visalia,Kitchen table,00F0F_ij4OlcXOTEI,25
visalia,Vintage Children's Rocking Chair,00909_cTJNiMzNoJ2,60
visalia,Shelves with pull out baskets,00P0P_6aySoeSkyBr,45
visalia,Sectional with ottoman,,120
visalia,Couch,00q0q_bXnGdq59Qav,75
visalia,White faux fur antique armchair,01616_di0yZtKKbpk,75
visalia,Dining Table-Formal,00o0o_jpE1TWdvDhG,1200
visalia,Small couch,00i0i_cY7iZYUSAXO,25
visalia,Hospital bed,00V0V_8aqCFRoEiFg,300
visalia,Crib,00N0N_eNEJbLMtaoK,185
visalia,File Cabinet,00J0J_g5uFmflNKzL,20
visalia,Beautiful Wingback Chair,00R0R_7BVVjHG5qZo,75
visalia,Dark Wood Entry Table,01111_73zz9Ne08IZ,50
visalia,Ladder Shelf Unit,01313_hgtvyceLHp1,80
visalia,Dark Wood Entertainment Console,00k0k_aDUMKsG07ty,75
visalia,Sectional and Ottoman for Sale,00O0O_lWn3a0SInRm,549
visalia,Cream couch,01111_DgMft9yy8D,
visalia,Individual Safe's,00F0F_fCQxXNPqJMv,35
visalia,"Wood chairs, home decor",00303_dV4xOmNdzgP,100
visalia,"TV tray, fall decors",00b0b_gGXbm7Z7k9O,20
visalia,New beautiful chairs,00t0t_3NOdkGFoB7n,150
visalia,Solid wood bedroom set,00J0J_cwziEuurQ20,580
visalia,2 vintage wingback chairs,00q0q_foP2a5h6pyk,250
visalia,Pulaski Ridgeway Grandfather Clock,00d0d_cPTSp9Qjm2q,
visalia,Couch and sitting chair,00J0J_5nG16vSUPYg,200
visalia,8 drawer chubby black dresser,00000_bPQciikgnCp,85
visalia,Deal!!! Only $45 Patio Table,00r0r_alIh5KqwvQV,45
visalia,Desk-Large,00M0M_h2D2L4wBdPq,125
visalia,Vintage METAL BENCH,00X0X_gncrHpXQ3wM,175
visalia,Delta 4-in-1 crib with Serta mattress,01515_dfWpzTEvkWT,120
visalia,Outdoor table and 4 stools,00A0A_d84gAG0emti,80
visalia,Elegant leather air Sofa and Love Seat for Incredible Low Price,01010_dSHxTMegi5x,
visalia,Over sized Couch and matching love seat,00V0V_9yJIbdSFOmm,240
visalia,2 Ultra Comfort Lift chairs,00Y0Y_37JGQF5zqh4,600
visalia,Recliner,00k0k_9ERwlzk0O4I,40
visalia,Couch set,00l0l_eOR2g2YJnc,150
visalia,Brown faux letter chair,00Z0Z_bMLi68SRgbS,90
visalia,Office chair,,10
visalia,Office chairs,,5
visalia,Ficus Trees,00N0N_kf5FnE1E52V,250
visalia,Game  Table  (Craps Dice),00o0o_4SAZZYTUppM,1000
visalia,LEATHER SOFA,00f0f_4MMOlbWl9gw,340
visalia,Antique painting,00y0y_igpJ7NJ01UJ,40
visalia,Armoire,00W0W_f4W2LcosFQj,100
visalia,Foot rest,00U0U_dEn84jIyN9W,25
visalia,End tables,00D0D_g9bK9WHRMHb,25
visalia,California king bed frame,00K0K_d1cJGYhZYua,100
visalia,Designer chair SET,01414_l0qLJ5ktxRb,100
visalia,Retail display case with locks & drawers,00J0J_48qjvYOIASK,150
visalia,"Brand New 3-pieces Recliner Sofa ,Love Seat, and Chair @ Spacial Price",00707_6tLYWxAIEFG,
visalia,** Brand New Complete 5-pcs Storage Bedroom Set w/8-storage drawers,00v0v_jrPtdVm4gsw,
visalia,Roll Top Desk,00d0d_fHaPCc6hRsO,125
visalia,Antique Hutch,01212_l6d2DZk0KOP,300
visalia,Antique bedroom set for sale. (Mattress not included),00U0U_eGMggL4Hh7T,850
visalia,QUEEN BEDROOM SETS 3 COLORS AVAILABLE,00i0i_2JbjRMqmqIB,539
visalia,Cabinets and entertaiment center,01717_feLpDJH4gJB,100
visalia,Coffee Table,00b0b_V53DZfb2x1,60
visalia,Desks & Chairs,00q0q_cYtuo4fKyxp,
visalia,Off white leather coach,01515_exFhCgHmlvH,30
visalia,Sofa and love seat,,300
visalia,Clothing racks,00q0q_hhYmDIcqo3V,80
visalia,Full Mattress,00x0x_cGhwEQhVAP,95
visalia,King Mattress Set,00Q0Q_FDD81nVlVZ,199
visalia,white wicker chair,00k0k_jSpOkiS2uQu,25
visalia,4 barstools,,150
visalia,POSTER BEDROOM SET,00u0u_2NHnmVIC0uJ,3500
visalia,Two beautiful table and chair sets,00F0F_hk1pnWPkcIG,165
visalia,"Great furniture for sale(tables, chairs, tea cart)",00Q0Q_2TqZ1sz7nMv,165
visalia,Stairs,00r0r_7JvFr2oLmuv,50
visalia,King Bed- table of 4- day bed  - queen bed,00d0d_dXIEwabJBGH,
visalia,marble 3 piece coffee & end table set,00707_8nsZsB8bFJm,150
visalia,California king tempur pedic matress,,2000
visalia,Large corner lamp,00r0r_6BN9uVckJCZ,20
visalia,Glass top table Dining Room set/ swan coral,01414_8RZ9AIAzQr0,1950
visalia,Living Room Leather furniture set,00x0x_dyX1vy3yyr6,1095
visalia,Beautiful wall art,00T0T_9AoM7kHDbd7,50
visalia,Woven chair,00z0z_h9p96g7XO7i,100
visalia,Unique throw pillows,00J0J_3jB66bCMYQZ,30
visalia,Queen size bed,00s0s_fazp2TCHK1N,120
visalia,Patio set,00q0q_h5rr7C036vG,175
visalia,Couch and loveseat,00r0r_eBzAB0RY6ZL,350
visalia,Get your couches cleaned today!!,00t0t_1DemMsF99op,
