wyoming,Buffet,00x0x_dL0dqa7U42H,50
wyoming,Twin/Full Full/Full Queen/Queen Bunk Beds,00L0L_khXWopRkkrh,
wyoming,Full sized bed for sale,00Y0Y_dMblbrFnIkl,200
wyoming,Nice recliner with claw-feet,00n0n_2CXrav0P15s,40
wyoming,Brand new Good To Go 5 Shelf Bookcase,00x0x_ffFt6yyJOXX,25
wyoming,Bed and nightstand,00202_dAOTEL1zxLv,285
wyoming,Ikea queen bed frame,00t0t_3Wvb8zCR2l4,100
wyoming,Table and chairs,00n0n_3QhiR7vEGy1,95
wyoming,TV Stand,00Z0Z_aR1rRXjTxRC,300
wyoming,"Platform Bed, Mattress...Queen",00Y0Y_7zkF8VBH6q5,130
wyoming,Reclining swivel chair and Ottoman,00m0m_2Of46wbiOgZ,25
wyoming,Bed frame + mattress,00e0e_1O8SEQJtQEP,20
wyoming,Desk chair,01010_2GEyHLXV6Tw,10
wyoming,Desk,00O0O_k78jjaKSSy6,50
wyoming,2 leather couches and chair with ottoman,00Y0Y_cubs1RyE6Yq,1100
wyoming,"62"" Toshiba flat panel television with matching stand",01414_iYQRxBvpgzV,350
wyoming,slab table - black walnut - dark hardwood - natural live edge - heavy,00E0E_4u0KiT2weXb,1775
wyoming,Live edge wood slab coat rack. Wood insulator holders,00202_mrTSvED4zD,150
wyoming,Live edge wood slab benches,00V0V_dEEQHuLg6HO,500
wyoming,Wind & Weather Proof WROUGHT TABLE & 6 CHAIRS,00G0G_9PxEiTTxdLS,290
wyoming,"42"" ELECTRIC FIREPLACE WITH BUILT IN HEATER",00t0t_1ydaAZA3ve8,85
wyoming,Furniture Antique Vintage Shabby Chic Painted Rustic desk table chairs,00x0x_826gv21NtR1,10
wyoming,"Vintage Mayline Wood Drafting Table 38""x 48"" adjustable, 2 drawers",00i0i_hK0jybRlGi9,499
wyoming,Ethan Allen Heavy Duty Coffee Table Center Piece Made in America!,00F0F_YTMdzQichx,500
wyoming,Nice tall armoire beautiful color,00v0v_9lIUWoqfIMS,275
wyoming,Baker Furniture Barbara Barry Fine Dining Table w7 Leather Side Chairs,00G0G_cBjDbaXriNz,4385
wyoming,Downsizing from Multi Million Dollar Home Quality Furniture Sale,00L0L_bDhkMjOaGt6,1
wyoming,Ralph Lauren Leather Oversized Club Chairs,00q0q_8PiDxBtmjzA,800
wyoming,Glass Table Dinning Set,00I0I_kiVxg7ot1TX,50
wyoming,Queen memory foam mattress made in the USA,00c0c_jpwrpp9DqxE,299
wyoming,Queen 5 pc. attractive bedroom set,00O0O_1s8Bqr9uFII,577
wyoming,Computer desk  **excellent condition**,00000_4tilMb20XjB,50
wyoming,Coffee & End Tables,00z0z_2BDwQkWnsB3,300
wyoming,Queen Mattress,00E0E_354fi6stVQp,225
wyoming,Blue Desk Chair,00B0B_8YcXKq3pmst,5
wyoming,Custom Oak half-barrel coffee table,00u0u_koVWYWpWpRc,850
wyoming,Vintage Door Dining Table,00a0a_3kobUfZly6l,250
wyoming,Book shelf,,10
wyoming,Table and Chair,00B0B_1jZjdNS3aqO,25
wyoming,IKEA Armchair,00Y0Y_e3VmW4DTEcA,25
wyoming,Oversized Chair,00C0C_b3WSr24zOVw,75
wyoming,TV Armoire,00c0c_1xNemi7CS5N,50000
wyoming,Vintage Trunk,00A0A_aUGEssKGP5b,100
wyoming,Dining Room Set-$2000.00 OBO,00t0t_kvErAxZPNLg,
wyoming,3 peice entertainment center,00n0n_83aXXxb6Iau,300
wyoming,Oak Wood bench Loveseat Settee Windsor type back,00N0N_8coHNY4fHo7,130
wyoming,Mid-century furniture,00v0v_hp3mqP5TRW8,40
wyoming,"Glass TV Stand 36- 55""",01616_k8KqkbCEkBY,50
wyoming,Oak Dining Table with 8 Matching Chairs,00Z0Z_fiNqIAO0owN,700
wyoming,Buffet Nice,00303_8fGwIWYVmxs,300
wyoming,||We are giving fashionable kitchen cabinets at normal rate||,01010_434ezSw6wYj,
wyoming,++15% discount on new kitchen cabinets++,00505_21UqnrCi5Gn,1206
wyoming,Brand new walk in bathtub,,2500
wyoming,5 pc Bedroom set,00202_5fTLlAlRuOz,499
wyoming,Good looking dining table chairs,01616_iIYrS1xUErg,399
wyoming,Metal hanger for Christmas stocking,00r0r_2IQHgrRsJp,5
wyoming,Hanger for Christmas stockings,01414_52WlpQ4HfTx,5
wyoming,Cabinets and stands,01111_enrZkC0YJ79,
wyoming,"WROUGHT IRON , Patio Set 4 rocker Chairs & Table",00D0D_2e4FhiAsxq2,220
wyoming,Good looking Queen 5 pc Bedroom set,00808_aPJM1Zhue88,499
wyoming,Beautiful loveseat,00f0f_dX1JPH1oAwP,90
wyoming,"3 piece Futon Couch, Chair, and footstool",00u0u_9NkuX1MVCoG,200
wyoming,Nice full aize couch,00u0u_1DY4GovPBLc,125
wyoming,Elegant Oak Dining room table with 6 chairs,00J0J_bUAQdOIm0KD,850
wyoming,Beautiful Mahogany sitting chair,00b0b_8Lp1cpKVsVO,35
wyoming,Baker Furniture Milling Road from Italy Etageres,00d0d_dG4qgtjR8xg,500
wyoming,Moving Sale Baker Furniture Milling Road from Italy KING BED,00A0A_8KvnuxPqqYS,1995
wyoming,Vintage School Desks,00u0u_kLcuh2O78s7,49
wyoming,Gun Cabinet,00M0M_gOU0MjVVv6o,50
wyoming,Solid Wood Dresser with 4 Drawers,00404_4mvul64q6Wn,79
wyoming,Deja Nu Cheyenne Flea Market and Thrift Shop,00S0S_mo8gS2zjBB,1
wyoming,Large Steamer Trunk Vintage,00J0J_19TbBL4mH3Y,79
wyoming,King Size Log Bed Headboard Foot Board Side Rails,00F0F_lwQ09uxqmCx,499
wyoming,Beautiful Log Bed,00X0X_cvj4V7SinGM,135
wyoming,Office Chair,00A0A_dMziBvlc7Rl,20
wyoming,Richardson Bros Solid Oak Dining Table,00202_6ZhfGKs6Svz,750
wyoming,Reduced! Queen Anne Antique Table beautiful condition elegant shape,00E0E_6XHKHWxKp00,225
wyoming,Dresser/mirror,00h0h_silFiwUngm,50
wyoming,tan sofa and chair set,00Q0Q_1NLQOFDaoR5,100
wyoming,Full Size Bed and Headboard,00U0U_dELZdiqfjTk,100
wyoming,4 Eames Style Dining Side Chairs WHITE - Mid Century Modern,00e0e_fPQr4cum5SH,260
wyoming,8 Drawer Armoire with Storage Above PRICE DROPPED!,00C0C_h8PORdFId8w,100
wyoming,Leather Couch and Love Seat Combo,00505_3v9DsRudNSj,1500
wyoming,Chest of drawers,00909_6HtPq5LzDry,400
wyoming,Dresser and Sony tv,00b0b_11U5edvaRo3,300
wyoming,Coffee table,00k0k_5RUQQ6EHPYi,30
wyoming,Couch for sale,,100
wyoming,Coffee table,00p0p_fTG8ba21uVS,75
wyoming,Hutch,00x0x_jiGRt9V5ed5,50
wyoming,sleeper sofa,00Z0Z_cRP9eJiqmn,250
wyoming,Solid Oak Wall Unit - Bookcase/TV Entertainment Center,00c0c_b9JxblXNNUE,500
wyoming,Howard Miller Arendal Grandfather Clock 611-005,00303_Fs2JsvdX4L,1400
wyoming,Girls Bedroom Set,00909_k7dKQ9efc4J,450
wyoming,70's-Era Rocking Chair,00303_duRm1IWEEeM,20
wyoming,Towne Square Oak Glider Rocker and Footrest,00h0h_3qCCQLO8tN1,50
wyoming,IKEA solid wood dining set,00z0z_2VO62tF4HGn,100
wyoming,"chair, coffee table",00l0l_5RyKVfEq9qj,5
wyoming,Entertainment center console,00Y0Y_hkeeedEcCR5,275
wyoming,metal folding chairs,00b0b_oB3rkE7ajw,3
wyoming,American Drew headboard and footboard queen,,275
wyoming,Console,01010_lWhuqcb6n6P,175
wyoming,Queen Oak Headboard,01212_2jIaZfoSDG3,10
wyoming,Carter's Jametown Convertible Crib,00v0v_jlDuDsRKoFy,50
wyoming,Ethan Allen Chair and Ottoman,00G0G_1hd4gMLhX2U,50
wyoming,Recliner- Excellent Condition,00a0a_fl66BihF7Wz,50
wyoming,Box Spring Queen Mattress,00x0x_4OxmHX5XwzO,60
wyoming,Futon,,75
wyoming,Vanity,,75
wyoming,Dining room set w 6 chairs,00y0y_bJLhbY1nxSj,300
wyoming,Oak Entertainment Center,00i0i_gg5kTlkRwds,300
wyoming,Sofa & chaise,00y0y_jUEpsfJZP3C,350
wyoming,Two Very Large Custom Made New Zealand Wool Rugs,00q0q_fL5bvzizS7U,5000
wyoming,4 DRAWER UPRIGHT WOOD DRESSER,00w0w_cJbGD8HmKhg,100
wyoming,OAK HEYWOOD-WAKEFIELD ROCKER,00S0S_jrWk4C09w6G,50
wyoming,Reclining Sofas & Glass-top Iron Tables,01111_e7eYd7xDU7g,400
wyoming,1950's Pennsbury Manor Solid Maple Hutch by Garrison,00z0z_92pyhGKQIi0,395
wyoming,Two Dining Room Chairs,00s0s_6JpKzYveHV9,20
wyoming,Dark Oak Pedestal Dining Room Table w 2 oak Ethan Allen chairs,00505_c246vM9CjQg,120
wyoming,Concrete Table,00s0s_gbwtDZEpD97,550
wyoming,Blue Chair,00B0B_f0psAXjxeOl,50
wyoming,Entry bench,00O0O_8fNZ2yZm6bn,40
wyoming,"Table, Folding Chairs, Folding Table on sale",00n0n_gDs2GTGzFRf,80
wyoming,3 piece Living Room Tables,00606_5Hf7Iz0OasA,395
wyoming,Amish made Hickory Rockers,01616_bvoZdr7XWXK,200
wyoming,Queen bed,00a0a_hCdnjnkyxZK,120
wyoming,Hand Forged USA made coffee table,00t0t_kervG7doNgK,175
wyoming,Dining set for sale,00T0T_hn3xUSQXVNE,150
wyoming,Oak Book Case,00h0h_h1YpoxW1GGu,150
wyoming,Pottery Barn Style Dresser,00A0A_kgonvR8JpAZ,325
wyoming,5 pc Bedroom set,00303_3XZYsT1XoGy,499
wyoming,bookcase,00y0y_27aBop5CJGK,49
wyoming,Furniture,00606_6iZqBlQoiev,1013
wyoming,Like new sofa and loveseat leather electric,00Q0Q_7PPCyrJ2RSi,2800
wyoming,Dresser / Changing table set,00I0I_bEf62dD39WL,60
wyoming,Wicker Furniture,00S0S_4MEwJgVTBFE,650
wyoming,Good looking dining table chairs and padded bench,00303_kkoLqsdmESU,399
wyoming,Oak storage cabinet,00C0C_5ZrFVXNuB6f,350
wyoming,Glass office desk,01212_b4uOMDYQqHl,75
wyoming,Floor lamp,00404_fDfMYgAfSqj,75
wyoming,Accent chairs,00Z0Z_aEQz2jMN0Pg,250
wyoming,Sapira by Leesa California King Mattress (Price Drop),01414_620oXN6nOrD,400
wyoming,Office desk and matching file cabinet,00v0v_eJkWpjvplGk,30
wyoming,Dark Blue Full Size Couch and Queen Size Bed Frame,00z0z_jPJF3bia90A,165
wyoming,Really nice twin set with frame,01010_2o856hjyudv,100
wyoming,kitchen island,00202_gZNR9aLkYle,450
wyoming,Tv stand,00y0y_l9u79RNh1C3,
wyoming,Italian Curio/ China cabinet,00J0J_bUAQdOIm0KD,350
wyoming,The HON Company Office Desks,00W0W_jtVH2sXl62s,3000
wyoming,Couch/loveseat,00t0t_9xFqtUziQUW,75
wyoming,Bar Height Kitchen Table w/chairs,00z0z_41Fnrl0fyYt,40
wyoming,TABLE FINE DINING LARAMIE WYOMING,01414_f74Mdu30ZTn,300
wyoming,Brass lamps,00A0A_kCsOtvyFL8d,15
wyoming,"PODIUM, LECTUM, PULPIT",00Y0Y_cJu7MVE5c66,125
wyoming,Four Heavy Duty Chairs,00707_1A3U274Jocg,50
wyoming,Beautiful Roll Top Desk,00l0l_3jetZZlNLUD,175
wyoming,pedicure chair,00e0e_jCsM34emTSz,1600
wyoming,King size mattress,01717_aObwdFZ4q68,500
wyoming,Table and chairs,00j0j_eIJXmos8oCf,120
wyoming,Early American Dining Set,00i0i_gYDQu5BxrqT,600
wyoming,"Full Size solid oak bed frame, mattress and box spring",00H0H_dJX06lOZQb8,450
wyoming,OAK BUFFET W/WINE RACK,00t0t_gt405AK8l8m,200
wyoming,very large framed print,00z0z_dENgPddQULZ,50
wyoming,Rug,00H0H_4MdGlr5zDWC,10
wyoming,Wicker Chair,00303_kt0HWNXZ4cO,10
wyoming,Full Matress for Sale,,600
wyoming,Article. Sitka Sofa - White,00e0e_jGLuL3IA3Na,1000
wyoming,White Tile Table in Excellent Condition,00o0o_a2FMHxymN4Y,200
wyoming,3 piece dresser,,75
wyoming,World Map - antique look/modern reproduction,00d0d_4cEVruO2E3u,15
wyoming,Decor classic suitcases set,00V0V_gpZwE0lcdpe,10
wyoming,Decor classic suitcases set,00V0V_gpZwE0lcdpe,10
wyoming,Black circular end table,00f0f_k8b9MWmwLT4,25
wyoming,Modern Blue-Gray fabric lounge chair,00s0s_lmt519vaTs7,95
wyoming,Japanese nicknack shelf,00X0X_6m3teFKvICh,40
wyoming,Full size bed,,150
wyoming,Dining set,00j0j_gdtDREmijlQ,250
wyoming,Office Furniture,00O0O_cOwWavF0yzM,125
wyoming,small round table,00n0n_1pflvg9tdrB,9
wyoming,Futon and pillows,00w0w_kDAMDAfRFxu,80
wyoming,Bunk bed Twin Mattress,00202_iUvn2eFGg7u,15
wyoming,Love seat/couch $20.00,00O0O_aDExKupRYn6,20
wyoming,TV Center,01212_bK1d6jGCknq,60
wyoming,Queen Size bed frame,00L0L_4CpMyX8jssh,150
wyoming,Jet tub,00L0L_4RqFjM6JAUA,200
wyoming,Entertainment center console,00Y0Y_hkeeedEcCR5,275
wyoming,Full size bed,,75
wyoming,Entertainment center,,350
wyoming,nice office chair,00m0m_je9tz17qQNh,15
wyoming,Furniture for sale,00W0W_z3bRRP7roe,
wyoming,Wood dining room table/ grill,00X0X_6W5yJpfrLjX,100
wyoming,Primo-Double Bed,00L0L_1mRPmyC63vZ,50
wyoming,TV Stand and Mount,00i0i_b3njwYsgoh4,100
wyoming,2 Chair Recliners and 2 Foot Stools,00Y0Y_hmsRqbQgciE,150
wyoming,BACCARAT Champayne Glasses,00u0u_cFj2M55byHw,250
wyoming,Twin Headboard w/ Bookshelf Space,00L0L_lXjadonthfz,5
wyoming,3 Piece Table Set: Sofa Table and 2 End Tables,00N0N_4XuSXNdclnC,44
wyoming,Dining room set,00X0X_d8kGOZkFraH,250
wyoming,Sleeper Sofa,00P0P_foOtER1y2Ud,250
wyoming,"Furniture (desks, office chairs, bookshelf, recliner)",00D0D_ak6CtszRJQr,10
wyoming,Leather reclining couch,00l0l_iOBsASAhD3C,200
wyoming,"Dining set, table, leaf, 6 chairs",00404_7M6mQRufX7f,200
wyoming,NIB New Better Homes & Gardens 2-tier galvinized rectangular stand,01313_9NIOPpXDPmI,35
wyoming,Entertainment Center,00K0K_1LIJoLV5eX3,200
wyoming,Really Nice Baby Crib,00A0A_40yMfrOOfN7,25
wyoming,Moving -- need to sell sofa,00e0e_c6T2pDKdx28,50
wyoming,Indoor/outdoor rug,00d0d_fhcIK90YuRB,50
wyoming,Full/Queen Headboard,00g0g_12UePFU3rrB,100
wyoming,Dinning Set,00303_bAgaz0edKVS,229
wyoming,Dinning Set,00b0b_2ANOaQolfEf,269
wyoming,Dinning Set,00u0u_8WvtfiJHLIQ,499
wyoming,Dinning Set,00B0B_iWG0RWx7LGB,229
wyoming,Dinning Set,00202_guLwaF3zNVu,299
wyoming,Table and 4 chairs,00i0i_862BoAOCtyu,60
wyoming,Table and 4 chairs,00S0S_jCjA2KY4lfp,129
wyoming,Desk,00k0k_fb1OE39385k,20
wyoming,Entertainment Stand,00e0e_2BRnRpxHhF5,100
wyoming,massage chair,00g0g_3jViROSS9pS,400
wyoming,rolling chair,00F0F_lrwS5nkmpJ0,3
wyoming,Solid Maple Dresser,00707_28oNJ1EunTM,425
wyoming,Bedroom and Den,00i0i_6veRaXZO0U,300150
wyoming,Coffee/Breakfast bar refurbished,00A0A_irmjmxuAgWg,600
wyoming,BRITISH PLANTATION CHAIR set of two - $150,00U0U_1G4Q0pry2Qw,300
wyoming,Handmade wood  mountain art,00T0T_f5vCvBcdzWh,50
wyoming,Mattress and frame,,400
wyoming,"Melrose Rug 5' x 7' 6""",00y0y_iOu2LquIJ1K,75
wyoming,Large Dining Room Table,00L0L_a0ZLGD2n3lt,500
wyoming,Large Chaise Lounge Folding Ottoman Detaches,00s0s_1sZ7nirXJv2,100
wyoming,massage table,00d0d_a60WXJlqsXJ,1100
wyoming,Electric sit to stand recliner,00i0i_jzedRDQbW55,735
wyoming,Indoor Custom Made Beetlekill Log Bench,01010_2ooVzYFVZF0,550
wyoming,shelf/end table,00101_9N9FRLpCKub,19
wyoming,file cabinet,00K0K_fAaerZJV0K6,5
wyoming,Farm Table (Kitchen/Dining Table),00B0B_jNrx8Y0QVxD,99
wyoming,Solid oak armoire,00000_jenyLQLNjIz,300
wyoming,8 office chairs armless,,
wyoming,20 office chairs with arms,,
wyoming,Sleepnumber air mattress,,300
wyoming,Woven wool rug,,60
wyoming,**Beautiful large armoire for sale**Free 27 inch TV!,00F0F_3dAnGuN877Z,400
wyoming,coffee table,00g0g_dWUYFJZnUS5,19
wyoming,Chairs,00H0H_2KTXVHlK47q,
wyoming,Used Door,00m0m_1UqflppxbHH,100
wyoming,Coffee table and more!,00U0U_2jL63wQeNT8,125
wyoming,Side table / or desk,00Y0Y_ch8vDmK1SYq,40
wyoming,Wire shelving,00S0S_2CwPS64em91,10
wyoming,SANTAFEAN BAR solid!!! OBO,00h0h_faqooDzsnBD,1500
wyoming,solid wooden rocking crib,00l0l_3OsTfP00iko,150
wyoming,Oak Desk,00k0k_I9a7Qx1704,75
wyoming,Broyhill couch like new,00M0M_bex29PnFGPK,200
wyoming,++Customized Kitchen cabinets++,00s0s_9vddWcWtK7g,1193
wyoming,Twin Mattresses $75 w/box spring,01313_fQfPS9zXIze,75
wyoming,Twin mattress,,
wyoming,Matching wingback chairs,00Z0Z_jfIA7jWRICE,200
wyoming,Queen size bed for sale,00G0G_fRuEWycyIYE,100
wyoming,Roos Cedar Chest,01717_iCE7JF2pwHi,165
wyoming,6x9 Woven Rug,00909_hNkLJzMMxRF,200
wyoming,Mid Mod Blonde Wood Cabinet,00404_jr5sG74vqfH,175
wyoming,Hutch,00w0w_8AwbsRNTSmu,350
wyoming,Barstools,00h0h_9PxcOccT3ec,120
wyoming,Small kid bike for sale,00D0D_gppVjRq7JF4,20
wyoming,"Queen Bedspread, Bedskirt, 2 Pillow Shams w/Decorative Pillow",00505_T0E2v5D83g,50
wyoming,Vintage Ethan Allen chairs,01515_k6kKmTt625g,175
wyoming,Cherry Dining Table,,200
wyoming,Entertainment center/armoire,01515_6JzPgfQy9f5,300
wyoming,Grandfather Clock Howard Miller model 610-796,00s0s_iYekxsXPJeY,875
wyoming,Blue Love Sac,00J0J_iQvANcApWw7,350
wyoming,La-Z-Boy Floral Couch,00101_axI7VE7NaRM,75
wyoming,"Retro bedroom set (queen bed, w/ mattress & box springs)",00h0h_d0DcRFnpS2n,500
wyoming,Blue Love Sac,00J0J_iQvANcApWw7,350
wyoming,Bassett Kendall Couch,00z0z_kCDk3aC16uj,700
wyoming,Handmade pallet wood hall table,00W0W_82vG7a8F0MJ,30
wyoming,Wood desk,01515_ljpDJJOc8MR,125
wyoming,Padded Folding Chairs,01111_1lcORoDgHBc,5
wyoming,Tree trunk end table,00K0K_4EDoxCallyJ,30
wyoming,Kitchen table 3 chairs or 6 different,00c0c_eQZKNQb0RQE,50
wyoming,Glass top dinette set 4 chairs,00I0I_ffHL2GP9nm7,50
wyoming,Dresser 6 drawer,00303_4s27SZCW5L9,35
wyoming,Couch,,
wyoming,Grey sofa,,20
wyoming,Furniture,00a0a_ebIPo3FDx97,15
wyoming,Twin size bed headboard black metal,01111_8L24QtBcFmf,35
wyoming,"Executive desk, credenza, round corner table",00i0i_fhBPn3BHAbT,325
wyoming,Roos Sweetheart Style Cedar Hope Chest,00Q0Q_gRhm8rbmeHc,250
wyoming,CURIO GLASS CORNER CABINET,00F0F_5WfRcZICluS,129
wyoming,Red metal table with matching leather chairs,00n0n_bIK1hLzt7Vx,250
wyoming,Rustic chandelier,00T0T_dwZnVBTt8NP,275
wyoming,"Heavy, distressed pine dining table with extensions",00m0m_dqzMnEv3b5F,1000
wyoming,Couch and 65in tv,,400
wyoming,VINTAGE LOG COFFEE TABLE OR BENCH,00X0X_lfHNe3juUk7,350
wyoming,Solid Maple Sidetable,00K0K_4r33Kppn62l,85
wyoming,Beautiful Rustic Western Ranch Molesworth Style Couch,00E0E_irk3Edu6Qfh,
wyoming,Molesworth Style Dining or Office Table.,00D0D_ifJnCggzapi,475
wyoming,Small Bedroom Set,00z0z_aid11za9eFp,100
wyoming,Furniture,00Z0Z_3SjzU3rxMfX,5
wyoming,"CUSTOM TABLES, CHAIRS, WAGON",00G0G_jsB8tNxP8qZ,1
wyoming,Oak Table,00g0g_5Hj54H9hdVU,65
wyoming,queen memory topper,00C0C_3bNpsQYpXVp,100
wyoming,Solid oak roll top computer desk,00s0s_3017INxb3cz,300
wyoming,Beautiful Bedroom Set,00202_2xnR08HMnIn,800
wyoming,"Desk, chair, dresser, bed - need gone ASAP!",00s0s_5TgBCcce4TP,60
wyoming,Beautiful Hardwood Dinning Table...,01010_aphl33t18Sg,200
wyoming,Kitchen table with chairs,00z0z_7PeZDSNh2DX,45
wyoming,Wooden queen size futon,,75
wyoming,Solid wood Dresser $10 and Coffee Table $5,00Z0Z_3CqOfXCwQwG,
wyoming,TWIN SIZE METAL BED FRAME,00K0K_jq8djXUon5I,50
wyoming,Work benches,00404_lj5fIr4nOKg,250450
wyoming,3 sturdy retro dining chairs,00606_iyE45mxWXbZ,25
wyoming,Stool,00I0I_alzG4VdgzdP,10
wyoming,Living Room Table - Large and Sturdy!,00D0D_k34nUk2lpIj,40
wyoming,Large Neutral Side Table - Great Condition,00505_3mVz6o1xDNh,40
wyoming,Custom Oak Book Shelving,,510
wyoming,Pottery Barn Teen Headboard,,275
wyoming,Sturdy Desk,00y0y_9uHdzzPFuUJ,100
wyoming,Two living chairs,00p0p_8C9zQAd1Iqy,75
wyoming,Couch and loveseat,01111_lupIsaY5fwT,350
wyoming,"Couch , chair, & ottoman",00e0e_cLUSYldGuwk,150
wyoming,Do You Need A She-shed?  Your Own Oasis?,01010_8BrYTbH7Cw9,
wyoming,Shelves,00U0U_4X5zZk4P364,10
wyoming,Furniture,00F0F_8C22iv0lOaY,
wyoming,Shabby Chic Vintage Chest,00606_3ulI7DaxIDv,100
wyoming,Queen Size Complete Tufted Bed Set,00c0c_j8ing1yq6IX,500
wyoming,Table and Dinning Chairs,00D0D_9cAobkatFKm,800
wyoming,Shelving unit,00o0o_dFJXZRnvKjx,5
wyoming,TV stand,01212_fwGWfFLdnJN,20
wyoming,Hammock - VERY comfy,01212_5kAfG8oQEjS,55
wyoming,White corner desk with chair,00u0u_2OHRpeO6nCS,65
wyoming,Bookshelf (white),00U0U_kv9OPDtbKwR,5
wyoming,Oak nightstand (two available),00707_6Bm9vcF7Re0,25
wyoming,Nightstand (oak) with drawer,00202_ioxNlgEIOYq,10
wyoming,Folding Chairs (two),01313_36cj7GOszHs,5
wyoming,Beautiful Oak King (or Queen) bed w/ frame,00101_lr5b4r1IibW,175
wyoming,CONSOLE AQUARIUM,00P0P_1FYvZZysBna,
wyoming,moving sale,00H0H_363qWG0VJ5d,
wyoming,Brand New Custom Table,00a0a_eAHaPqAn7Jz,625
wyoming,Lucite Coffee Table,00b0b_HAMNwkzWzy,115
wyoming,4 black seat cushions,,10
wyoming,China Hutch,00707_cFU7QhbcZQy,135
wyoming,Misc. Furniture,00M0M_dCcWVGZaeni,50
wyoming,Like new office swivel chairs,00R0R_jwqUTY3PTPn,100
wyoming,Ikea Poang leather armchair and ottoman,00A0A_8zmph9mxqH4,100
wyoming,Shabby Chic Vintage Table,00W0W_81N5uuAyMVL,50
wyoming,Vintage Patio Table Chairs with New Umbrella,00o0o_xh77ThVecn,75
wyoming,Shabby Chic Desk/Table Chair Optional,00y0y_8fK4JbsfdGr,45
wyoming,Vintage Repurposed Ladder Back Chair Bench,00c0c_gwLZYuH45TL,60
wyoming,Gaming chair,00000_4EaKTi5lfW8,20
wyoming,Simply solved hair appliance oganizer,00101_g5kFMpqS4O2,20
wyoming,Large Brenton glass-top computer desk,00808_7NSq4lx39fH,100
wyoming,Leather lounger,00A0A_eqD7kq57s9c,50
wyoming,TV stand and old CRT TV,00909_9fVsNJ7SbGh,25
wyoming,Pullout couch,00t0t_6SiciqW1PMb,140
wyoming,Thomasville End Table with single drawer,,20
wyoming,Bunkbed/dresser/computer desk/storage all in one,,325
wyoming,Glass and metal modern desk,00k0k_jqJfjMqe69t,40
wyoming,Moving Sale,00A0A_lh8T2P6c4ym,
wyoming,Living Room Furniture,00K0K_3REQBquryOG,1400
wyoming,Full size bedroom set,00Q0Q_b3tFQ28VAU9,275
wyoming,Vintage Brass Fireplace Fireset Tool Set,00d0d_cOIo0BJ5jXh,30
wyoming,Dining room table,01313_jejVqjHgeJT,150
wyoming,Shabby Chic End Table,00P0P_4dxW1274cjP,25
wyoming,Solid wood bunk bed,00W0W_43u8uz589K8,250
wyoming,Couch For Sale,00M0M_jc8WMQ2vfrY,325
wyoming,Custom Made Barn Doors,00202_gD8Ru0K9oo9,300
wyoming,Armour,00W0W_2O2bzi3WM8e,300
wyoming,Comfy Futon,00101_8Jwrh1CzdOn,100
wyoming,Solid Oak Dining Room Table w/ extra leaf & 6 chairs!,00K0K_hOoQfNdv68V,125
wyoming,Like New Edwards Lift Chair,00606_eVtaN7ShWTY,500
wyoming,Like New Medline Motorized Hospital Bed,00R0R_ktMpPKhXJEV,500
wyoming,Teddy bear lamps,00d0d_hefDF4cQmk4,15
wyoming,Futon,00w0w_3p7siEofM95,130
wyoming,Queen size gel and memory foam mattress,00h0h_5fk4MLAbMfe,399
wyoming,Ikea table and chair set,00P0P_7sQaJWfT0Wd,100
wyoming,Farmhouse Style Rectangle Table,01010_4VNmmhjbbKy,20
wyoming,Vintage Book Case Real Wood,00404_hcBVxIY03jp,20
wyoming,Buffet Table,00W0W_f1lFH92dhZu,35
wyoming,couch and chair,00T0T_aU0Ju37wBG7,
wyoming,"Couches, tables, furniture etc",00z0z_hzLTR4X74Qm,300
wyoming,Desk with top,00l0l_7zTERWOViju,65
wyoming,OAK TABLE w/LEAF and SIX CHAIRS - VERY NICE,00p0p_3X2tcqYVgnc,200
wyoming,"Cute cream colored metal end tables, 2 plus glass top",00W0W_ggYE86PbYKP,50
wyoming,TV stand,00000_3zRn7iENmlT,20
wyoming,Stunning Wrought Iron Coffee Set & Matching Bar Stools,,895
wyoming,2 Tier Desk,00b0b_1y0lYOH9ATs,50
wyoming,3 dark glass shelves tv stand,00i0i_kgBWfbRP64R,55
wyoming,Furniture,00e0e_gmzQnxWt3KS,599
wyoming,Oak Barrister Bookcase,00d0d_gYLCLql9lhB,350
wyoming,Heritage Mission Wood Arm Futon,,30
wyoming,Vintage 1970s Repurposed China Hutch Cabinet With Glass Shelves,00X0X_g9WE4U0TMxd,800
wyoming,Patio Furniture for Sale,00x0x_8hRgcF8JdCQ,100
wyoming,Patio Furniture For Sale,00404_3RdPLtCbHD7,100
wyoming,country cottage coffee table,00h0h_4WYigSFb5UO,100
wyoming,3 piece dresser set,,60
wyoming,1880s hand crafted. Coffee table,00s0s_cI0Mr7SC3go,600
wyoming,Bed Frame - Queen,00L0L_4CpMyX8jssh,150
wyoming,Beds for sale,00M0M_8UPAiUJwNfI,30
wyoming,Solid oak dining table & six chairs,00c0c_7HQBNGGxqdQ,750
wyoming,Conservatory Grand Piano,00x0x_6jsDowdmtHf,11000
wyoming,Glass Coffee Table,00P0P_iGW8g1xtVs6,25
wyoming,William Switzer Contemporary Mid Century Modern Stone Dining Table,00e0e_eYJonBTtr2z,7500
wyoming,TV Stand,00i0i_kIbqmE0ZaqJ,50
wyoming,Shabby Chic Antique Desk,00T0T_4kpiW0S8JzB,150
wyoming,4 Counter height barstools,00w0w_1chR6yd4vyX,200
wyoming,8 ft cherry conference table,00D0D_i2z096hgukK,300
wyoming,Decorative urn,00D0D_6NjtAOgBj03,50
wyoming,sewing machine cabinet,00T0T_8vBTBJygCM9,25
wyoming,Grandfather clock,00o0o_bIEIwlyW0G6,800
wyoming,Dining Room Table,00E0E_8SimMOndlpm,60
wyoming,Storage locker,00F0F_fOM7TxbPDIM,250
wyoming,Queen Bed with Antique Headboard,00w0w_6AgLCXP4ySr,200
wyoming,Folding Patio set,00x0x_6R30ZKXxmPc,75
wyoming,Ethan Allen Entertainment and tv center,00g0g_6WUMNRFFwkA,145
wyoming,Full size bedroom set,00Q0Q_b3tFQ28VAU9,275
wyoming,"Love seat, chair and ottoman",,25
wyoming,Dining room table with 4 chairs and bench,00303_kkoLqsdmESU,399
