fairbanks,Boflex,00H0H_51pULHETtig,700
fairbanks,Chair and table,00Y0Y_cDPDTfln5BG,20
fairbanks,Wooden Rocker,00v0v_am1QzFYlNXL,95
fairbanks,Dining Room Table,00P0P_49tSwztWgvN,650
fairbanks,Table,00w0w_lKZFiWgpusz,50
fairbanks,Massage table,00u0u_hxqYDQAgfq9,75
fairbanks,TV Tray Tables with Stand,00101_5gBNA9J6SKk,30
fairbanks,Metal Coffee Table,00Q0Q_kvOT9sYqalv,75
fairbanks,New Fireplace stove Alvesta,01212_26qxbkZ71ak,1790
fairbanks,Padded folding chairs,00808_bgCTOKwOmHt,20
fairbanks,Rare Cessna Wood/Metal Dresser,00000_2q12OPFO3qb,160
fairbanks,Queen size canopy bed frame,00j0j_jd4i03o63Mq,350
fairbanks,Roll Away Double Bed,00q0q_lssY1jeKbse,75
fairbanks,"4' Padded Bench & Queen, Twin Beds-Dressers & TV Stands More",00c0c_63CskR7Z4Fi,1
fairbanks,Safety Rope & Harness for Cleaning roofs or other jobs (Like new),00N0N_8cr5dm8bbwh,85
fairbanks,Childs Rocker w/doll (Solid Oak),00P0P_dXfMKAuQh6g,75
fairbanks,Cherry Colored Jewelry Stand,00F0F_2ceuArU1Lel,65
fairbanks,Desk with Hutch,01616_ajGGPNHLAjk,200
fairbanks,Wicker chair and footstool,00n0n_b8LIqGZbHwr,35
fairbanks,Lots of Artwork (Like New),01111_dyPhshXFXI1,
fairbanks,"Italsofa (Natuzzi) swivel leather chairs, showroom condition",00z0z_alB8nW8S6FV,425
fairbanks,Beautiful dresser&night stands,00R0R_8dC1JUi0bhP,550
fairbanks,Queen bed set,00M0M_8SichvAUHnm,2900
fairbanks,"Like New,,, Love Seat no kids, no smoking. Ever.",00Q0Q_5WZ8nWDrsHL,370
fairbanks,Military Low-Boy Dresser,00k0k_lqVgp1jXP1k,250
fairbanks,Computer desk $75 OBO,00U0U_5VoROzAzaEv,
fairbanks,Dresser and end tables,00909_k1kCthao7XH,200
fairbanks,Neo- Victorian couch,00r0r_5Cs3JRRxL1D,400
fairbanks,SMALL OAK Bar Table w/2 Chairs (Heavy Duty),00o0o_adRQYwRqTNM,175
fairbanks,Quality Crib Mattress w/mattress pad,00n0n_9uLS1Fz4R7w,30
fairbanks,Tall Black Bar Stool (Like New),00O0O_5vAe95d5y1n,45
fairbanks,3 TALL BAR STOOLS,01414_aNnDWn2ADLd,150
fairbanks,OAK Sewing Cabinet or Desk& Sewing Chair w/cushions,00v0v_865G9NeAXl2,125
fairbanks,Dresser & Matching Night Stand,00R0R_ji1p4DvQ6l9,250
fairbanks,Solid Wood Futon,,70
fairbanks,Massage Table,00q0q_c6DwkuNBqj8,160
fairbanks,Turkish are rug 7'x10',00S0S_c6pqE5Kyoak,
fairbanks,Hill-Rom Mattress,00L0L_inifBX9XVY7,25
fairbanks,"4' Padded Bench & Queen Bed, , Twin Beds-Dressers & TV Stands More",00909_3uhTlPJ4ttL,1
fairbanks,MAPLE Drop Leaf Table w/2 chairs,00M0M_bjd14st77De,200
fairbanks,Queen bed w/metal frame,00a0a_7kr7siprgOi,350
fairbanks,KING Posturpedic Bed w/metal frame,00L0L_flVCVMOkRKB,300
fairbanks,Plush Office Chairs,00707_A7z1PeHi5o,40
fairbanks,Used quality furniture,00L0L_kQjaMoyFzCM,1
fairbanks,Oak & Brass (Solid Base) 3-way Lights,00B0B_6nQMNOvLXlj,50
fairbanks,"4' Padded Bench, Queen, Twin Beds-Dressers & TV Stands More",00909_3uhTlPJ4ttL,1
fairbanks,Childcraft Wood Table w/folding chairs & 2 more regular childs chairs,00808_j2grYumn1jI,75
fairbanks,UNDERBED Storage on wheels (Toys or Clothes),00R0R_7x7UCLHfXdL,75
fairbanks,Queen Memory Foam Pad,00101_hwBAa4TGvSG,75
fairbanks,TV STAND for any size OBO,00M0M_gLaOB59DqO5,50
fairbanks,Bookcase,00404_d6nMLZdACwn,75
fairbanks,Posturpedic CLEAN SEALY QUEEN Mattress & Box Spring w/metal Frame,00G0G_abokhes9ktH,450
fairbanks,Mink Blankets,01212_l0RSyW0sKVr,45
fairbanks,"Queen, Twin Beds, Dressers etc. ****SALE by calling for showing",00o0o_adRQYwRqTNM,
fairbanks,Now $150 - SMALL OAK Bar Table w/2 Chairs (Heavy Duty),00o0o_adRQYwRqTNM,175
fairbanks,Bar and Stool Set (Unassembled),00v0v_6dCpdKLTDAa,150
fairbanks,Media Cabinet,00L0L_7TlUlqXrbH0,150
fairbanks,Huge 8 drawer dresser with mirror,00000_5pl3OsIc90x,200
fairbanks,Vintage Stained Glass Table top Lamp,00Y0Y_494jTMrG1Da,40
fairbanks,small couch,00z0z_iIlxlFJi82B,75
fairbanks,mattress and box,00L0L_hz8cpS7SEdk,100
fairbanks,Safety Rope & Harness for Cleaning roofs or other jobs (Like new),00N0N_8cr5dm8bbwh,85
fairbanks,Maple Drop Leaf Table w/2 chairs,00C0C_6OXxVlTOWpp,200
fairbanks,Oak Dropleaf Side Table,00303_hhfyDXbw5Qj,125
fairbanks,NOW $200 - ROD IRON - Kitchen Set Painted chairs on both sides,00Q0Q_1wABPWT5k1L,250
fairbanks,"Oak Desk 54"" Long w/drawers (Good Sewing Table)",00909_3uhTlPJ4ttL,125
fairbanks,Coffee Table or Whatever you need it for.,00T0T_2CEdNXLhfXX,100
fairbanks,UNDERBED Storage on wheels (Toys or Clothes),00R0R_7x7UCLHfXdL,75
fairbanks,3 TALL BAR STOOLS,01414_aNnDWn2ADLd,150
fairbanks,Posturpedic CLEAN SEALY QUEEN Mattress & Box Spring w/metal Frame,00G0G_abokhes9ktH,450
fairbanks,Mink Blankets,01212_l0RSyW0sKVr,45
fairbanks,Black & Brass Coat Rack w/marble base,00A0A_ix7xxofde2d,65
fairbanks,Desk,00b0b_g7SYeaMQIrK,150
fairbanks,Table with 5 chairs and 3 bar stools all matching,00U0U_7mjJk6ocMnk,600
fairbanks,Futon Metal with mattress full,,75
fairbanks,Water's Edge Painting by Marilyn Simandle,00r0r_lNefffawoKm,1
fairbanks,Landscape Oil Painting by Artist named Joseph,00O0O_gv2xIsAFruA,1
fairbanks,Framed Ship Print,00W0W_7l3CnRoddk6,1
fairbanks,Rare Dale Earnhardt Bar Hanging Picture,00w0w_bXQEUUQHqZp,1
fairbanks,Landscape/House Oil Painting by Artist Named Jackson,00N0N_5iH2iMIVgBL,1
fairbanks,Entertainment stand,01515_6Blvtdr3nsR,65
fairbanks,"Coffee table, from Nerlands",00P0P_bFItnx24neX,125
fairbanks,MATTRESS/ ENGLANDER SINCE 1894/ COMFORTABLE,00606_65W6gUKgUHF,250
fairbanks,Computer Armoire (solid wood),01212_de38FKQAFH2,200
fairbanks,Moving Sale. Rocker/Recliner. 4 months old. Like new,00f0f_eIRULzneJMB,300
fairbanks,2 person dining table,00Q0Q_eDiM5FGJYBV,150
fairbanks,Dressers ...,00x0x_8VmXf1rsAgM,1
fairbanks,1960's Dresser,00505_iTVRjNSrcDO,195
fairbanks,Vintage style nurses station,00101_1khqCGg9nEy,
fairbanks,Dining table and chairs for sale!,,120
fairbanks,Camel back trunk,00v0v_j1Kc9WcJXg3,500
fairbanks,King mattress and box spring,00f0f_8f7hgMEplQ3,300
fairbanks,Dining room table- like new condition,00L0L_dJIroLqZhA5,125
fairbanks,PAIR of END TABLES,00x0x_9vTfVwiuJg4,75
fairbanks,TV STAND - Reduced,00x0x_dvjdoi4tSWR,50
fairbanks,COFFEE TABLE - Reduced,00V0V_fH5GLnKJPyf,40
fairbanks,DRESSER,00h0h_8XtPrSRwxqL,50
fairbanks,NIGHTSTAND/END TABLE/BOOKCASE - reduced,00f0f_gxYsWkHVfM6,25
fairbanks,FABRIC LOVESEAT,00I0I_domJXn19ltX,75
fairbanks,ROLL TOP DESK - Reduced,00404_i3av5XwBznR,50
fairbanks,Dining room table for sale,00404_5LJLXfbsG4l,800
fairbanks,SWIVEL CHAIR FOR SALE,00v0v_8biR0DS20rl,150
fairbanks,Artificial Christmas tree,00A0A_fccYoQGSflD,39
fairbanks,Love seat - dark gray,00o0o_8xGAXz8EBdj,500
fairbanks,Quality Crib Mattress w/mattress pad,00n0n_9uLS1Fz4R7w,30
fairbanks,$100 - OAK Sewing Cabinet &  Sewing Chair w/cushions,00V0V_aGpO7q9JHCE,125
fairbanks,Tile Top Dining Table,00t0t_kyDg7CQlq6s,30
fairbanks,Homestead Hutch,00X0X_ZdnqDEBNIH,150
fairbanks,WOOD STOOL for sale,00D0D_cmjIXKnqI59,30
fairbanks,Solid Oak Table,00g0g_exjs2gGHO9E,300
fairbanks,3 piece bedroom set,00202_dqJSAjF9UlL,1000
fairbanks,Arctic Entry Unit,00101_kT436rJbdVx,40
fairbanks,Mink Blankets,01212_l0RSyW0sKVr,45
fairbanks,Drop Leaf Table w/ 4 Chairs,01717_8my3BLKZjKE,500
fairbanks,tempurpedic California King,,1000
fairbanks,Shaker counter stool - cherry,00Y0Y_fyzuT5SfWyh,40
fairbanks,Shaker Rocking Chair-woven seat & back,00s0s_5rXTxM3HU3C,90
fairbanks,Desk,00303_6xQUTRdJFzO,50
fairbanks,Roll top desk,01717_kcgOvkV620p,175
fairbanks,"Very tall, good condition, spinning bookshelf",00U0U_7eXtpP5fu2m,75
fairbanks,Couch (Black),00w0w_cVYJSgMI5nO,500
fairbanks,Tan Reclining Couch with middle Console,00g0g_duzHuKqhBxa,150
fairbanks,Futon,00505_eHJPxDOLTsi,80
fairbanks,Solid Wood Spindle Back Bentwood Chair,00o0o_jugE0XyCRpZ,30
fairbanks,Couch and love seat,,900
fairbanks,2 Computer Desks,00I0I_8IPO4OTZKSR,40
fairbanks,Stuff for sale,00J0J_2KXfXNvbBmH,40
fairbanks,Dining Chairs,00O0O_k6HFYUSI2AP,60
fairbanks,Leather Conference Room Chair,00909_fGM8PrpH2Nw,119
fairbanks,"Elegant Lamp, heavy and sturdy.",00A0A_9DEJqPRkq1o,49
fairbanks,Korean Chest of Drawers,00V0V_krHNiF2Ch3M,500
fairbanks,Ottoman (grey) with amazing storage space. Excellent Condition,00z0z_62nqrjkOpuf,59
fairbanks,Wine Rack (dark mahogany),00P0P_9GGaViJmSWw,49
fairbanks,"Cube furniture (black), has storage capability",00v0v_hdAs0HP0oke,19
fairbanks,Night Stand with Drawer,00i0i_gVyVGeQEyBZ,10
fairbanks,tempurpedic California King,,1000
fairbanks,Living room set,00h0h_iCimXomK1EY,150
fairbanks,Armoire,00909_5AE48SNiHML,800
fairbanks,antique dresser,00t0t_fuZN0nbgUfQ,400
fairbanks,Glider Chair,00u0u_8iKM6C1ntvx,70
fairbanks,Pillow top queen sized mattress,,
fairbanks,Office Desks,00e0e_hJvVcsdkPGi,
fairbanks,Beautiful quality handmade pine cradle,00a0a_iBtzSWKcxyK,125
fairbanks,Quality heavy duty HANDMADE Pine Crib,00G0G_dk6yIbM7n2c,225
fairbanks,Queen Size Bed,00Z0Z_i75saNpVzVw,70
fairbanks,3 Lockers,00R0R_h8b1qEtsTKr,30
fairbanks,Table w/ 4 Chairs and 2 Leaves,00w0w_dpifDMQhtwt,200
fairbanks,Conference Table,00M0M_gU5JKCvaIab,150
fairbanks,Brand new matress and box spring,,400
fairbanks,Coffee Table,00q0q_3Ehau6uBNia,75
fairbanks,Twin bed,,100
fairbanks,TV or Microwave Stand,00c0c_ijOlA9NhKqc,20
fairbanks,Large Bookshelf,01616_jTgrhDhbbRK,40
fairbanks,Bookshelf,00K0K_7reTfGGZCSL,20
fairbanks,Entertainment center,00b0b_9wsR4noAKHX,30
fairbanks,Glass Dining Table,00N0N_8GlfthWIwjf,425
fairbanks,Writing Desk,00u0u_gUF452e2zR6,200
fairbanks,Used furniture,01212_8eZCVNEbMVQ,300
fairbanks,"King size""My Pillow"" matress foam topper",,300
fairbanks,China Hutch,00c0c_UhrspWjRck,50
fairbanks,End table,00d0d_211ZzcpIXMe,40
fairbanks,Armoire/dresser,00N0N_fr2WVZF1gwd,175
fairbanks,Buffet/hutch,00b0b_ff9TuAmTjUg,325
fairbanks,Coffee Table,00w0w_6wakDPODmSr,60
fairbanks,Desks,00404_gv2vOVzessH,10
fairbanks,Oak Entertainment Center,00X0X_eTTElpbJuF6,2000
fairbanks,50% Off Office Chairs,01515_c6Em2EAkMEe,
fairbanks,7 foot prelit Christmas tree,01616_lO9XPN0to9s,80
fairbanks,"Chair:: Ottoman"" For___ Herman Miller",00000_5HMvAk4zVVH,1015
fairbanks,Armoire,00Z0Z_5gOzEq1KBs4,100
fairbanks,Entertainment stand,01212_loDQmEMF9FP,150
fairbanks,Salon hair chain,00y0y_99za6l6Szr3,200
fairbanks,Coffee and End Table Set,00n0n_lRArIbdKU8m,60
fairbanks,Queen mattress and box spring,00j0j_mWQW332yQB,700
fairbanks,Lane End Table and Coffee Table,00707_28wrVZ53tYd,400
fairbanks,Nesting End Tables,00P0P_hpGaqAEVEwU,40
fairbanks,Microwave stand,00i0i_hIBlyWKmtD8,35
fairbanks,Oak armoires ( heavy duty ),00c0c_7qQcPb19mfL,100
fairbanks,Nice Round Table,01212_6K3f12ceQ2D,50
fairbanks,Dinner table and chairs,00r0r_jte0pZkC7sl,1000
fairbanks,Wicker sun loungers and cushions,00R0R_ye8XdqALK1,20
fairbanks,Loft bunk bed with stairs drawer unit and desk,,1500
fairbanks,Lamp set,00808_jFLsfcn2onu,20
fairbanks,Utility fan,00707_hBSBYrvwt59,35
fairbanks,Green File Cabinet,00T0T_7NVECwSQ62Y,20
fairbanks,Queen mattress set,00j0j_gVcvbXcndO,100
fairbanks,Glass and iron coffee table with 2 side tables,00A0A_iYD9MxUBd5P,100
fairbanks,Closet/Wardrobe,00P0P_b1V5HoKiJJa,60
fairbanks,Dining table with six chairs,01717_ohpcc0JiZg,450
fairbanks,"Dining table, desks, twin mattress, chair",00y0y_iDpr6y8fDt6,
fairbanks,Lane Double Recliner Loveseat,00303_n0YuX5g04v,400
fairbanks,Oak Desk w/ Lighted Hutch,00e0e_8wCNe3nGdU0,30
fairbanks,Kitchen cabinets,00A0A_4qWNntVswPc,400
fairbanks,Couch and storage compartments,01111_1gsIyLmNfXo,50
fairbanks,Tall Kitchen Table,00P0P_g0uQMFGF9uN,150
fairbanks,Brand new dinning table,00z0z_6MW3ij1QkMk,
fairbanks,Vintage pink vanity,00C0C_6wf0iaM49LC,200
fairbanks,Entertainment Center,01111_4Ftr7DTkJG7,50
fairbanks,LOTS of Office Chairs,01212_ackctG1AbQF,
fairbanks,Glass Coffee Table,00S0S_YGy9Fj3FKm,30
fairbanks,Solid Wood Office Desk,00909_9pilxhxQEZ6,100
fairbanks,L shaped wooden computer desk,00X0X_felVjU5svwb,200
fairbanks,Kids tredwood stairs/dresser,00x0x_4AotXqhdw98,200
fairbanks,Kids Twin Loft Bed,00j0j_4EeFNNL7BXs,250
fairbanks,Solid oak office desk,00202_71sOiiVsZnZ,600
fairbanks,Pretty Hall or entry wall rack,00q0q_8ApOGHJ8UFU,175
fairbanks,Beautiful round wood pedestal table,00r0r_9RkJA4zwmV9,100
fairbanks,Large TV stand,00k0k_joNzQafLYNk,175
fairbanks,Cocktail table,00e0e_bAHgM9Y2X7L,125
fairbanks,Large Shrunk,00K0K_94E3FLsjTU4,1500
fairbanks,Beautiful China Hutch Cabinet,00O0O_6faWM0dxY1o,650
fairbanks,Table,00C0C_k9NTmTcBi18,30
fairbanks,King Size Tempur-Pedic Mattress ($900 O.B.O.),00d0d_fjW8T2fO6kJ,900
fairbanks,Log Bears and Log Benches,00s0s_94w49yoFn5V,1
fairbanks,Moroccan type mirror and decor,00G0G_jtSmnTQeyMl,65
fairbanks,Beautiful China cabinet,00202_1Z4dmHT7NaV,425
fairbanks,Drexel End tables,00808_1QX6yKO5eXX,145
fairbanks,4 piece leather living room furniture set - Priced to sell,00B0B_9IPinPzZRly,700
fairbanks,"Queen mattress set, like new",00S0S_40La0rybcEJ,749
fairbanks,Used queen mattress and box,00s0s_5KIBau7T2w2,1
fairbanks,Dining room table,00404_cgRgf6BWbxx,
fairbanks,2 Bar Stools,00B0B_lF8ijXiEBoj,80
fairbanks,Kitchen Table w/ 4 Chairs,00S0S_agJkWyldZIE,400
fairbanks,Jewelry Armoire,01212_7yClJLtCt9q,80
fairbanks,DYSON DC14 ALL-FLOORS CYCLONE UPRIGHT VACUUM CLEANER FOR SALE!,00W0W_kbZCeKGmJVN,150
fairbanks,Beautiful wood circle table that comes with table extender,00L0L_3rMLkVeq2QY,200
fairbanks,All wood sideboard cabinet,00I0I_azvxXJmf40X,150
fairbanks,Set of 42 drawer/cabinet pulls,00E0E_3nYExWa4ccd,50
fairbanks,Kitchen Cabinets - Full set,01313_anOKab8ip2y,975
fairbanks,Lamps,00E0E_kkdL8ICp0HB,15
fairbanks,TV stand/ entertainment system,01313_i8c1ZFSdGng,200
fairbanks,Coffe table set,00O0O_gLZVV3XposD,75
fairbanks,Table,00S0S_55bB1htwUFc,60
fairbanks,Bookshelve,00t0t_aDJILah4tsd,100
fairbanks,Bedside Table,00d0d_eJHo0ThO4yk,40
fairbanks,Queenside Bedframe and Memory foam Mattress,00r0r_2mZVucLGfNb,350
fairbanks,living room side table,00S0S_iBEP4ovpU6K,100
fairbanks,Ergomotion Adjustable Bed,,1700
fairbanks,Nice Dining Table with 4 chairs $100,00W0W_cja9zjmwE8y,100
fairbanks,Glass desk,00q0q_kltaPLaVDq9,150
fairbanks,moveing soon must sell make offer,00l0l_kshWDAPmLFE,100
fairbanks,Office Chair,00v0v_d4C9kLvtTnN,15
fairbanks,SINK VANITY-PREGUSUS-31 INCH VANITY TOP,00P0P_gULpesX7vOs,100
fairbanks,OUTDOOR FURNITURE,00f0f_eHTz6npgheh,400
fairbanks,SINK VANITY-PREGUSUS-31 INCH VANITY TOP,00P0P_gULpesX7vOs,100
fairbanks,Queen Bed Set,00R0R_idl6hajniiy,650
fairbanks,Kimball Entertainment Center,00Y0Y_78ChhpWzNiu,100
fairbanks,Beautiful oak computer armoire,00x0x_fESwHrjFkv6,225
fairbanks,Hudson River Inlay Mirror - Rosette,01010_enLKkvjDC1U,300
fairbanks,Twenty Restaurant Tables,,45
fairbanks,Twin Mattress,00404_9V78MjahO0l,100
fairbanks,Glass end table,00w0w_bMRDfeBkziG,30
fairbanks,Clock,00W0W_5xnX9yg1Gg2,40
fairbanks,CHINA CABINET,00z0z_eKOLW31UzUC,350
fairbanks,Wood/metal desk set,00707_b9vvS41jJZJ,250
fairbanks,Metal and Plastic Folding Chairs,01111_g99L9hz9rSQ,10
fairbanks,Dinning room table and 6 chairs.,,350
fairbanks,cherry wood mantel w/electric fireplace,00J0J_gQ9axX0yNgl,200
fairbanks,Retro lamps,00z0z_gDngfEHfNdb,25
fairbanks,Wall Storage Unit,00P0P_fJfCYZsMnQE,275
fairbanks,Coffee Table,00y0y_3TS0Uk19B5M,50
fairbanks,Twin Bed Frame with Maple Head and Footboard,00n0n_gKvdQhcQi1m,80
fairbanks,5 Drawer Chest Of Drawers,00K0K_3imTwZ4cP5Y,135
fairbanks,Stationary Office Chairs,00M0M_kcq3TUuHt3r,30
fairbanks,Small Sectional couch,00o0o_hvzO7EFmUg0,
fairbanks,TV mount / Glass Shelf Stand,00T0T_9iCmg18AbWB,30
fairbanks,"Mattress,  box spring, frame",00808_1baHlti1sAV,70
fairbanks,Sofa with seat; Vacuum cleaner,00R0R_7pgCLn2pwSB,
fairbanks,Solid Wood Bookcase,00I0I_buPh26Kg5qk,60
fairbanks,Unique Wooden Chairs,00404_7fO1RuWBTsA,30
fairbanks,Mini fridge,00L0L_edLLkMtanut,20
fairbanks,"Sofa, love seat, recliner",00T0T_39EGvfUe7Le,800
fairbanks,"Reclining sofa and Love seat, your choice of upholstery",00P0P_MXcYrgJSv3,1900
fairbanks,Queen Bed Set,00R0R_idl6hajniiy,650
fairbanks,Entertainment Center with Raising TV,01313_25zXKD9cBaS,280
fairbanks,Dining Table,01010_aqxmiuk9aYZ,200
fairbanks,Quality used furniture,00L0L_kQjaMoyFzCM,1
fairbanks,Antique Desk,00u0u_eLD0fKzgRyR,100
fairbanks,Oversized ottoman,00404_6neAxi7WJUI,45
fairbanks,Dining table Chairs,00T0T_e5iy7aWtQT5,45
fairbanks,Kids twin wooden bed with mattress,00b0b_5ZG7HCT1UDa,175
fairbanks,Electric Baseboard Heater 750/1500W,00n0n_hZdpAqx6oCG,39
fairbanks,Nice couch,00Z0Z_dCj2aJ6kEg9,100
fairbanks,DVD WALL MOUNT,01616_fu1MGshYjdg,20
fairbanks,4 bar stool,00d0d_3ISuNQKMfKb,60
fairbanks,Black electric reclining couch,00000_lpW5fuMpK4c,250
fairbanks,Beautiful solid cedar king size bed set including in tables,00s0s_7kOjrWsYIzg,
fairbanks,misc estate sale furniture  couches chairs desks dressers,,1
fairbanks,Office Desk,01717_hP9M3VdrmGk,90
fairbanks,Round Table with 6 high back chairs,00V0V_hi4ZhrstFaO,875
fairbanks,Log cabin Hat or coat rack,00p0p_dP8MvQWDKAE,77
fairbanks,High Quality Wall Unit / Hutch,00A0A_54gzmg0Ayz3,1500
fairbanks,Sofa w reclining sides,00U0U_gOvoNvfU4bW,300
fairbanks,Lots of furniture,00J0J_8cJJ55TNPjP,1
fairbanks,Brown Leather dual recliner couch for sale,00Z0Z_kLJuvfSbA8i,600
fairbanks,Office desk,00k0k_4qwizW2Miwv,100
fairbanks,Furnature set complete or seperate,00d0d_lF9H7Hyd5kz,600
fairbanks,Industrial carts,00l0l_cE7xWMXiPl0,195
fairbanks,Four vintage metal beds,00909_bmrNZKaELLZ,200
fairbanks,new never used hospital bed (OBO),00M0M_fpSV1hpztEn,200
fairbanks,12 Light fixtures,00P0P_bzCeChs11V1,350
fairbanks,Queen Bed Set,00R0R_idl6hajniiy,650
fairbanks,Chair,00606_a0xx3b3c8QD,5
fairbanks,Hutch for Sale!!!,00N0N_2WV4kMXwE6x,300
fairbanks,Tempurpedic queen mattress,,500
fairbanks,Solid Metal and Glass Shelves/TV Stand,00505_c6cxzkYw7sk,40
fairbanks,Tv stand,00k0k_2xzcxlh2Wey,20
fairbanks,Hutch,01111_6sRJLxWvngE,250
fairbanks,TV Stand,00I0I_hX0BbZtbRXP,50
fairbanks,wooden table,00v0v_f9vlFaUg5zK,50
fairbanks,furniture,00S0S_2J3YAmKKpCB,50
fairbanks,Lazyboy love seat: twin size pull out bed,00d0d_kD0JUVAI4Pr,175
fairbanks,Natuzzi Couch Sage Green,00404_cZMpoOXHQ0j,1000
fairbanks,Bedroom set,00y0y_4s4j9W3QoqB,1500
fairbanks,Nice Office Chairs,00909_2unnxWdMn5k,50
fairbanks,Thomasville Chairs,00z0z_fJZSsvRgPUa,40
fairbanks,furniture,00n0n_fD59ImloUZF,15
fairbanks,Queen Bed Set,00R0R_idl6hajniiy,700
fairbanks,Twin bed with drawers,00a0a_lfRR6DzLgkp,150
fairbanks,Vintage kitchen cabinet SALE,00J0J_bJuxeWfPC05,145
fairbanks,Leather Couch,00909_c4M07BEQ4B4,150
fairbanks,massive table with 8 leather chairs,,1
fairbanks,Amish Sleigh Bed with mattress for sale.,01414_aDTeM4dtqvx,1200
fairbanks,3 pc Antique Bedroom Suite,00101_lCyP0C2AvCg,1000
fairbanks,Queen Bed Set,00R0R_idl6hajniiy,750
fairbanks,1950-60s wood desk/ office organizer,00e0e_kdEza2na2Ha,155
fairbanks,grey window,01616_5RekilTlDFF,118
fairbanks,Black computer desk chair with wheels,00G0G_la9LxkCyHdt,20
fairbanks,Metal patio table / outdoors table,00N0N_frxsw2Eaig7,20
fairbanks,Swivel barstools,00p0p_dEzlOs0SqS7,20
fairbanks,futon for sale,00C0C_hPANimvMJyy,125
fairbanks,Patio furniture,01515_95wFZX6I9rA,200
fairbanks,"Pair shaker five panel back chairs, very old and unfinished",00404_eDPLaEYuuAk,200
fairbanks,Queen Bed Set,00R0R_idl6hajniiy,850
fairbanks,"Dual recliners, matching pair- like new",00c0c_hQxmY6qokAo,700
fairbanks,Bed Headboard and Frame - Full,00N0N_8ztDSQ8gTV1,75
fairbanks,Office Desks,00p0p_jguNpkEmMZy,500
fairbanks,TV Stand,00o0o_kNb13iVtDjo,100
fairbanks,wood futon and a hutch,00W0W_adQR7aKav4X,250
fairbanks,Bedroom Set,00202_iO4pQf2XNtf,1400
fairbanks,California King Size Bedframe,,400
fairbanks,Message Center/ Entry Piece,00P0P_2wVlWOs58Q5,265
fairbanks,Dresser / Changing table,00b0b_8BMyNOOTOxz,95
fairbanks,Entertainment Center,00505_bg8tEx6wbfS,40
fairbanks,Room Divider leaded glass & oak,00I0I_jgHWhASIjsa,300
fairbanks,Authentic Mexican Desk,00g0g_d6RfHtSPBVR,350
fairbanks,Dining Room Table,00P0P_49tSwztWgvN,650
fairbanks,Fireplace Mantle,01010_3RLGhir7tB3,200
fairbanks,Twin Roll-Away Bed,00G0G_kWDdBtaAjo5,100
fairbanks,Oak Bunk Beds,00U0U_aFPl3Wbi5KE,200
fairbanks,3 Large Sofa Cushions - BRAND NEW,00505_7thDR807hLY,25
fairbanks,Quality Furniture For Sale & Rugs,01616_cQtb7NRZQze,
fairbanks,Princes twin bed step 2 &toddler white cage & office chair pink color,00202_8ijduwJgq1B,350
fairbanks,Striped Arm Chair,01010_i4KxmhBnjwo,70
fairbanks,Used furniture warehouse,00o0o_1XfaiTG2ZPg,
fairbanks,Wine Rack (hand forged steel),00n0n_fEd6hqMw8Fc,325
fairbanks,Household Goods,00707_g1Z6O9ExmDr,1
fairbanks,Reclining sofa,00K0K_izHFgKXVs9T,500
fairbanks,Queen Mattress and Boxspring,,
fairbanks,Custom 1-of-a-kind rustic dining table and chairs,00R0R_fDtbaeoumg0,2000
fairbanks,Solid Wood and Metal Desk,00h0h_ecjW6eWZSt9,85
fairbanks,Office Chair,00j0j_568k6zASi8A,15
fairbanks,Bar stools,00u0u_ioKcxdKw5QU,120
fairbanks,Patio table and chairs,00C0C_bEMJEYhSd35,80
fairbanks,Leather Couch,00909_c4M07BEQ4B4,150
fairbanks,"Bed frame, dresser, and stand up dresser",01414_3wO8OfuK1De,500
fairbanks,Moving sale,00X0X_7G4CXRnUts2,20
fairbanks,Bar stools,01616_Ie2ofLvbpQ,25
fairbanks,Office Chairs,00s0s_6BR5j9GCCcM,30
fairbanks,100 yr old dining table,,100
fairbanks,100 yr old dining table,,100
fairbanks,Sectional,00X0X_ajmkeDN9sev,200
fairbanks,power recliner couch and love seat set- Very Nice!!,00303_c6A3TkmP2OO,800
fairbanks,Wheel Chair Climber Garaventa,01010_5d20kXFnMZX,2500
fairbanks,8 gray leather dining chairs,00o0o_78cS1wI2L56,100
fairbanks,7'9 x 9'9 Wool Rug - Brand New,00n0n_657sCKkJ3v8,375
fairbanks,QUEEN Pillow Top Mattress,00O0O_7uiAwuypL8m,500
fairbanks,BEDSET w/Leather-Padded Headboard,00000_idWQVzMslH2,220
fairbanks,Full XL box spring and metal frame,00L0L_EIhH9fSm5p,60
fairbanks,Coffee table glass,00E0E_ibCgHjsjxkm,125
fairbanks,Dining Room Set,00D0D_8HlZOCH5OWf,225
fairbanks,Bar Stools,00f0f_hhbzyMpDVKj,75
fairbanks,Brand new leather office chair,00a0a_169TD1R5Ams,180
fairbanks,insulated window blind,01414_fFhRn8uQdxs,
fairbanks,2 wooden chairs,00404_l4b6r4dX1Zp,
fairbanks,Old Bankers Style Roll Top Desk,01414_mZz20qp1vZ,600
fairbanks,two new wooden bookcases,00k0k_8XsSDAOcHs8,100
fairbanks,Brand new king firm mattress,00e0e_7WUQ7r6h7I7,500
fairbanks,IKEA Pine Dresser,01212_k6Ts77YRdvg,125
fairbanks,"Very clean, firm, comfortable queen mattress",00707_1QMSAkmRcuM,200
fairbanks,"Bed, recliner,rocker",00j0j_dQKTYzqYdp1,170
fairbanks,Convertible Crib with Toddler Bed Conversion Kit,00W0W_jWiV49nI7bx,325
fairbanks,LAMP CLOSEOUT SALE,00f0f_6jjXpM8CtGU,10
fairbanks,Cuved Front Dresser,00z0z_lumTauhQy8y,200
fairbanks,Speakers,01313_99o7LLTf6JO,7
fairbanks,Silver clothes hanger,00r0r_lUuo5d7bff3,
fairbanks,Black fan,00303_aqFWAgaAbbS,10
fairbanks,Wooden Clothes Basket,00C0C_8k2ATaNqlNp,10
fairbanks,IKEA inspired drawer,01111_5fVIJQ8t3Wh,40
fairbanks,DORM Privacy Curtain,00Y0Y_4xPID0rBu2R,150
fairbanks,Large Wicker basket,00w0w_8pgsineYvCe,20
fairbanks,"OFFICE Furniture, lg. desks and several chairs",,
fairbanks,Oak butcher block table,00x0x_fvmfC2gbY9e,50
fairbanks,Pier 1 nightstand/ drawer,00j0j_9CEjsKhdVLK,75
fairbanks,Custom Poker Tables,00A0A_aQdfTKvu0Oz,750
fairbanks,Full Size Bed,00505_2EAx0sMsVzC,500
fairbanks,Dining Room Table and five Chairs,01212_aFJO3GS1Tfw,100
fairbanks,Two End Tables And A Coffee Table,00D0D_hG3Y81bLc1z,100
fairbanks,Reclining Chair,00q0q_lDVPv97g380,150
fairbanks,Tv stand,00K0K_bEFCgbo4Rs0,99
fairbanks,King Bedset/ Dining Roomset/ Coffee End Tables,00x0x_6TdCdUUR2nw,2000
fairbanks,Lamp brown tree torchiere $20,00d0d_fUXGYdbG4pW,
fairbanks,love seat and other goodies,,15
fairbanks,Grainsack-Striped Dresser,00505_cE9r8cwV9iX,275
fairbanks,$50 PFD Furniture Sale!!!,00K0K_hjW7qHGyGy2,50
fairbanks,Commercial Office Desks,00R0R_es31ugopZJA,1
fairbanks,Tables and night stand,00x0x_8Fx4oEGgQ4s,30
fairbanks,hoosier from 40's,00X0X_ehSHjbphf0c,1200
fairbanks,Swivel Bar Stool,00y0y_XzVpypEN6I,25
fairbanks,Nice colorful picture,00Z0Z_7KnsLI0o71i,15
fairbanks,Large armoire- dresser,00F0F_eEcJY8Q4q6K,275
fairbanks,Chairs for Kitchen - Dining,00T0T_9nwt4kC12ou,40
fairbanks,Dining table with 4 chairs,,220
fairbanks,Large office desks,00S0S_gBwCCyYMv5Q,60
fairbanks,Furniture for Sale,00X0X_ip9lWGOkT4G,
fairbanks,Rocking chair,00A0A_3lYbBFN6ZdK,25
fairbanks,sleep number bed M7 Series,,3000
fairbanks,Desk,00J0J_i3fBdlN8Ua6,100
fairbanks,Beautiful Shelf/love seat,00K0K_l9a4inJuMfq,50
fairbanks,Moving sale,00f0f_1ZdJ33LltBP,275
fairbanks,Lf. Coffee tables,,100
fairbanks,Couches for sale,00a0a_iRuIL8PqvEy,40
fairbanks,"Executive Desk, 2 professional desks, receptionist desk, table",00303_6s9a9s0R9RV,1500
fairbanks,Entertainment Center Display Case Combo,00A0A_hTT1S0wok9f,125
fairbanks,Gently used couch,00101_heWOFLcUy0g,350
fairbanks,"Kids Tent Bed w/ladder, slide and tent attachment",00b0b_3XvWUlyNKk4,350
fairbanks,Bamboo table with glass top and 4 chairs,00s0s_kS6WgBiEJeJ,275
fairbanks,Dining chair,00O0O_1yLy7fT882G,10
fairbanks,Living room group,01212_bYM5XaVBu2f,450
fairbanks,Oakwood Interiors King Bedroom Set & Sleep Number Mattress,00b0b_4tj06N5CG12,5600
fairbanks,File cabinet,00Z0Z_4RhZ2bzVkuZ,15
fairbanks,Reclining Trio,00606_kt1bXNTF5Un,500
fairbanks,High Quality Danish Desk,00909_6zfEzVSNZmJ,950
fairbanks,Stanton Chair Recliner **NEW**,00808_icqzu7e5zWg,1100
fairbanks,Metal coat rack for small space,00n0n_4pT62sQnO3o,146
fairbanks,Slate and wood table,00p0p_fRI2V7Yd3J,200
fairbanks,IKEA furniture,00x0x_gg3KNUmCVlD,45
fairbanks,dresser,00H0H_gCgQDMlwo8B,50
fairbanks,3 Resin Anderondak Chairs,00n0n_jFt5GWVB6sm,30
fairbanks,4 Vintage Dining Chirs,00P0P_55xR2B9fjq7,225
fairbanks,Nice IKEA Tv Stand / Entertainment Center,00A0A_ki4iBpECDPS,100
fairbanks,Two chairs,00000_5BLT8f2cgix,75
fairbanks,Stereo Cabinet,00505_iLS6RrJDtKH,30
fairbanks,round coffee table,00J0J_jUYFRfuFsHr,70
fairbanks,Desk,00707_gRRmFHqVWZC,50
fairbanks,Futon,00T0T_fvb3BauOPXA,100
fairbanks,5 Drawer File Cabinet,01414_2sZlc3Y9Z5H,40
