keys,"KITCHEN TABLE, END TABLES, COFFEE TABLE, LAMPS AND MORE",00808_1K9sMn4KOJp,500
keys,John Richard mirror numbered and collectible,,987
keys,Leather recliner couch,00h0h_43FnfaCED4W,200
keys,Sofa seat,,40
keys,Desk and Chair,00W0W_cCn6ZRZos5a,75
keys,Move Out Sale - Living Room Furniture,00n0n_cbLsJeXNmjD,35
keys,Beautiful Coffee Table,00A0A_h8LTjCVIsWV,125
keys,Patio Strap Chairs,00d0d_3n7M0c0V050,40
keys,Small Entertainment Center,00202_7ddECWgT4hK,40
keys,9 FT MARLIN FISH MOUNT TAXIDERMY ðŸŒ…ðŸŒ…ðŸŒ…,01616_i2zKvThYcib,650
keys,Moving sale,00101_b9Zpq5B1zrm,
keys,"42"" SCULPTURE, CURTIS JERE",,1500
keys,"30"" Vases w/Dried Decor",00N0N_ipJgLFvHygP,30
keys,Display Cabinets/Entertainment Center,00u0u_4eycKFdLsPX,100
keys,Full/Double Mattress Set,,150
keys,Leather Armchair,00t0t_3N8m4CinGyW,75
keys,Bamboo Papasan Chair,00Q0Q_54cBK4MiLum,25
keys,Ikea Wood Swivel Chair,01616_340LqYTzNUR,30
keys,Armoire and marble top dresser,,200
keys,Statement Chair,01515_bQXTsLMfBd7,175
keys,NEW SOLID WOOD Cupboard Cabinet w Attached but Removable Ironing Board,00X0X_kbkZg6FEYK0,45
keys,NEW ARABIAN HANDMADE CARTHAGE TUNISIA BEAUTIFUL CASHMERE TAPESTYCARPET,00k0k_15Q7TFkfZKo,275
keys,"Ceiling Fan Light - Shaped Glass Shades 4"" Diameter *Set of 3* *NEW*",00i0i_frwfZRExvA2,6
keys,"NEW Handwoven Reversible Braided Hall Runner Rug 8ft 6""x 25"" BONUS",00j0j_bzOz6PWi9Gw,50
keys,Handwoven Ivory/Burgendy Reversible Oval Braided Rug 8ft X 6 ft BONUS,00C0C_4rFYsGjYpW4,80
keys,NEW Light Fixtures w White Screw 16 Inches Diameter for Hall etc,00C0C_aPw8s81uWg1,10
keys,Handmade Lace Lamp Shade 18x15 EXCELLENT CONDITION,00T0T_7qcxyDsOvQg,20
keys,Antique Dining Room Table SOLID OAK BRITISH 1910s + 4 Oak Chairs 1980s,00t0t_b89PmjM4GB,400
keys,Mattresses & Adjustable Base,00I0I_juFHX4lAxV0,250
keys,"Couches, Chair, Coffee Table, Bamboo Florida Room furniture",00707_jXFqQJGeZ2v,800
keys,Mesa color 2 sillas,00000_9iWOnpHZRSv,1
keys,Elliptical Machine like new,00x0x_cydcsGYGKsN,50
keys,Angelees Furniture Modern Styles....,00909_8nFfburTzgl,1
keys,Solid Oak Table with Four Leaves,00k0k_aD8xXivXizF,150
keys,Bar Cart,01111_9hnVHMvfZgw,40
keys,Wire Basket Drawer Units,00F0F_ee48AVIyosK,40
keys,Two Glass Door Cabinets,00y0y_aNOvo3A2KZW,90
keys,Glass Computer Desk/ Vanity Table,00l0l_1PiySEl9Rt8,100
keys,curbstone,00c0c_3Y4SvJERD82,80
keys,Kathy Ireland Brand Panel Mirror,00X0X_bRoHTYkjpP2,50
keys,Park Bench,01111_3tN6JXmsv9T,20
keys,Dining Table,00k0k_8z2M6TQXQzc,40
keys,Triple bunks,01111_dpNvEu1YQHH,40
keys,"GLASS TABLE LIVING ROOM, CHROME AND WOOD REDUCED TO SELL",00O0O_bP91Ioo2Gsg,40
keys,Lazy boy sectional recliner,00c0c_4DHUPuj259n,450
keys,Armoire,00909_bWtdVhE9KPm,50
keys,Jewelry Organizer,00B0B_eOaad5cYuIP,30
keys,Free couch to a good home,00k0k_aVB0kLqr3FK,
keys,Swingasan Swing Chair,00808_cO86TxMMLWr,250
keys,"Door Front, Side , interior  heavy wood doors",00303_iuRzPBBLfpz,100
keys,"Otterman, and Counter stools",00Z0Z_9UZeLgVYMIp,70
keys,White leather couch,00c0c_8rs9cgKvGSH,400
keys,Corner shelves,00707_fiAPJOUV1C1,100
keys,Gorgeous shelves; Computer Desk; Antique Chinese Sofa Table,00P0P_57NzhpmKp1N,150
keys,Mattress,00V0V_2iUXKRJJHP3,50
keys,Wicker desk and mirrors and chairs,00p0p_lNLaaufOSVk,299
keys,Shelves on rollers,01313_kg5xgllbqo8,450
keys,Sleeper Sofa (Queen) and 2 Electric Reclining Chairs,00b0b_gWR2Ydy3pzb,2000
keys,Wooden Chest of Drawers,00v0v_1stRxDBEbWv,125
keys,Teak Table,00U0U_7ABikpKFSOG,900
keys,Bunk bed,00l0l_bE9orMk7uQN,400
keys,Rocking chair,00l0l_dCVzeRdPUlh,75
keys,Mirror local artist,00V0V_a1EOtCwAbt5,125
keys,Headboard queen wicker Curved,00t0t_lgeBMpZN1au,150
keys,Coffee Table,00O0O_3ARtrXmdoCT,175
keys,Mirror Beveled Floor,00E0E_gRBCyiuc163,135
keys,Wardrobe entertainment unit,00M0M_9plFvwvlJmu,350
keys,Wall bathroom cabinet,00J0J_1H93VG8bf0t,25
keys,Arondack Chairs x2,00i0i_4TvLGWA2U35,350
keys,PULL-- OUT COUCH,00c0c_71Am4s6ACVg,100
keys,Mattress and Box Spring,00808_1KR9BtPS78L,150
keys,Sleeper Sofa for Sale,00H0H_jYfmKIGnTZw,75
keys,Pottery Barn Beanbag Chair,00O0O_bWorFXAdl85,25
keys,Comfy couch needs a new home,00f0f_59cmsgx3bz,50
keys,Queen COOL GEL Memory Foam bed set,00z0z_7RqRLv3DlCb,295
keys,Queen COOL GEL Memory Foam bed set,00z0z_7RqRLv3DlCb,295
keys,"Bamboo, Hypo-Allergenic Memory Foam Mattress",00p0p_1uDlnOctj2M,200
keys,Pillowtop Full size Bed Set*New in plastic,00l0l_5Jnd4mUE7uN,250
keys,Pillowtop Full size Bed Set*New in plastic,00l0l_5Jnd4mUE7uN,250
keys,"Pillowtop Full Size, Bed Set",00N0N_MR9f5E83DM,250
keys,"Beautiful, nice & like new",00W0W_4Gx6WDzU8tz,175
keys,Swivel  Bar Stools  (Counter Height),00505_82iu0Hwz7rE,75
keys,4 WICKER/SEAGRASS KITCHEN CHAIRS,00N0N_euOwhUNWNuN,100
keys,TABLE  GLASS TOP 3 CHAIRS,00b0b_k45AFsm107X,30
keys,TABLE  GLASS TOP 3 CHAIRS,00b0b_k45AFsm107X,30
keys,GORGEOUS TILE PATIO TABLE,00n0n_lVgTDbL9K7F,50
keys,RESIN WICKER PORCH SWING,00Q0Q_7H0BZ24Ab4w,100
keys,Corner Accent Table,00B0B_J6MlNdoMdP,25
keys,Kodak Easyshare G610,00F0F_fXT0crWK90,35
keys,Beige suede beautiful sofa,00T0T_7uAvFtPCR2c,140
keys,Black leather sofa,00606_lTPZ4Sdoenx,425
keys,Vintage Mid Century Modern Chair,00404_gvKhNMIegz6,375
keys,Purple hombre dressers,00000_ezKldnbMbPX,80
keys,Accent Table,00202_ejpd1cUeMks,35
keys,Pair of outdoor side tables,01717_dbLoKola0hu,9
keys,Nautilus Stationary Bike,00v0v_hgydZSsSLmG,50
keys,NEED HELP MOVING?,,1
keys,7ft vintage Wood Surfboards,00U0U_d5tGUACp6ed,300
keys,Coffe Table with parchment style world map displayed on the surface,00I0I_3R4MiEK5UqW,125
keys,Bamboo Swivel Rocker,00N0N_6WTCa4gCmeU,60
keys,Bamboo Shelf Unit/Entertainment Center,00w0w_3hGQRlXVANs,40
keys,BEAUTIFUL NAUTICAL COFFEE TABLE $75 OBO,00r0r_lTA1Z5h8Gl9,
keys,Two Twin bed with mattress,00C0C_5NVeEJWaSJ,200
keys,PULL-- OUT COUCH,00101_b9Zpq5B1zrm,100
keys,Antique Wood Mirror Beveled Glass - Wall,00I0I_bM27Saj64hh,30
keys,Bedroom Otterman Bench,00j0j_3qBcadubcLS,50
keys,"Outdoor patio chairs, table and foot rest",00W0W_dGqr00TmkSb,70
keys,Couch,00m0m_edu88LP1V6o,50
keys,Queen pillowtop mattress set,01414_jzMD6IPWocV,150
keys,ETHAN ALLEN Hepburn Sofa -- - $550 (Sugarloaf Key),00707_fOpIdps7XRG,550
keys,Queen COOL GEL Memory Foam bed set,00z0z_7RqRLv3DlCb,295
keys,Chairs,00h0h_9KVIxh4oAdg,25
keys,Pine Bench,00P0P_jtzP7D2cz39,35
keys,"Teak Dining Table  Ikea Poang Chair, Table Base, Glass Top,  Area Rugs",01515_jfjcfmwaZN7,
keys,Pink wooden table and china,00404_dZ7XwaDEJA6,900
keys,Wicker dresser and nightstand,00g0g_kywn8KhdH8J,200
keys,Sofa table,00808_lXFv9lr3ON2,100
keys,Queen Murphy bed cabinet,00707_izOf78sZKev,450
keys,Hammock with frame,00S0S_exSkju2FYpY,60
keys,outdoor garden table+4 chairs,00K0K_8jwHK2H2sme,150
keys,Wall bathroom cabinet,00J0J_1H93VG8bf0t,25
keys,Moving Sale!,00808_4rHsJxhCfIR,1
keys,** PATIO FURNITURE   ***TENT SALE***  HUGE DISCOUNTS **,00n0n_gZmxtkgtGZL,1
keys,Dresser,00f0f_dIlyI3nBPUv,149
keys,Chest of Drawers,00R0R_7o2IsknKsye,149
keys,Desk/Table,00M0M_gwQqHevp8FC,149
keys,Pier one wicker 6 drawer dresser with matching small armoire,00E0E_jXgfCTjUO6K,400
keys,Asian Style Stacking Tables,00v0v_kHc06QqnqT,195
keys,Light for dinning and living room,00F0F_cPUbzNN0Fju,150
keys,BeautyRest Recharge full size,00w0w_42NCP9C8Sq2,200
keys,TIMBER RIDGE ZERO GRAVITY CHAIR WITH SIDE TABLE,00w0w_fMWwRf2vv48,100
keys,Living rm set,,300
keys,Full sz Bed,00w0w_is87ul22zNg,179
keys,Furniture for sale,01111_6BhKlcMS6oC,
keys,Wicker Furniture,00e0e_gVdZeRCa6fe,10
keys,oak drafting table profesional,,350
keys,glass table and 4 chairs,,180
keys,Dining Room,00W0W_kgH1hHhufw8,225
keys,Dining Room,00W0W_kgH1hHhufw8,225
keys,Furniture,00C0C_9PVe2sAg3J1,85
keys,Vintage Original Antique Solid Wood  Side Chair,00e0e_jdhaUAUxlgG,20
keys,Haystack Cocktail Table,00909_9J5sVB1WTTZ,30
keys,Haystack Cocktail Table,00909_9J5sVB1WTTZ,30
keys,Thomasville Accent Chairs (pair),01010_abYOyUHMBQ4,45
keys,Lexington Solid Wood Buffet or Sideboard,00w0w_dgV3APUNYMr,85
keys,Tropical Solid Wood Buffet/ Side Board,,85
keys,Queen Wicker / Rattan Bed Frame,00E0E_eDDzgrV3i48,125
keys,Tropical Wicker Ottoman,00l0l_cCL6JBVV6j7,35
keys,Solid Wood Jewelry  Cabinet,00R0R_2pqkbWKqCJE,120
keys,Wicker  Vanity,00X0X_bwejs7sIwZc,100
keys,Delux comfortable fabric chair,00k0k_1WTLvzZcgBo,65
keys,Duck Pictures Folding TV Trays,00000_2u5k0x59XMz,100
keys,Hand Painted Cabinet,00I0I_8EZ83g604m,350
keys,Rattan Tall Table,00B0B_gSN71PqzjPs,50
keys,Selling USM Modular Furniture assorted pieces,00C0C_7yEDGJJI4eD,
keys,China cabinet,00f0f_5AclhNKUdIg,200
keys,Full Size Mattress & Box Spring 1 year old,00v0v_lVulGfWsMyU,150
keys,Grand low level table for sports room,,175
keys,Glass Top Coffee Table,00l0l_lAl7QwFlfSk,30
keys,White damask & wood Wing Back Chair,00101_ddV0OjeXEmT,30
keys,Office desk & computer station,00m0m_a3lx6vrv6NY,50
keys,Twin bed mattress & box springs matched sets,00C0C_4rlA3BbayuD,50
keys,"42"" glass top rattan table with 6 matching arm chairs",00X0X_4lSUESOflJ6,250
keys,Couch,00g0g_9di2djtrAdO,500
keys,Lighted wine cabinet,01616_8dgSsju2F3i,150
keys,White Office Desk,00707_hMRACC7T1ej,90
keys,Cushioned Bench Seat,00404_6tLGGEaKYHd,25
keys,Kitchen Table and 4 chairs,00909_5w7B0vO02YO,100
keys,5 Piece Formica Black Bedroom Set,00101_lEoJQgdUA8e,175
keys,Outdoor storage and file cabinet,,150
keys,Roll top Desk,01010_82t4p8e41Fj,150
keys,Cindy Crawford Blue Denim Beachside Sleeper Sofa and Loveseat,00f0f_2wvEJgxXKQ5,340
keys,Comfy living room set!,00h0h_3OgiueTnHIX,500
keys,4-Piece Bedroom Set,00Q0Q_cXm2gSxKd6W,100
keys,Gorgeous teak rocker,00N0N_SSPhBQEwUB,75
keys,Dining table for sale,00t0t_3TYxBqMQFuS,200
keys,leather couches,00q0q_4Dia7Udv3ie,400
keys,Living room set,00E0E_60uMRqw32Vj,700
keys,Wholesale mattress 75% Off,01010_1BfCzJ9twWk,100
keys,Ratan 4 chair and glass table,00m0m_dMZSaGVRSv8,450
keys,Blanket Chest,,100
keys,Two West Elm Desks with sawhorse legs,00707_9jhRV4XngHN,100
keys,Dining Room table and chairs: Tommy Bahama,00u0u_4SJkCeodW3A,500
keys,Leather Love Seat,00B0B_61sb3Fdk2ZK,150
keys,BRAND NEW IN BOX Heavy Duty Dog Cage - Lucky Dog Outdoor Pet Playpen,00u0u_bQFxrBGn06B,175
keys,"Sofa, Loveseat, Recliner, w/Coffee and End Table",00A0A_33S1W5Ihakg,799
keys,Entertainment Center or Display Unit Blonde Wood,00p0p_h3xbsL5jqk7,699
keys,King Bedroom Suite,00H0H_diTUDLAwSAe,360
keys,Office Desks,00202_2xEEcUdu8Mt,100
keys,Office Desks,00v0v_1EO8Ppi0FTU,175
keys,Office Desk,00u0u_3Zc0DhehSq,225
keys,Ouside Table with chairs,00u0u_iZSfNBLdrHy,360
keys,Ceiling Fans,00s0s_7FjycKSIbL,65
keys,Full size bed,00l0l_90TMjRsCfj3,50
keys,"Beautiful, like new, Living and Dining Room Wicker Furniture",00c0c_cJ77Jfgm3A,1600
keys,For Sale - Dining Table / 4 chairs,00h0h_42zkdiOmDvA,
keys,Designer L shaped desk with file drawers & hutches,00r0r_7XAOzdVE0KT,100
keys,ENTERTAINMENT CENTER,00B0B_5ra66JWGjqI,60
keys,"Custom, Imported, Bamboo Furniture",00707_kW4jfk7BBii,1000
keys,Full Electric Hospital Bed,01111_86nTKgj2qop,700
keys,Coffe table glass top/bronze metal,01010_iEVg9SPI6GG,40
keys,Round End Table  JUST REDUCED,00h0h_ekM1Tg62YrV,60
keys,Faux Mongolian Fur Body Pillow,00000_cCNwTTelNwl,45
keys,Dinner set,00t0t_40xBfY754gS,198
keys,beautiful sofas and chairs - like new,01212_b7DcQbFek0K,80
keys,"MOVING, MOVERS, DELIVERY, SHIPPING, FREIGHT ðŸ’¡ðŸ’¡ðŸ’¡ðŸ’¡",00101_416uMrLwpGA,1
keys,"Vintage solid wood slab table (coffee, specimen or dining)",,999
keys,"MOVING, MOVERS, DELIVERY, SHIPPING, FREIGHT ðŸ’¡ðŸ’¡ðŸ’¡ðŸ’¡",00101_416uMrLwpGA,1
keys,NEED HELP MOVING?,00101_416uMrLwpGA,1
keys,King size mattress and box spring. Excellent condition,00606_2qYoA2Ue4az,100
keys,Dinning Table with 4 Chairs,00j0j_5XNYLBlmjfT,145
keys,Office desks,00V0V_aT7bUeXwsZD,25
keys,Granite,00O0O_fbjNWeSXbCJ,300
keys,Dinner table,01616_jBnFEMnUQsA,160
keys,New!!! RTA cabinets..solid wood,,100
keys,Retro chaise chair for sale !!,00O0O_kDWC5l1oJ5b,100
keys,Full Length Dressing Door/Wall Mirror,00g0g_a6ldaG3va55,40
keys,Lamp Japanese Style,00707_fQEE2BJrwR8,60
keys,"Sterilite Wide 3 Drawer Cart, White Frame with Clear Drawers x 2 sets",00T0T_egkKT6sKhWI,40
keys,New Mid Century Modern Designer Accent Chair,00L0L_4chiBHlBm4d,180
keys,Wrought Iron with beveled glass top Cocktail and 2 End Tables,00q0q_3i9u8ybFyE5,160
keys,Wrought Iron with beveled glass top Cocktail and 2 End Tables,00q0q_3i9u8ybFyE5,160
keys,"Room Divider, 4-Panels Double-Sided Tropical Beach Scene!",00Z0Z_5fcsvRrEFhP,150
keys,"Compact Computer Desk, Espresso/Black",00C0C_6KBcneDlGuf,30
keys,Blue leather couch,00n0n_fOG8A4vNIaL,75
keys,4-shelf-light-duty-shelf-unit-easy-to-assemble-no-tools-WHITE,00p0p_gHcaI3hynPf,30
keys,Ergonomic Leather Office Executive Chair Computer Hydraulic Black,00o0o_MUq7IBqUmj,100
keys,Custom made Solid Wood Wine Rack.,00W0W_cvCBmWTAyHO,250
keys,Beauty Salons Furnitures and More,00b0b_jvWF70kuORt,
keys,"Juego de sala de piel,leather living room set",00x0x_7WeqwMbEcI6,600
keys,Moving Sale,01414_ayUtsOovKvq,10
keys,Desk wooden,00u0u_jM1HXUQQW8y,75
keys,High top dinner table,01010_8JdLBp7gFyb,200
keys,Coffee table black,00n0n_a5rkSSgGaMH,60
keys,Good condition brown couch and loveseat,00Z0Z_6SQJyDWRJED,
keys,Chair & Ottoman for sale,00M0M_iPSewM6l6Wn,1018
keys,Twin bed,00707_7n8iOSixkpS,100
keys,Curb Alert,00w0w_7CL7Hcsyotl,
keys,two beautiful mosaic glass lamps,00F0F_1DGOhirvSmr,75
keys,"NEW QUEEN BED ""complete""",00e0e_lM7KnTb2TpN,600
keys,Outdoor Patio Set,00m0m_8irdqc926XG,100
keys,Juego de Comedor,00h0h_38wMlRJngpS,150
keys,Cherry Bedroom Furniture,,500
keys,Indonesian Teak Armoire,00l0l_35wZ88WJdBv,650
keys,Set of recliners,00o0o_2SVu56VVJfS,800
keys,Solid Granite Custom Table w Chairs,00K0K_jqFJcOtm08b,1850
keys,"Queen platform bed with ALL  FREE mattress & serving tray,  &  back rest",00R0R_hxBrk7eSIWc,
keys,"Beautiful , Gorgeous, Elegant, Dining Room Set",00W0W_23KwsXeRopA,140
keys,New Furniture for sale,00202_j2buLZqXpLD,1000
keys,Ikea Queen Bedroom set For Sale,01111_gn4F54mctLU,
keys,Love seat with pull-out good condition,,100
keys,"Kitchen and Bath by Gandara, Quartz, Granite, Marble, Wood",00101_bDg3ujFhwUh,1
keys,"Roll-Top Desk 64"" W / 60"" tall",00303_fUHSUrrasgE,125
keys,Indian door frame,,1200
keys,Suede down sectional couch,00I0I_iBztIPwgilS,700
keys,GEL MEMORY FOAM MATTRESS,00C0C_1lpe4YG0qNE,275
keys,Bar wine rack,00u0u_6YVAlFD5MlU,175
keys,100.00 obo DOLPHIN COFFEE TABLE. HOMESTEAD,01616_2iNiNTXutAF,100
keys,wicker buffet?,00h0h_gUnhnZTsUWm,45
keys,Oriental Carpet Rug 10' X 12.75' Handmade,01717_edPd8cGpvdY,700
keys,"Chaise Lounge, Sunning Chairs, Patio Furniture",00u0u_2bED8HT99vF,75
keys,Futon frame,00o0o_hvaX1vm4EZz,80
keys,New furniture for sale,00H0H_eLPS4zTCCB,709
keys,Wendy Bellissimo Nursery Shelf,00x0x_duPF1cxCnX4,15
keys,Tall white bamboo 5 shelf bookshelf,00d0d_dTpY1E1tVz6,40
keys,Foam Mattress-Ikea- like new (like a futon mattress),,50
keys,TEMPUR-PEDIC SPLIT KING PLATFORM,,985
keys,Rattan/Wicker Headboards with bed frames,00h0h_hyO1EKsN1yW,45
keys,Ty Pennington Parkside Sofa New Wicker,00w0w_1XvEYQEu68P,300
keys,Futons brand new in the box couch sofa bed,00i0i_4LiAPpY9N0x,150
keys,NEW RED ACCENT CHAIR,00h0h_eERYDgdUIm8,200
keys,Daybed / Futon with Mattress,00J0J_cB07uu3OtW,200
keys,HUMIDOR - End table humidor by New orleans,00h0h_aaLPNeeULFE,300
keys,King size Ikea malm bed frame,,50
keys,Tommy bahama dressers,00X0X_1RimYAbBVyP,400
keys,Costume house Furniture,01010_6dM5swO00hx,
keys,"2 chairs, lamp and table",00t0t_aMbZk5HY5qN,400
keys,Coffee table with2 side tables,00z0z_brrApErHhSr,20
keys,Sleeper sofa for sale,00f0f_hQ7lBRWADdc,250
keys,Sofa,00a0a_bMIcLgz0lXo,50
keys,Leather couch/love seat,00Q0Q_k38ekwO2Q08,500
keys,Mattress twin,00K0K_ir4VbKpPwS7,30
keys,Mattress twin,00R0R_8hYIuoAatkV,45
keys,Garage Sale,00Z0Z_azQksfY1WTx,1
keys,China Cabinet for sale,00909_fk97mYGkdSq,375
keys,Cherry wood bed frame,,200
keys,pair swivel barstools,00Q0Q_5NoO1VV1cq2,85
keys,"Church, meeting, classroom, banquet and office chairs",00F0F_2uJse5jUuOW,
keys,Office Furniture Package Deal,00e0e_924JqXNiulY,6900
keys,Vintage 1952 lamp heavy,00m0m_c8nXO8pamGS,80
keys,One Twin bed boxspring,00F0F_5FjF2Bl0csl,75
keys,"Dresser , Chest, Nightstand,lamp",01414_4bEO58EXtOT,350
keys,Antique 2-Tier Table with Leather Top,00T0T_fF3l5sGbh9f,65
keys,Rolling Office Chair,00505_aFrK6Xb3tK2,35
keys,Rattan Arm Chair - Turquoise,00F0F_7uOEU5NOlj3,30
