macon,"Entertainment center, solid wood",00h0h_esjdKpHvUqq,50
macon,Dinning room table and hutch,00f0f_fPSwrBjpYIu,100
macon,"Oak China Cabinet, table and 6 chairs-Solid and Heavy!",00Y0Y_cNHC7HmhdEQ,800
macon,2 Piece Sectional w/Ottoman,00303_33vOw89BR1C,700
macon,1920s Art Deco Bedroom Suite,00E0E_b3pVKc5mgDN,1295
macon,Mid Century Modern Buffet by Thomasville,00M0M_9ZpMpifKK88,649
macon,Oil painting,,125
macon,Wine rack,00Y0Y_8NP4ERTdQ1v,40
macon,2 person sauna,00x0x_dznEtPw1xHS,800
macon,Desk,00D0D_aDpq04cXCWS,350
macon,"6 Dining Rooms chairs, only the chairs",00Z0Z_huL3m5P7bht,250
macon,wooden rocker,00b0b_4t8YGumhvkl,40
macon,antique drop leaf table,00T0T_2HvmtKZLJfk,150
macon,wooden rocker,00b0b_4t8YGumhvkl,40
macon,A Family In Need,,
macon,Vintage Children's School Chairs (3),00T0T_g63H9XfLIzF,16
macon,LARGE WALL HANGING PICTURE,00T0T_9du6qyQnEQB,10
macon,WALL PICTURES,00T0T_9du6qyQnEQB,10
macon,WALL PICTURES,00T0T_9du6qyQnEQB,10
macon,Wrought Iron Bench Chair,00I0I_1RHwAsXTTG0,55
macon,Havertys Entertainment Center,00u0u_crxbMsXUWDH,475
macon,Entertainment Chest,01414_1twRgzWWn8U,75
macon,Hand crafted towel rack,00v0v_dwaWaj1Zhln,45
macon,Two nice lamps with shades,00Y0Y_i27mKcBL3bU,25
macon,Solid Oak Entertainment Cabinet,00c0c_3fPBtLNqcVd,150
macon,Very nice king sized sleigh bed,00O0O_8Pbxade1a6C,250
macon,Solid Oak Side Table,00S0S_bW27EGbCaDZ,40
macon,Modern Rosewood side table,00X0X_j7PmzAv7wYJ,50
macon,1950s Ajusco Loc Industrial Medical Floor Lamp 7,00i0i_1y2ze3NXybd,60
macon,NEW QUEEN Metal Bed,00606_8V97B8mKNar,129
macon,Threshold Turquoise Two Door Cabinet,00202_8LPcEwgSrMR,70
macon,Windham 2 door Accent Table from Threshold at Target Turquoise,00A0A_8DFqRToORF9,70
macon,Wood desk and desk chair,00L0L_gugGWy6yVHD,100
macon,Ashley Furniture Queen Sleigh Bedroom Set,00A0A_3Cnb7D94Jno,350
macon,Burgundy Wool Rug 5' X 8',00e0e_lQPATQ5RAAS,75
macon,Movie Theater-style reclining love seat,00Z0Z_5mTE3zifq44,200
macon,Everything Only $1 At Garage Sale!,00606_9B21LDW4GH2,1
macon,Leather sectional,00M0M_3SqtIpIjuCw,950
macon,French Provincial Bedroom Furniture,00E0E_cMW3v67hAMp,125
macon,DINNING ROOM TABLE AND CHAIRS,00808_kVm1kIQ8mqG,120
macon,Furniture,,
macon,TWO SHOW STOPPING DESIGNER FURNITURE PIECES,00101_icSVgFNEDEs,650
macon,Dresser,00000_10u1yaTBpZu,125
macon,TV Stand,00p0p_hHLwP1Zzs6O,150
macon,Havertys Sectional Sofa,00M0M_4aanqBAJ8B,700
macon,Gray Love Seat- Brand New,00Z0Z_aVAQg3LFJqv,350
macon,(Reduced)Sofa and Love Seat,00M0M_hXSSL7Nc7jZ,175
macon,"Slate table, chairs and matching bakers rack",00C0C_i1SXK9ksABy,300
macon,Antique Rocking Chair,00e0e_79VpxyCe0R1,200
macon,Asian Style End Table,00V0V_jRT8jJklViV,15
macon,Leather Living Room Couch Set!,00w0w_5FE9wy8SQPd,125
macon,King Headboard!,00606_4LYYMqJ47vE,10
macon,Antique Dresser And Mirror!,00i0i_6q7q4klb94F,15
macon,Iron Queen Bed Frame,00C0C_hcbjIFzi67d,300
macon,Very Nice Antique Lamp,01111_d0NTzmsEWQA,45
macon,Kid's Recliner (price just reduced),01212_jydRHebrDTU,30
macon,90 gallon aquarium,01414_dWYuhqDZgLJ,350
macon,Four Pieces Authentic Wicker Furniture,00Q0Q_dFRoVuk0XfG,445
macon,entertainment center,00k0k_azsBuBDT83f,100
macon,Dinette set &four chairs  3' x 4' Table,00H0H_5gxVr5iUXYx,60
macon,Oak Blanket Chest,00Q0Q_e8hfhBF2XEL,250
macon,Vintage Metal Play Kitchen Cabinet PRICE REDUCED,00y0y_4zrEmQp1vT2,20
macon,Green Love Seat,00o0o_iKvGeGdac8b,60
macon,Antique Cedar Chest (OVERSIZED),00c0c_2KxsBgmNOoS,425
macon,Vintage Solid Wood Rocking Chair,00j0j_fiASMyuSsIr,69
macon,1940's Victorian sofa,00S0S_a0JC9SAZyMC,75
macon,Accent/Foyer/Sofa Table,00E0E_eUZhwsJQFrh,400
macon,8x10 canopy,00808_bItgVYZhBBl,50
macon,Kitchen cabinet oak,00606_bvt3rrtK7at,150
macon,*Gorgeous King Bedroom Set*,00g0g_4jZEky2Ec91,
macon,Mid Century Vintage Teak wood Couch Used,00b0b_dJZS1BNbist,400
macon,Storage  Shelf,01010_g6rZKkEpbJ0,75
macon,Full Size Serta Perfect Sleeper Memory Foam Mattress and Box,00202_eEbJqv78fvR,175
macon,Nice Chair,00h0h_97XpjOiO0GX,
macon,ANTIQUE CHINA CABINET,00Q0Q_798kiGejiXd,175
macon,BLACK GLASS DOORS 2 PIECE CHINA CABINET,01313_jwvshxPltHO,150
macon,Nice Side Table With Drawer,00101_34oEB5WGfSA,45
macon,Queen Size Mattress Set,00j0j_6YAOFa5sqks,30
macon,Oversized Rocker Recliner,00101_hhSZ1grajYT,60
macon,"Wood Coffee Table, real wood",00909_gUFT0KrqesX,20
macon,"3PC Leather Seating (Sofa, Loveseat, Recliner) *Estate Sale*",00q0q_kCBccC0R9jZ,1150
macon,Beautiful  Oriental  Wall  Decoration,00707_7SbmWzB4wGl,50
macon,Very Unique  Floor Lamps (Two),00c0c_69BbnBSu25O,199
macon,Dining Room Set,00h0h_l8DCQt3nRES,270
macon,Sleep king size ile,01111_cSBlDE2N57g,3900
macon,"Heavy solid black iron console, entry table",00S0S_d5eRunBy5ZD,200
macon,Extendable Dinner Table with covers,00z0z_eH9rkHZreRQ,100
macon,"Lockers, 2-wide; 3-wide; 4-wide; and 5-wide",00w0w_29i9FVD5s3F,1
macon,Nice French Provincial Cabinet,00n0n_fcPntQ42gRS,
macon,Very Nice Vintage Lamp,00H0H_dQJTZRwwSF0,100
macon,WHITE twin size headboard,01616_bZOeqpJEjMX,20
macon,Twin size dark headboard,01616_bZOeqpJEjMX,20
macon,Twin size box spring,00303_cwEldAJ3nCE,25
macon,Love Seat,00M0M_9DLFXcHKnEG,60
macon,Office Desk for Sale,00g0g_3CwBkZjatI9,
macon,Solid Wood Cafe Tables,00505_jsfDakpb14u,100
macon,Children's chairs,00U0U_5fWvftXg2hN,25
macon,Mirrored Vanity Stool,00Y0Y_aryHZEryQGR,175
macon,Children's Clothing Rack,00h0h_jZW5XMENyIP,125
macon,XL Cow Hide Rug,00404_6e3aYt2koH8,400
macon,"Couch, love seat, chair set.",01010_7zKTg419w5T,200
macon,HBF Table,00T0T_1TyrFNN2XU5,100
macon,Mattress Clearance Sale $40 down take home today,00F0F_kGkrqCpGuwK,40
macon,SALE!! SECTIONAL $40.00 DOWN. TAKE HOME TODAY!!,00r0r_46LUl9WETSy,599
macon,"Leather sofa, end tables, tv stand",00k0k_2nIANijCQRB,
macon,2 Nice Chairs,00l0l_alpgbJLghOR,50
macon,Big barn toy box,00E0E_gJBYiK90DBU,50
macon,Full Set  Mattress and Box Spring,00404_1EqD3NUCbaA,119
macon,Full Set  Mattress and Box Spring,00404_1EqD3NUCbaA,119
macon,NEW QUEEN Metal Bed,00606_8V97B8mKNar,139
macon,WOOD New 6 pc Queen Bedroom Set   Set$40.00 Down,00v0v_dJRHhooq0iu,795
macon,Carved Rococo Console Table Marble Top,00909_6weok1lNsK7,88
macon,Beautiful carved solid Teak table with chairs,00X0X_i9A1nqrG3sD,5000
macon,Large Dining Table and 6 Chairs,00s0s_eV9M8tsmIJN,300
macon,Pine Hutch,00Q0Q_8fRotNUqhUi,375
macon,Tri Fold Mirror,00j0j_cIF1V2KAB0F,100
macon,"Estate Moving Sale King Queen Bedroom, Leather Sectional",00M0M_9doDwDK61Br,
macon,Wood night stand,00F0F_khVlrBHZH1Q,10
macon,Very nice condition vintage three pieces bedroom set,00R0R_cRVWRziXOZr,600
macon,"Queen Mattress Set New Start at $150, $40 down",00f0f_2exOpAfImsO,150
macon,lamp,00C0C_7y7UlSEARL9,100
macon,Entertainment Center,00f0f_bKzMMaB2EPV,650
macon,Dining Room Table and Chairs,00A0A_hZ3C0tJLASi,350
macon,4 foot church pew,00p0p_eEjAKDfaM16,175
macon,Brand new living room set,00x0x_3OdL4bfOm6A,800
macon,*Complete Dining Sets @ Our Estate Sale*,01111_3snRElBJpHS,
macon,HOWARD MILLER GRAND FATHER CLOCK,00L0L_hVufaVdMlO0,2000
macon,Brand new reclining sofa,,
macon,Bedroom suite,00P0P_czohhXn6B4N,1700
macon,China Buffet,00Q0Q_hp1wOVWOgQg,150
macon,"Barstools, 2 each",00m0m_aoDBEd3d6Ou,100
macon,Stone End Tables,00h0h_efaIIMi3Uti,100
macon,Entrance or Sofa Table,01313_215WVoyFLGp,75
macon,Area Rug,00202_c2668e11xf,125
macon,Dresser/Armoire,00K0K_4IeKwC71NGt,225
macon,Club swivel chairs,00U0U_hlEW3kWYNM0,250
macon,Cherry Wood Table Desk and Hutch,00p0p_4hFB7wzAbSa,95
macon,Buffett Sideboard,00W0W_6l3WC16IJHg,125
macon,Queen size Mattress and Box Springs,,1
macon,Couch,00Q0Q_8GrPQW4x72w,95
macon,"Sofa, Love Seat, Table, Futon, and Recliner",00t0t_8F5NnthaE8W,500
macon,DISPLAY TABLE,00I0I_eHulxvATKIQ,200
macon,VERY NICE!!! SECTIONALS $40.00 DOWN. TAKE HOME TODAY!!!,00P0P_l9XoGUGmYBI,869
macon,Dining Room Table and Chairs,00l0l_dQe4JMYpP3w,150
macon,Full Set  Mattress and Box Spring,00404_1EqD3NUCbaA,119
macon,Full Set  Mattress and Box Spring,00404_1EqD3NUCbaA,119
macon,Full Set  Mattress and Box Spring,00404_1EqD3NUCbaA,119
macon,Mattress Sets New with Warranties,00f0f_2exOpAfImsO,40
macon,Queen and King  New Mattress Sets $40 down take home today,00a0a_4D3ZsSr8RAx,40
macon,Whirlpool Washer,00i0i_8aWkAD878XO,90
macon,Breakfast  table with  4 chairs,00202_75a4FQbtTXe,100
macon,WOOD New 6 pc Queen Bedroom Set   Set$40.00 Down,00v0v_dJRHhooq0iu,795
macon,King Set  Mattress and Box Spring,00404_1EqD3NUCbaA,198
macon,Broyhill nightstand,01717_ih88Q0t8RvH,50
macon,Antique wooden school desk,01212_j69N1zSxvAy,20
macon,Oak wall unit,00g0g_fXqT9qWoYMl,350
macon,Rustic Wooden Table,00202_4BWFVERKT82,45
macon,Solid Wood Table,00Z0Z_7hoY8cfIvRm,40
macon,black cabient,00M0M_kJg9Geo8I17,50
macon,Pair Of Mossy Oak Antler Lamps,00V0V_aqdFS4yLyW6,55
macon,TV Cabinet,00F0F_bQqfpWf60uO,125
macon,5 tier lamp!,00Q0Q_3nKagvUGWPI,5
macon,LEATHER FURNITURE,00707_hqnKFadYgB4,225
macon,1 Set of 2 Wooden Chairs,00u0u_7xOGlFsmlgJ,80
macon,black dining room set,00S0S_cwTqa43fw8r,400
macon,Antique Couch & Chair,00f0f_it4g0vVGGEG,500
macon,|||Kitchen Cabinets with free quotes|||,01414_io21mao9pOI,
macon,++Get our latest kitchen cabinets (much less price)++,00z0z_5YrBm7KeOlK,1206
macon,Loft bed,00M0M_6b5hgeIcNGZ,150
macon,furniture moving sale,01010_l4eAhJDHD43,
macon,Chair with ottoman,00l0l_hIgrAKmMvzg,65
macon,Entertainment Center,00n0n_dL2FHtmCPSV,500
macon,Roll Top Desk,,90
macon,Recliner,00s0s_1gGLgB2avdl,30
macon,bar stools,00c0c_7eTlQmo17Wx,15
macon,recliner,00O0O_4aNcQFn2dC9,50
macon,Nice Baby Changing Table with  shelf spaces,00C0C_6yMLcrwrOEU,150
macon,ALMOST NEW ELECTRIC FIREPLACE,00000_87Su4iN5zQc,225
macon,Queen size golden edition matteress and box spring brand new,00X0X_3RUKxrMcnB5,225
macon,Vintage Lamp,00m0m_iiEtKEYOeFN,40
macon,Wrought-iron (Black) small accent table,00404_dcSlzPhmy7b,5
macon,Table Lamps - Antique/Distressed Safari style,00303_325uX5M5sbb,12
macon,Wrought-iron (Black) small accent tables,00R0R_8N6cVWIhsHj,10
macon,Tan Patterned Sofa,00d0d_hDubvwRERn6,125
macon,Tan Recliner Chair,00H0H_3ll9x9UmCBW,75
macon,"Small Swivel Rocker Armchair, Blue Suede",00h0h_hc330Y8JUO7,50
macon,Display cabinet,00N0N_4Po9N5GJFWv,325
macon,Wicker headboard,00J0J_eVfYZFJ3mF5,60
macon,Bulldog Wicker Rocking Chair,00O0O_a7cxsNFGkqA,80
macon,Home Office/Student Desk,00G0G_9PnsRWa3hI5,200
macon,Last chance,00z0z_kKJBfB7zBEV,125
macon,Sofa and loveseat,00505_5hM4Hj4wdGq,200
macon,CABINET/COUNTER FIXTURES-PERRY,00R0R_iSv8LGqu8VX,
macon,Sealy Cocoon memory foam King matress,00Q0Q_caEA91IlT0R,400
macon,Teak CDI dining table with 4 matching chairs,01616_8yEAXsQCPZf,400
macon,VERY NICE!!! SECTIONALS $40.00 DOWN. TAKE HOME TODAY!!!,00P0P_l9XoGUGmYBI,869
macon,NEW BUNK BED $40.00 DOWN. TAKE HOME TODAY!!!,00W0W_hMtbYV8FONf,139
macon,Queen  Set  Mattress and Box Spring,00404_1EqD3NUCbaA,139
macon,New 7 pc Queen Bedroom Set  With Mattress Set$40.00 Down,00404_6yMaa2dxFCb,629
macon,WOOD New 6 pc Queen Bedroom Set   Set$40.00 Down,00v0v_dJRHhooq0iu,795
macon,Full Set  Mattress and Box Spring,00404_1EqD3NUCbaA,119
macon,Fireplace mantle and marble surround,00707_dcWJFIBb8hc,50
macon,new sofa&loveseat no credit check $40.00 down same day deliv,00h0h_2SnwDhwRGSQ,599
macon,full mattress&box,00K0K_hdozp9FHfcp,99
macon,king mattress,00q0q_bH1ftHvOK1L,119
macon,twin mattress&box,00q0q_bH1ftHvOK1L,79
macon,brand new queen bedroom set no credit check $40.00 down same day deliv,00E0E_aX01oPqj1wU,549
macon,new black sofa&loveseat no credit check $40.00 down same day delivery,00R0R_hD4ARNwjgN7,499
macon,twin mattress,00q0q_bH1ftHvOK1L,59
macon,new brown sectional.no credit check $40.00 down same day deliv,00202_l0WwmzNIQGg,599
macon,new black sofa&loveseat no credit check $40.00 down same day delivery,00R0R_hD4ARNwjgN7,499
macon,Two wood stools $15,00P0P_eNrbIVCBaTO,15
macon,Full-sized Headboard,01414_dCjpJpRwhqq,100
macon,Table w/ lazy Suzanne for sale,00r0r_2i0DOGQuBTv,500
macon,KING SUPER PILLOWTOP MATTRESS AND BOXSPRINGS,00J0J_eGfH8fc8LKI,175
macon,Reclining Couch,00y0y_jZWZQeDTvPr,400
macon,Solid wood bookshelf,00r0r_5vTrJ65q4gC,15
macon,Full size mattress and boxsprings,00404_38qPnFxLywj,25
macon,King mattress set,00R0R_7HMJJacAkCd,50
macon,Solid wood desk with hutch,00M0M_hQuBOIWpSWx,25
macon,QUEEN MATTRESS SET,00101_h1rMjZvcqvw,45
macon,accent chair w/ottoman $40 COFFEE TABLE $40,00c0c_hodVINgtSUS,40
macon,4x4' RESTAURANT BOOTHS $100 EACH picnic tables 6X4' $150 EACH,01414_eplIcyYMWnW,100
macon,toilets $50 each~dining table W/4 chairs $70~small wood desk $30,00D0D_h6izmXEb0Fy,50
macon,Mahogany Queen Anne flip top writing table,00d0d_7qFMOU19BqC,225
macon,Antique Chair,00p0p_7xlU3NP3MkQ,75
macon,Antique Queen Ann Chair,00I0I_arqM8WnM63P,75
macon,Wrought Iron Table and Four Chairs,00U0U_31VtNzKSqqU,150
macon,Queen and King  New Mattress Sets $40 down take home today,00a0a_4D3ZsSr8RAx,40
macon,Mattress Clearance Sale $40 down take home today,00u0u_9cfqCLhiwzN,40
macon,dining set,00U0U_joQ4hjWuTMI,450
macon,big hutch and buffet with lights,,2000
macon,Dining Room Table,00x0x_dF5B3Ft80dn,150
macon,Dresser and Mirror,00t0t_dqrBP9Uxnlh,150
macon,"Sofa, Chair and Ottoman",00u0u_e2mASXMNWey,250
macon,Nightstand real wood,00505_atXYMMwinjD,45
macon,Large Entertainment center,00V0V_1EUfPMcT1kI,150
macon,Entertainment armoire,00e0e_fHyvnRf79NK,100
macon,Counter Height Bar Stools - Solid Wood,00o0o_7o2d1vFoqmJ,25
macon,Leather Sofa and Love Seat,00G0G_iZRXhDa1TgQ,800
macon,Barstools,00R0R_lyqKICArbhY,100
macon,BRAZILIAN PINE KITCHEN WORK ISLAND,01313_2lyHeaPFDGY,200
macon,Lovely Chairs,00t0t_kIm93wGmbh1,65
macon,RH MODERN Blue Velvet Sofa,00606_3khK50lh9Lz,3795
macon,REDUCED!!! HICKORY CHAIR CO Armoire/Wardrobe,00U0U_9pYiSLsuRsZ,350
macon,REDUCED!!! Restoration Hardware Leather Tufted Sofa,00K0K_i0RN2C9S7Rd,3795
macon,REDUCED!!! RESTORATION HARDWARE Leather Slope Arm Sofa,00g0g_9rwv91l2Hrk,1995
macon,Restoration Hardware Leather Sofa,00m0m_jZsLHwbrYRF,3500
macon,Duncan Phyfe side table,00u0u_18lOYeoGSVO,175
macon,cabinet,00k0k_eqe4M4DFAup,30
macon,NEW BUNK BED $40.00 DOWN. TAKE HOME TODAY!!!,00W0W_hMtbYV8FONf,139
macon,queen mattress&box,00q0q_bH1ftHvOK1L,119
macon,king mattress&box,00q0q_bH1ftHvOK1L,159
macon,twin mattress&box,00q0q_bH1ftHvOK1L,79
macon,full mattress&box,00K0K_hdozp9FHfcp,99
macon,new Leather Reclining sofa&loveseat,00i0i_30PRWxCot0n,948
macon,new sofa&loveseat no credit check $40.00 down same day deliv,00h0h_2SnwDhwRGSQ,599
macon,Twin/twin bunk bed set w/ladder & bedding - Reduced!,00L0L_Wwa34roAUZ,500
macon,Ashley furniture casa mollino table,00c0c_5EhT6b1qpZx,300
macon,Bunk bed like new,00505_1pjD4rMG2Wy,100
macon,Leather couches,00t0t_7Vl41LaKzuk,60
macon,Dining table and 8 chairs,00K0K_1lDrmewgH4B,
macon,Dining table and 8 chairs,00K0K_1lDrmewgH4B,
macon,Dining room table and 8 chairs,00K0K_1lDrmewgH4B,1200
macon,Glass TV stand,,30
macon,Poker table,00p0p_85ErdsZJ93q,100
macon,Queen headboard and two end tables,00C0C_g5FZ79l2TaH,350
macon,Beautiful Five piece bedroom set (hand painted),01212_5xguZMO2xEf,2000
macon,Vintage Adjustable Height Floor Lamp,00L0L_9u2QnWn6xW3,30
macon,Mid Century Marble Base Floor Lamp,00o0o_85V00kmXuJR,40
macon,Full size Bed and Mattress,00606_ircf6w2L1JP,
macon,Full size Mattress,00A0A_lVhwrRrCyNN,
macon,bed rails,,25
macon,RED dresser,00t0t_l6rmL0JJ2KN,65
macon,"Bernhardt Couch, Love Seat and Ottoman",00L0L_buJYM3bJV2o,500
macon,Dresser w/mirror and chest drawers,01515_iXVRLdPnzPI,200
macon,VICTORIAN CRANBERRY LAMP,00F0F_8oGUsxWGrDK,345
macon,"The holidays are coming, clean out your clutter!!",00z0z_8zrEICKKICN,
macon,I HAVE A RED SECTIONAL WITH RED WOOD SIDE TABLES,00B0B_2a7EcMQOfNS,350
macon,Futon,,50
macon,Box Spring,00Y0Y_bvOPsi31sSO,35
macon,FILE CABINET/MEDIA STAND,00h0h_h7lwKvB466Y,20
macon,DROPLEAF TABLE,00B0B_4RGvTDdatI3,175
macon,New Twin Metal Bed,00u0u_9fHr3K62s1b,98
macon,NEW BUNK BED $40.00 DOWN. TAKE HOME TODAY!!!,00W0W_hMtbYV8FONf,139
macon,Bunk beds,00808_bedRluu2y49,350400
macon,Broyhill 5 Piece King Bedroom Suit,00n0n_2ttJgAL9V6T,1700
macon,Nice couch. $50.00,00N0N_fX9yzkqQf4O,50
macon,end table,00G0G_3bccrXZjrEZ,25
macon,2 table lamps end tables and stool,01313_lYC34oZYkiE,
macon,queen mattress&box,00q0q_bH1ftHvOK1L,119
macon,king mattress&box,00q0q_bH1ftHvOK1L,159
macon,WOOD 10 Drawers Storage Bed  Set $40.00 Down,00Y0Y_dsygK21Lkgw,599
macon,Wall Display Unit,00j0j_3HQGo3xeKac,150
macon,Farm Table (Heart Pine),00F0F_dCNgvutnSfn,500
macon,Distressed Country Style Bar Height Dining Room Set,00000_2UGzBwb5Nfv,900
macon,Multipurpose  rolling cart,00909_4Lak0MDV1Qo,65
macon,Cindy Crawford sectional,,
macon,Leather Sofa - Lazy Boy - Just Like NEW,00e0e_dWU4ylxp4Xf,1800
macon,"Leather sofa, dog carrier,Big dog cage",00Y0Y_353ZmHx6dGi,
macon,Dressers - two wooden dressers $200,00J0J_3jEWYTPdDOK,200
macon,Couch - blue leather $300 OBO,00x0x_39QTmtcBEmH,300
macon,dining set (together or separate) $400 OBO,00L0L_kszUo15YrZd,400
macon,3 piece living room suit,00H0H_eM2sDqvGTTV,80
macon,Twin Headboard,00k0k_eMwdHf8a7cJ,150
macon,Full Pine headboard,00000_2bJD1M6MB9i,100
macon,4 Piece Stanley Young America Desk and Book Case,00o0o_7Z6V1l4unul,550
macon,Table and six chairs $120,00h0h_cQozNsbFRQF,120
macon,Gorgeous Vintage Solid Cherry bedroom set,00q0q_31AwCBqdqxB,1800
macon,HUGE Leather Chair!!  ONLY $40 Must GO!,00O0O_2OgPuJnyomt,40
macon,Custom Made Table!!!!,01717_eRPElrljkwc,110
macon,Lift chair,00v0v_a08QEVekXDK,
macon,REDUCED-CHILD'S OUTDOOR WOODEN CHAIR,00t0t_aGHtu45jF0f,15
macon,HUGE Leather Chair!!  ONLY $45 Must GO!,00O0O_2OgPuJnyomt,45
macon,Moving Sale!,,40
macon,Couch/living room set,00R0R_9JVGinmqXIN,150
macon,"Couch, loveseat, and ottoman",00P0P_6emHvoAilb2,250
macon,Lazy Boy Classics Recliner,00J0J_6FajRfUXxLP,50
macon,Antique upholstered chair Victorian style in excellent condition,00H0H_hNGC97AOnYn,120
macon,2 antique wicker chairs in excellent condition,00303_8hf2yIlAlQR,30
macon,Antique dresser with vanity mirror in excellent condition,00V0V_8aHxDT1Pc2F,180
macon,Invacare Synchronizer in home hospital bed in good condition,,120
macon,Antique Rocking Chairs,,499
macon,Antique Rocking Chairs,,499
macon,Antique Iron Bed,,50
macon,Antique Straight Back Chairs,,499
macon,New Recliner,,200
macon,Table Lamps,,15
macon,New Recliner,,200
macon,Antique Iron Bed,,50
macon,New Recliner,,200
macon,Antique Iron Bed,,50
macon,Hand painted table and 2 chairs,01212_ccW0eA6QqYK,325
macon,Storage Tower,00Q0Q_6TB76PNNsc1,100
macon,Adirondack Chairs 2 MUST SELL! PRICE REDUCED...,00505_1jhax0JTV6F,75
macon,Dining Room Table,00P0P_3XqirDoqPJt,250
macon,Dining room table and accessories,00t0t_2QdDGn3XTkX,600
macon,White Platform Queen bed,00k0k_bKdhPrLNCEI,150
macon,Twin Set  Mattress and Box Spring,00e0e_fxq77knTjnh,98
macon,Twin Set  Mattress and Box Spring,00e0e_fxq77knTjnh,98
macon,Beautiful desk,00u0u_imQDriXmLpb,180
macon,Pool- Pottery Barn Round patio sofa with canopy,00h0h_1RRjCftoUOK,550
macon,Nice sofa,00p0p_1LtKjNHVpeL,100
macon,Bedroom set (Queen) - 5 piece,00F0F_gZqep6hKVzm,1700
macon,Love Seat Couch with 2 Ottomans,00Q0Q_6N2Q6ITKke4,50
macon,Leather Dual Recliner,00q0q_BultpvemKX,125
macon,Chair with Rolling Ottoman,00W0W_dp5xxVv1oRm,50
macon,Three pieces of furniture,00r0r_9Jy0bJQzmyN,100
macon,Queen Set  Mattress and Box Spring,00404_1EqD3NUCbaA,139
macon,NEW BUNK BED $40.00 DOWN. TAKE HOME TODAY!!!,00W0W_hMtbYV8FONf,139
macon,NEW BUNK BED $40.00 DOWN. TAKE HOME TODAY!!!,00W0W_hMtbYV8FONf,139
macon,New Twin Metal Bed,00u0u_9fHr3K62s1b,98
macon,New 7 pc Queen Bedroom Set  With Mattress Set$40.00 Down,00B0B_ezD10mwNUnP,629
macon,WOOD New 6 pc Queen Bedroom Set   Set$40.00 Down,00v0v_dJRHhooq0iu,795
macon,King Set  Mattress and Box Spring,00404_1EqD3NUCbaA,198
macon,Full Set  Mattress and Box Spring,00404_1EqD3NUCbaA,119
macon,New 7 pc Queen Bedroom Set  With Mattress Set$40.00 Down,00404_6yMaa2dxFCb,629
macon,VERY NICE!!! SECTIONALS $40.00 DOWN. TAKE HOME TODAY!!!,00P0P_l9XoGUGmYBI,869
macon,King Set  Mattress and Box Spring,00404_1EqD3NUCbaA,198
macon,WOOD New 6 pc Queen Bedroom Set   Set$40.00 Down,00v0v_dJRHhooq0iu,795
macon,Full Set  Mattress and Box Spring,00404_1EqD3NUCbaA,119
macon,Vintage Side Table,01111_aWiuUj8dWXT,75
macon,King Mattress King Delemont,,200
macon,2 end tables and coffee table - price reduced,01313_4jY9wtFDrXB,15
macon,VINTAGE BENCH,00b0b_luWIGqCnhyo,150
macon,Two Fairfield wingback chairs,00U0U_2ujW9H1psow,350
macon,Parisian painting,01313_5PpSqZSelX0,500
macon,Area carpet,00d0d_bytvunof9H9,100
macon,Loveseat Sofa - REDUCED,01616_d0hgGIcoEIA,60
macon,Karastan Rug REDUCED,01515_e78xMgo2K47,525
macon,Karastan Rug REDUCED,00p0p_9ijJlJ2bps2,450
macon,Wood Coffee Table REDUCED,00M0M_cekpMxw6KOB,60
macon,Foyer Light Fixture REDUCED,00707_9DCxv86K2kK,40
macon,Just in time for thanksgiving,00z0z_kKJBfB7zBEV,175
macon,Queen Black Upholstered Sleighbed,00w0w_6HiVgtD57VS,369
macon,Dresser,00u0u_4CNs9quYS73,125
macon,Dresser,00l0l_bYVgL6V2ZDI,100
macon,"Iron framed book shelf, tv stand",00a0a_bCQdp9JO1bc,475
macon,Cabint and sink,,80
macon,Just in time for thanksgiving,00z0z_kKJBfB7zBEV,175
macon,"Bedroom 3-Pc. (Dresser & Mirror, Chest of Drawers, Queen Bed Frame)",00D0D_didTk4L6wfN,650
macon,New 7 pc Queen Bedroom Set  With Mattress Set$40.00 Down,00K0K_d8w8u7XuHg4,629
macon,King Set  Mattress and Box Spring,00404_1EqD3NUCbaA,198
macon,Childs recliner,00H0H_9ZA5A16KATE,30
macon,Chair,01717_b6X1UMEdl96,30
macon,Shelves,00A0A_7wpG2SkCeJO,30
macon,Shadow box end table,00L0L_aYNe4ix2jzI,75
macon,Dresser and mirror,,100
macon,WOOD New 6 pc Queen Bedroom Set   Set$40.00 Down,00v0v_dJRHhooq0iu,795
macon,Wingback Chair,00g0g_gFFR3QTMBVv,35
macon,Dining Room Table,00o0o_bjc2uBDc0To,75
macon,Grill,00101_3zBdkXTTgJY,40
macon,Living room couch side table,00H0H_bBsAwPoRwIM,40
macon,Entertainment Center,00s0s_82ef0md13Tm,125
macon,Entertainment Center,00000_6ZMzFY4yQnl,150
macon,King size head board and matching dresser,00808_kZAwY435uHa,150
macon,White and red floral recliner sofa,00y0y_1IlHJ8WK9PA,100
macon,"Dresser (IKEA Hemnes 3-drawer, glass top)",00M0M_bPRWD10fBlq,80
macon,lazy boy reclining sofa,,250
macon,MATTRESS WHOLESALER (FREE DELIVERY),00e0e_hpycA76WcWE,
macon,MATTRESS WHOLESALER (FREE DELIVERY),00e0e_hpycA76WcWE,185
macon,Recliner couches for sale,00U0U_7ZnMHmfdrqL,200
macon,nuLOOM Hand Tufted Giraffe Rug 7.5' x 9.5',00k0k_1S3oW4sk21S,200
macon,China cabinet,00M0M_fkn5mw95gn0,150
macon,Solid oak entertainment center,01717_9qDtnGY03fw,100
macon,Gorgeous Solid Wood Dining Set,00b0b_3kxo2aQHDfg,1400
macon,Solid Wood Dresser & Mirror,00I0I_5mGhIBDZhbu,100
macon,Dining Room Set/Reduced,00404_kUNzZEWveKE,275
macon,2 Beautiful Occassional Chairs,00D0D_dzRqbAlyIKi,500
macon,Gorgeous Formal Dining Set,00b0b_3kxo2aQHDfg,1400
macon,Credenza and Hutch,00K0K_5h6RobvjC8o,500
macon,Black Tv stand solid wood,00I0I_hlufyW8BLRg,25
macon,Dining room table and chairs,00g0g_jeoCPX9seXo,200
macon,WOOD New 6 pc Queen Bedroom Set   Set$40.00 Down,00v0v_dJRHhooq0iu,795
macon,large desk,00z0z_gGuo0pGtnk2,75
macon,Dining table and chairs,00909_1RVeTBSsB01,325
macon,WOOD New 6 pc Queen Bedroom Set   Set$40.00 Down,00v0v_dJRHhooq0iu,795
macon,Girls Dresser with Matching Mirror,00u0u_6TdH3C82UHL,55
macon,Coffee Table and Side Table,00i0i_iBudFC68SE1,100
macon,Beautiful dinning set and China cabinet,00d0d_hD6XAdaSUoV,600
macon,twin mattress&box,00q0q_bH1ftHvOK1L,79
macon,Pool Furniture,00505_hHo57mcg8Bk,1
macon,dog bed,00909_7RKcGy3vWGA,25
macon,40 inch Tv Great Condition,,60
macon,Computer Desk with hutch,00E0E_Bhkkkn5IKi,1
macon,Highboy Chest of Drawers,00b0b_5R4dMitPABJ,275
macon,Coffee Table,00l0l_7OP99sKv6Jm,100
macon,Club Chair and ottoman,00f0f_7hw4CUzSirK,250
macon,Dining table with 6 chairs,01616_gxs9kyMWzKT,600
macon,Khloe Serta bed and sofa brand new,00o0o_iVslNmJlpg5,185
macon,Sofa,00W0W_N8mm2Z0972,300
macon,Bed Frame Brand New,00C0C_eqQlxUPuCaU,29
macon,WOOD New 6 pc Queen Bedroom Set   Set$40.00 Down,00v0v_dJRHhooq0iu,795
macon,Full Set  Mattress and Box Spring,00404_1EqD3NUCbaA,119
macon,Used furniture,00T0T_dJ1tCi5L1SG,
macon,New 7 pc Queen Bedroom Set  With Mattress Set$40.00 Down,00K0K_d8w8u7XuHg4,629
macon,Table W/ 4 Chairs (Very Nice) OBO,00l0l_bgqivxyedre,300
macon,Computer chair,01111_7AcmLaDjecn,5
macon,OAK ROLL TOP DESK/ OLD SECRETARY,00n0n_8RFxjVgF3m8,525
macon,matching couch and chaise,00E0E_iItlbVmesK0,550
macon,broyhill couch and chair,00000_8AouxFaHLXD,350
macon,CDI Teak table with 4 matching chairs.,00p0p_gIhcvDWljdM,400
macon,Base Cabinet,00M0M_daIAvF7k0KC,45
macon,Tan microfiber rocker recliner,00c0c_1EivufB9QDV,65
macon,White microfiber 3 seat sofa,00808_2UD5hHKCQlJ,150
macon,New 7 pc Queen Bedroom Set  With Mattress Set$40.00 Down,00V0V_1rd9sZxG1l8,629
macon,Full Set  Mattress and Box Spring,00404_1EqD3NUCbaA,119
macon,7 piece living room set,00000_apsiMf9UM6P,725
macon,Furniture for sale,00T0T_l2QREVeclYj,
macon,Beautiful  upholstered club chair,00W0W_8z3N3kvHNGq,450
macon,Couch leather,00w0w_ik2U52T1s0x,95
macon,Sofa,00t0t_2UUV1zovkdV,100
macon,Coffee table and end tables,01010_iLTL2xEGjqS,60
macon,Entertainment center,00A0A_6ZSrRuHq5fm,150
macon,Blanket ladder,,35
macon,Farmhouse table,01010_f1PefPPPYwv,350
macon,Solid wood table,00C0C_ikt7YseXbAQ,150
macon,"Bar stool with swivel top, excellent condition",00c0c_8Ewc2VxDaxk,30
macon,"Reclaim Décor by TRESIA, bath room",01111_3uSNEgXBK7v,15
macon,"Reclaim Décor by TRESIA, bath room organizer",00f0f_cwBKbdFNbO9,25
macon,Classroom Style Desks,,25
macon,cedar chest,00b0b_9DLSd7qZKmU,75
macon,CATNAPPER RECLINER,00808_kLjwmDghDPp,275
macon,Bassett Dining Table,00J0J_jNw14pwUZV8,5000
macon,Brand new reclining couch and chair,00x0x_3OdL4bfOm6A,700
macon,WOOD New 6 pc Queen Bedroom Set   Set$40.00 Down,00v0v_dJRHhooq0iu,795
macon,Couches for sale,00v0v_8dWNl4xScG6,50
macon,Glass display cabinet,00606_kPH6yvhEIVQ,75
macon,WOOD New 6 pc Queen Bedroom Set   Set$40.00 Down,00v0v_dJRHhooq0iu,795
macon,free standing mirrored jewelry armoire,00s0s_gvXD2xDCtiu,50
macon,Bed Frame Brand New,00C0C_eqQlxUPuCaU,29
macon,Commercial Furnishings - Clearance Sale,00g0g_epGKcrP8lTx,19
macon,HANDICAP Lift Chair,01616_4Ar8G98Otkc,345
macon,king mattress&box,00q0q_bH1ftHvOK1L,159
macon,king mattress&box,00q0q_bH1ftHvOK1L,159
macon,queen mattress&box,00q0q_bH1ftHvOK1L,119
macon,White Dovetail Display Table,00f0f_3h467evTiTX,250
macon,Antique Leather Steamer Trunk,00x0x_daTQF87gYiF,200
macon,Vintage Flat Top Slatted Trunk,00W0W_go2sv3hXPDl,300
macon,Kids Write On Toy Chest,00C0C_4Hh0ZILGPWK,200
macon,Kids Write On Toy Chest,00C0C_4Hh0ZILGPWK,200
macon,Jewelry Set Display Table,00H0H_fdgHRzNsCzw,350
macon,DuMont Buffet Bar Station,00S0S_89O1ZQoZ2x6,1250
macon,Full Length Barn Wood Mirror,00F0F_kbY9iKK2ep6,900
macon,Leather reclining couch and loveseat,00n0n_eK6FTLnR5qN,500
macon,Painted China Cabinet,00f0f_2RV2jaS9pCw,1200
macon,Nice Wood Frame Mirror,00e0e_3XvQM2b8CPJ,25
macon,Big desk with cabinets and built in power outlet,00808_3rTfyvsgTH6,250
macon,Two single beds with box springs and frames,00T0T_8pgZsfbcDQt,50
macon,Entertainment Center,00U0U_5qGPaTYm78e,125
macon,Oriental Rug,00w0w_gp5vWANkeRl,225
macon,Oriental Rug,00000_f3wYFFWgUEI,75
macon,8 piece girls bedroom set,00T0T_3eQVWKkAOFH,1600
macon,King Mattress,,99
macon,Solid Oak Kitchen Dining Table & Four Chairs,00w0w_9lba5UUKihD,200
macon,RUSTIC PINE QUEEN BED,00R0R_hgOjW3zcmkt,369
macon,New 7 pc Queen Bedroom Set  With Mattress Set$40.00 Down,00m0m_eWKPohgFDpp,629
macon,Bed Frame Brand New,00C0C_eqQlxUPuCaU,29
macon,Solid wood desk with lighted hutch,01010_4dECmhpmIbj,120
macon,Shabby chic dresser,,125
macon,Queen Bed Frame,00t0t_fBWeQGkWNSa,49
macon,Handmade bunk bed,00x0x_3VZmucmjO4K,150
macon,Breakfast set,00Q0Q_50jeYV3ztXa,125
macon,Storage Units!,00v0v_i2BUm3FAqTO,25
macon,Oak bedroom set,00101_6wkDv3VI4UH,175
macon,"Love seat, good condition. 100",00u0u_h8vDvCPOOob,100
macon,Couch for sale Cheap.,00X0X_5aOSP4Z9kYI,20
macon,Oak TV Entertainment Center,00G0G_b1cpmspSwgI,110
macon,Beautiful solid entertainment center from Rooms to Go,00f0f_lWZY2c4s07u,1500
macon,Pair end tables and lamp,00U0U_1AblCJuHdS6,150
macon,Sectional sofa/bed/2recliners,00808_btoAcmho5eL,400
macon,End tables,00D0D_6zZIhacxGOs,20
macon,8 Piece Queen Bedroom Set Like New,00K0K_evnZ6WQA9JZ,550
macon,Bedroom,00c0c_f5cSej7I1sY,800
macon,UGA table,01010_3evp2ppFv8J,50
macon,VERY NICE!!! SECTIONALS $40.00 DOWN. TAKE HOME TODAY!!!,00P0P_l9XoGUGmYBI,869
macon,Solid oak bedroom suit,00101_7ckDSzOu2we,125
macon,Wood End Tables,,35
macon,Table Lamps,,15
macon,Wood End Tables,,35
macon,Couch with white floral pattern,00N0N_5hIDC0nbL1d,45
macon,King size. Sealy posturpedic mattress,00W0W_kEWtT9TwbCa,300
macon,Very nice armoire,00P0P_74IcVMlcjYD,300
macon,Day Bed,00O0O_i1oONoqwTWj,100
macon,Intex Dura-Beam Plus,00o0o_5DyElVN2eJn,50
macon,Armoire,00o0o_1akzSc5Y3Fd,55
macon,Kitchen table with 6 chairs,00202_kCaXuhQJAJ3,135
macon,Variety of Chairs,00m0m_7hQ2F2MDPu7,25
macon,Post Estate Sale furniture and houseware,00505_7xkPEO5gXGa,
macon,Ashley furniture casa mollino coffee table cocktail table,00303_6wqzpyEBlgx,300
macon,Full size bedroom set,00D0D_80v9pHgRrWD,500
macon,ANTIQUE GIANT STAINED GLASS WINDOW FROM CHURCH,00m0m_gGxfsr0zzGX,5000
macon,Dinner table,00n0n_dqVwjKiDqB6,250
macon,END TABLE SOLID WOOD HEAVY DUTY,00u0u_4MtwSNpRHzt,20
macon,GIANT $3000 4 PIECE BAUHAUS SECTIONAL SOFA COUCH MERLOT MICROSUEDE,00y0y_4YF3Y8YbFj,750
macon,ANTIQUE HERITAGE DINING ROOM TABLE,01212_8B3BR0zJRIJ,700
macon,4 CHAIRS AND TABLE PATIO FURNITURE,00F0F_lPHDP98nsFv,10
macon,Wood Entertainment Center,,100
macon,Beautiful solid claw foot formal chair,00p0p_aIFL34hi0Im,60
macon,Sleep Number King Set,,500
macon,Sofa 100 for set,00J0J_h06D8eKbf4Y,100
macon,Shabby Chic Mirror,00S0S_6GhbiiSzaVN,30
macon,End Table,00x0x_iFzPx8Jdlva,20
macon,Pub Style Bistro Set,00o0o_gDCWJfjLZ7,95
macon,"Was used as a room accent, and not used Chair and ottoman",00z0z_2M24QHWQN35,1016
macon,Thomas Kinkade Canvas A/P,00c0c_1TbF1knjou7,1200
macon,6' Round Wood Table,00404_fwjbUEctCT9,750
macon,Thomas Kinkade Canvas,00z0z_kyhM9PekzSv,2500
macon,Table and six chairs,01212_3nARSmcE712,140
macon,"Lane Rocker Recliner, Easy Chair; Leather; Baige",00L0L_dZMkoKkcvqk,135
macon,STURDY WOOD DINING TABLE,00I0I_7kC0RluB5PD,75
macon,Girls Twin Bed,00n0n_48U4iqvSDWO,65
macon,"Chairs, Bookcases, Cabinets and end tables",00E0E_3oMQaQX5qrD,
macon,Solid oak captains trunk,00R0R_bfl9nwTzBng,75
macon,Lane hope chest,01717_8kmgXL5gZfF,50
macon,Solid Carved Wood Table w/ matching stools,00j0j_1TQEjN1Sktg,75
macon,Glass top office desk,00g0g_fcTlBoU9mZK,50
macon,Black rolling desk chair,00N0N_djmnVEAfALE,50
macon,Nice chair,00b0b_hQ5iyT46nHT,30
macon,Handcrafted Farm Table with Benches,01212_7GEBQLu1vak,350
macon,New 5 pc  Full/Queen Bedroom Set  $40.00 Down Take Home Today!!!,00m0m_eWKPohgFDpp,498
macon,New Twin Metal Bed,00u0u_9fHr3K62s1b,98
macon,NEW BUNK BED $40.00 DOWN. TAKE HOME TODAY!!!,00W0W_hMtbYV8FONf,139
macon,Home furniture ready to go,00w0w_k3Te7RXYyp1,
macon,Electric fireplace,00e0e_gD7uQ3WX0Ym,300
macon,Couch,01515_hS3t4wOUm9F,100
macon,Like New Solid Wood Bassett Furniture(bedroom),00r0r_2rrFDVb9Z1g,1500
macon,Twin Set  Mattress and Box Spring,00e0e_fxq77knTjnh,98
macon,Dryer Roper Whirlpool,01313_emcRWlzvdMn,75
macon,FULL BEDROOM SET,00101_jx40iewDxbr,700
macon,TV stand with fireplace Heater,00h0h_b4Ealae63Lm,400
macon,sofa,00c0c_cEhOaAUJ0Ta,100
macon,Carpet Hand made persian carpets,00101_lmLQlecH8h1,350
macon,Persian carpet Hand made Silk,00C0C_brtSJU4Lc79,2500
macon,Decorative Persian carpet,00q0q_4zDyHzzoN1d,100
macon,Carpet Hand made persian carpets,00101_lmLQlecH8h1,350
macon,Carpet Hand made persian carpets,00101_lmLQlecH8h1,350
macon,Table with 4 chairs,,65
macon,Tv stand,,100
macon,2 chessterdrawers,,75
macon,NEW BUNK BED $40.00 DOWN. TAKE HOME TODAY!!!,00W0W_hMtbYV8FONf,139
macon,Carpet Hand made persian carpets,00101_lmLQlecH8h1,350
macon,Carpet Hand made persian carpets,00101_lmLQlecH8h1,350
macon,NEW BUNK BED $40.00 DOWN. TAKE HOME TODAY!!!,00W0W_hMtbYV8FONf,139
macon,Solid Oak Bookcase,01212_2rUy5WmC859,75
macon,Full Set  Mattress and Box Spring,00404_1EqD3NUCbaA,119
macon,Bed Frame Brand New,00C0C_eqQlxUPuCaU,29
macon,Like New Solid Wood Bassett Furniture(Bedroom),00r0r_2rrFDVb9Z1g,1500
macon,Solid pine entertainment Armoire,00Z0Z_kvhavg8R6db,100
macon,ENTERTAINMET CENTER,00m0m_foX7lKnVUVK,30
macon,NIGHT STAND / TV STAND,00C0C_6ZWQMP1jWMG,30
macon,3 Tier Table,00k0k_hjbVZfhD87Z,150
macon,Barrel Chair,00X0X_baWBe2DlFlt,150
macon,Chaise Lounge,00V0V_aOXCS180kmO,150
macon,Glass coffee table and 2 matching end tables,00R0R_byDopFs99dr,200
macon,Round glass dining table and chairs with matching bakers rack,00g0g_lwxHlu2M3SP,450
macon,Queen sleeper sofa/couch and love seat,00t0t_dj0EzKefYwq,400
macon,Oval coffee table,00Y0Y_gJdL7ZII1Zu,25
macon,6 drawer dresser,00707_DTyjBEDia,80
macon,Dining Table,00707_4nPmiBJCWr3,175
macon,recliner,00m0m_ly1giWm5g6Y,30
macon,Magazine Holder/Waste Basket,00p0p_aOkFLCz9aC3,20
macon,Cocktail Table,00000_4eWaqKp1Imw,25
macon,Wicker Table,00g0g_itq8L1HpkSo,25
macon,Gently used BEAUTIFUL furniture,00w0w_g16oerQoH8v,50
macon,Bed Frame Brand New,00C0C_eqQlxUPuCaU,29
macon,Entertainment Center,00I0I_b9OKazZUWpu,275
macon,Couch set,00r0r_NLcuVWQ6jY,450
macon,Pottery Barn Wood Chairs - Near Perfect - 6 Chairs,00k0k_b5WtD1FZ3SK,450
macon,Georgia Bulldog Toddler time out rocking chair,,25
macon,FARM TABLE,00505_kLOFM6Bfxuf,300
macon,PROVINCE OTTOMAN/COFFEE TABLE,00t0t_lfWJTM3dod5,350
macon,DISTRESSED BOOKCASE,00l0l_1SghP3yGLAH,195
macon,CATHEDRAL CABINET,00i0i_d7ECgS4pUh2,295
macon,TWO-DOOR NARROW CABINET,00G0G_4RRdAtXvorM,195
macon,HAND-PAINTED CUPBOARD,01616_ikN47QOgoiv,185
macon,"2 30"" Barstools",00C0C_41L370XNzt,60
macon,Craftmaster Oversized Chair & Ottoman,00101_hOTdrEXzi3m,200
macon,BURNT SIENNA LEATHER OVERSIZED CHAIR,01616_9LiSwWtyjO0,200
macon,Twin size bed frames,00P0P_4xScvALqAh5,40
macon,Recliner with middle console and cup holders,00P0P_3ooxCYAOZKw,275
macon,Original Mattress Factory king orthopedic pillow,,325
macon,7 piece living room suit,00P0P_j52gTke5TfN,200
macon,Couch and loveseat,00f0f_jvsVscQbupZ,100
macon,TWIN  MATTRESS,00404_1EqD3NUCbaA,78
macon,Electric Powered Recliner and Lift Chair,00Q0Q_gIozUpgf4K0,325
macon,Leather Couch with Pull Out Bed Sofa,00b0b_9VddyPrOPuf,150
macon,Folding Bed,00q0q_8NYEzp4whzs,50
macon,Tv Cabinet,00707_jVj9FZOGM6X,75
macon,Bunkbeds,00P0P_50xgblQwIGd,100
macon,Wooden Bar Stools,00505_40rK2CG76Pw,100
macon,Custom log furniture,00G0G_bRgtVF5eY62,300
macon,Mid Century Lucite Vanity Stool,00X0X_hrG91pnkBq7,100
macon,Sofa/Couch,00d0d_kxXGD84dZCG,150
macon,Mattress and box spring set for sale - American signature pillow top,00t0t_c5UJr6amnzA,123
macon,Wooden console / entry table,00c0c_gkNPN9hzCmN,125
macon,Desk Hutch,00M0M_c01Wz64A7Kh,75
macon,Vanity & Vanity Top,00707_h88XMxhxp5f,650
macon,Stagecoach double glider w/table,00S0S_k9ambq4W8SJ,70
macon,Queen   Mattress,00404_1EqD3NUCbaA,109
macon,Loveseat/Settee,00f0f_fyjRxUsAvmj,45
macon,Oak pedestal table with leaf and 6 chairs,00Y0Y_aytXmrGvuQM,300
macon,Lamp for sale,,5
macon,Couch for sale,,20
macon,Trundle twin bed,00m0m_ahA4owUwfs6,100
macon,King size bed,00X0X_aZDW2BRD2zM,250
macon,TWIN  MATTRESS,00404_1EqD3NUCbaA,78
macon,Full Set  Mattress and Box Spring,00404_1EqD3NUCbaA,119
macon,Full Set  Mattress and Box Spring,00404_1EqD3NUCbaA,119
macon,Queen  Set  Mattress and Box Spring,00404_1EqD3NUCbaA,139
macon,VERY NICE!!! SECTIONALS $40.00 DOWN. TAKE HOME TODAY!!!,00P0P_l9XoGUGmYBI,869
macon,King/Queen size bedroom suit,00L0L_6uco6D6xl0I,500
macon,3 PRICES LIVING ROOM SET,,180
macon,Ashley Sofa and Chaise,00101_cN1qvAWzjK7,500
macon,Leather sofa and love seat. like new,00K0K_dD99bTF6Aak,999
macon,End table,00E0E_acpoEN9mamH,15
macon,Power Lift & Recliner Chair,00Z0Z_h9dZWDnxM1K,450
macon,IKEA Lack TV Stand - Black,00606_a4l3zk1t8yu,30
macon,Twin bed,01111_4zPmoySNm9b,40
macon,Computer/Office Desk,00909_gIblSS7Lsz9,100
macon,Handmade 6ft Table,00x0x_3NaA3AWnTKO,500
macon,SALE!!! New 7 pc Queen Bedroom Set  With Mattress Set$40.00 Down,00H0H_427fSNGbn4O,629
macon,Big Military Metal Office Desk,00U0U_8nallMS4rkZ,75
macon,Sectional,00505_lJ2kgSPhyMw,275
macon,Spider Lamp,,25
macon,Brown wooden kneehole desk,00t0t_bUR8N1DnWJK,45
macon,Wooden Rocker,00h0h_8g34A2X6sD7,45
macon,hEAVY  book shelf 4x5 Ft,00b0b_9l1ypWzC4eT,20
macon,DINING ROOM TABLE AND CHAIRS END TABLES AND MORE,00808_av1b6JAxW4s,600
macon,WOOD New 6 pc Queen Bedroom Set   Set$40.00 Down,00v0v_dJRHhooq0iu,795
macon,Table and 6 chairs,,120
macon,New Twin Metal Bed,00u0u_9fHr3K62s1b,98
macon,Two Wooden Barstools With Padded Seats,00606_aujWr0qDM8j,50
macon,WALL MIRROR,00u0u_lXOxBLAYqOi,100
macon,TABLE LAMP,00l0l_5TabklQEbih,40
macon,Motorized wheelchair,00v0v_j9p2KOVyX06,650
macon,DAYBED,00t0t_b8wWKH8JiSY,30
macon,Platform bed,00606_fqeziqcg5us,75
macon,beautiful vintage style end table with Embellishments,00I0I_dhKlBZ8mYvz,25
macon,NEW BUNK BED $40.00 DOWN. TAKE HOME TODAY!!!,00W0W_hMtbYV8FONf,139
macon,Dining Room Table,00L0L_geZqXfiAtxJ,400
macon,Bronze Light Fixture,,75
macon,Table with 6 chairs,00M0M_8yNYlXWCE1u,350
macon,Wicker Table,00D0D_iPSLwfCN0zX,150
macon,Wingback chair,00J0J_lcuQ0DVxYD2,75
macon,Chippendale sofa,00E0E_glYwYBg3iBl,300
macon,Full Set  Mattress and Box Spring,00e0e_fxq77knTjnh,119
macon,Pottery Barn Loft bed with vanity & bookshelves,00V0V_2ZNvAwrtW9O,1500
macon,Bedroom Set,00S0S_gclrrJzSGga,1100
macon,dog bed,00w0w_3TvMNsdM5o2,35
macon,restaurant booths and tables,,400
macon,Indoor/outdoor area rug,00Z0Z_573Wqllqm8h,50
macon,Wood bench with upholstered top,00n0n_bSX3NgmmUz5,50
macon,Pair of wooden bar stools,00101_6XF2tmlgU1J,75
macon,solid oak table,00505_ixAxUjIP7g4,200
macon,Computer Table,00G0G_e9scDMwdwzu,25
macon,restaurant booths and tables,,400
macon,Slate Pool Table by Greenleaf Billiards w/ pool table light,01111_5J8b02PPfal,1000
macon,Two nice lamps with distressed finish,00l0l_5VePYnT63NE,25
macon,Tan & leather love seat,00j0j_XBA5oBz2hH,150
macon,Estate sale,,1
macon,Computer Cabinet,00505_aJbyOX3GNTB,350
macon,Tv stand for flatscreen,,30
macon,BUNKBED WITH MATTRESSES,00F0F_5yev8PA3NTi,150
macon,Solid wood bookshelf,,15
macon,Dining room,00F0F_3EhxYGicT2t,800
macon,"DESK, SHELVING UNIT, BENCH & MUCH MORE",00d0d_fzuZGch34a7,1
macon,Recliner with middle console and cup holders,01414_iewbDyPaKne,
macon,Round top blanket chest,00k0k_aEQIEYfSTXa,120
macon,Huge assortment of chandeliers,00404_c0z65ftNDY9,1
macon,Mirror,00m0m_k1XAhwfYAs5,50
macon,Vanity,00H0H_kojFxrMkpQZ,250
macon,Ikea table,00V0V_1sg1tAMJluf,200
macon,California King Bedroom set,00x0x_79mgcuslh6r,1200
macon,Solid Wood Storage cabinet TV,00J0J_8uAiqY5QHpn,75
macon,Lamps,,25
macon,Gray Sectional Sofa,00f0f_22HH76lH6py,900
macon,EVERYTHING MUST GO ASAP,00u0u_6SbKBH04HDW,600
macon,NEW BUNK BED $40.00 DOWN. TAKE HOME TODAY!!!,00W0W_hMtbYV8FONf,139
macon,New Twin Metal Bed,00u0u_9fHr3K62s1b,98
macon,Box Springs,00404_1EqD3NUCbaA,35
macon,Coffee Table,,60
macon,Twin bed,,75
macon,Indoor/Outsoor Rug Pillows 8x11,00707_kUZjopwQIeP,50
macon,Leather Ottoman,00c0c_aNZNR7TMYr3,80
macon,Leather Ottoman,00c0c_aNZNR7TMYr3,60
macon,Race car bed,00L0L_92NFhom1W4k,75
macon,Reclining Chair & Couch,00I0I_2EbpKV6oBeJ,250
macon,Twin bed,00C0C_6tMartYDZEo,100
macon,ROLLTOP DESK,,200
macon,Indoor/outdoor Dinete Set,00J0J_8UDmdSpJuO7,40
macon,Area Rug 5x7,00v0v_2F5hQV2iWWQ,40
macon,Chair-Set of 2,00z0z_lFJSrr2pPDW,100
macon,Area Rug 8x11,00m0m_lhYMQRm6XNK,100
macon,Set of Lockers,00202_4aTVlhgh5GT,500
macon,Dining Set,00c0c_2uFObBQrAJQ,600
macon,New Queen and King Mattress Sets,00O0O_aIeQYbhoa0Z,40
macon,Ashley Bedroom Set,00Y0Y_1jA45GaZ0Wz,799
macon,THOMAS KINKADE VILLAGE LIGHTHOUSE 25 1/2 x 34,00y0y_75mkfxZzTcF,500
macon,Massage table,00t0t_iP1fqKh9Exr,125
macon,"Sofas, Recliners, Dining & Bedroom Sets",00202_hUCTB9p8ZU7,1
macon,Twin Bed Frame,01717_1ko2yF8sHMI,125
macon,Solid Oak Dining Room Table & 8 Chairs,00101_1z7rsmaGpXN,525
macon,Breakfast table,00P0P_1wRjhvGJbHm,500
macon,Couch,01010_fRKX6LNAg2B,100
macon,Ashley Rocker Recliner - New,00s0s_iJQfFFZfjM8,399
macon,Ashley Rocker Recliner,00C0C_dg8Spl0H1MO,200
macon,Ashley Sofa,00u0u_aASriFbTHLx,249
macon,Ashley Rocker Recliner - New,00Y0Y_eQPANwihICW,429
macon,Entertainment Center - Oak,00L0L_9mgYCfsEyye,125
macon,Swivel Top Wicker TV Stand / Microwave Cart,00y0y_9jTaiQk5BW0,200
macon,Santa Fe Mission Chair - New,00D0D_9dgPZCyz9Cj,500
macon,Lorena Contemporary Sofa - New,00E0E_iIh8Ly726il,599
macon,Oak Kitchen Table & Chair,00j0j_itzwqV6fCRU,125
macon,Table - End/Lamp (Maple),00k0k_cvTn9s4ZQTA,45
macon,Duncan Phyfe Tea Table,00505_bI7e2bRfLAk,200
macon,Leather Sofa,00g0g_fxmk0vVoack,1299
macon,Queen Bedroom Set,01010_g8OY4bt3i4Z,750
macon,Ashley Loveseat,00909_cHq6CdmOxvH,349
macon,Mirror,00G0G_jtdeL5hiz8c,80
macon,Mirror,00303_4cvJFAb2ngW,100
macon,oak china cabinet,,100
macon,Salon Equipment,01212_24tSqlaJFqt,
macon,Recycled Reused Rescued Wood Furniture,01616_1B82VKoxIOT,1
macon,Table,00S0S_avZhJ4htFjg,15
macon,Leather sectional couch,00j0j_gXet4JVIaUc,650
macon,Sofa,00g0g_19ecevLXPr6,85
macon,Sleeper sofa,00b0b_76sVThhnqsd,85
macon,Sectional couch,00c0c_Jt670nizvG,550
macon,Dresser French Provencial,00Q0Q_iDUd3rFRkGE,90
macon,Armoire,00404_7DRZx4eCmav,50
macon,Solid wood dinning room set,00b0b_avm5IXpJyYr,1000
macon,Leather BLACK SECTIONAL,00R0R_atGwM2kxohT,425
macon,Dresser and Hutch Solid Wood by Jardine,01616_kMK6eVX62st,275
macon,"Mattress Futon (BOB), Baby items",00T0T_aNLM1nRhwhk,50
macon,Solid Wood China Cabinet,00h0h_1AekiRanyyf,175
macon,Glass and metal desk,00E0E_jty16jLD9Gf,50
macon,Repurposed Heart Pine Coffee Tables,00J0J_9lq8UrJFUAH,100
macon,desk and chair,00I0I_giUHHbUajcU,125
macon,Entertainment Cabinet,00l0l_a0jqjJf6dtv,40
macon,Sofa and loveseat,00l0l_5eTtnBNQlbK,550
macon,Four Used Sofa's,00N0N_3QjtbTSiEqj,40
macon,Entertainment Center / Shelving Unit,00T0T_eg0bfcOWKud,20
macon,Floral armchair,00r0r_b6AsFPoZlas,
macon,Dinette Table & 4 Chairs,00B0B_gudbRkjwSUc,50
macon,Like New King Bedroom Suite,01616_jNDMkyNDpys,1500
macon,Table and 2 chairs,00h0h_fgK3qKdo0yu,40
macon,Couch and love seat combo!,00202_hLBDqDH2gIp,600
macon,Antique Library Table from Ga College,00b0b_lTa1ZncIx2z,250
macon,THREE CHICKEN PICTURES,00W0W_i15IA3pOJCh,25
macon,ASSORTMENT OF 4 RED CHAIRS,00303_fp8N16pg2by,60
macon,ANTIQUE LOUVERED BIFOLD DOORS - WOULD BE GREAT FOR STORE DISPLAYS,00Z0Z_bG5iGEfMrWI,70
macon,VINTAGE coffee table,00X0X_aP12viZvo2k,40
macon,Solid Wood Nightstand Bedroom Moving Sale Quality Great Price,00404_x6uocFbkrc,50
macon,Legends Furniture Contemporary Standard Bookcases in Light Oak,01313_hL207P825j3,
macon,Beautiful Dark Solid Cherry Wood Pedestal Round Circular Dining Table,00x0x_iibzoLe2jEM,50
macon,Steve Silver Co Lidya Lift Top Coffee Table & 2 End Tables Set Cherry,00E0E_7q15Db69udi,
macon,"Rug, like new",01010_6Ei8ixGadjC,50
macon,Thomasville Buffet Server,00W0W_gquFL3QiOjY,75
macon,Cute shabby chic couch,00s0s_hHP5EzLJLyu,150
macon,Queen bed,00X0X_MsVrhc590y,200
macon,Wine Cart,00h0h_5N8ra07dSS8,35
macon,Secretary / office hutch,00U0U_9CFmHIAvhbV,150
macon,Patio Furniture,00k0k_4URlrhLBQos,175
macon,55 gallon aquarium w/ stand,00l0l_l3VRxJSP13A,125
macon,Nice recliner,,75
macon,Stool and table,01515_jf25BMe3qLF,20
macon,Corner Desk,00v0v_bQrT0WLIkTV,20
macon,Oak wood desk,00b0b_4mLfdWamCX0,50
macon,Large decor Wagon,00f0f_lJKGeOHQhs0,80
macon,Entertainment Center--Price lowered,00505_24Wn0wWoSIU,70
macon,"Koala Cabinet, Model: Outback Plus",00505_e37lqTKotL3,900
macon,KITCHEN TABLE & 4 CHAIRS,00X0X_b8jWgpCROcQ,65
macon,Red Couch for Sale,00F0F_cbV1KSsnDkH,200
macon,Armoire (TV),01515_7LrwpNi2gWB,85
macon,Loveseat,01212_f98nTCCkxUH,75
macon,Leather Recliner,00P0P_3ooxCYAOZKw,350
macon,Ding room set,00k0k_67N6hWvlV8I,75
macon,Coffee table,00a0a_6nOZTFKnQKL,25
macon,Custom furniture,00B0B_KpDG5clYue,
macon,Plant Stands,,50
macon,NEW BUNK BED $40.00 DOWN. TAKE HOME TODAY!!!,00W0W_hMtbYV8FONf,139
macon,Magazine Rack,00101_bfqUZpmboES,10
macon,Full/Twin Bed Frame on Wheels,01313_c4d8GWLoblC,20
macon,Berkline sofa & Chase Lounge,00D0D_63BR4Nu3kIC,300
macon,Retro Industrial Chairs,00E0E_3sk6qIjesAI,18
macon,"Sectional, brown, great condition",00j0j_hj5QiOq07Ia,450
macon,VINTAGE BENCH,00w0w_9MBX9NmDrJk,150
macon,End tables,00707_9FGfoZ8GMzK,40
macon,Cherry Armoire,00c0c_8hccMgv2WgR,175
macon,Entertainment Center,00O0O_4o3UMBz33M0,250
macon,Duncan Phyfe dining room table,00K0K_i8ALmjXb1lS,25
macon,6 Matching chairs,00C0C_gAwrwnTIxUf,135
macon,roll top desk,01212_4Klhwe6m4FK,175
macon,China cabinet,00g0g_2uKAJ1X9IL9,325
macon,Duncan Phyfe Dining Room Table with 6 chairs,00404_5GZsEiXZWg5,500
macon,Vera Wang Queen mattress and frame,00H0H_9K9mNJlL9Nm,350
macon,ADIRONDACK AND ROLLBACK OUTDOOR AND PATIO FURNITURE,00V0V_acAxUn0YZVL,130
macon,New Twin Metal Bed,00u0u_9fHr3K62s1b,98
macon,Ethan Allen King Size Bed and Dresser Set,00C0C_2Xu0xnaBZZs,1500
macon,Full Size mattress and box spring,,20
macon,Turkish Bar,01111_bZAw86tRRMt,900
macon,Lamp - Giraffe,00u0u_3e6EuONxJpP,45
macon,Bedroom suite,00h0h_cDLWHaQCY7X,300
macon,Twin Set  Mattress and Box Spring,00e0e_fxq77knTjnh,98
macon,"Solid Oak, King-Size Bedroom Suite",01212_2koQrmsmHi0,600
macon,Iron & Tile Folding Plant Stand,01717_dR4xTZk80Jd,20
macon,Living room set,00k0k_fM9ZvYjDkyP,400
macon,Kitchen Table,,25
macon,Elegant antique wing chair,00Y0Y_6xTk8Wztw1Y,200
macon,Custom Cedar Coolers,00a0a_bzp1GOg46q3,119
macon,Vintage Green Chairs,01010_6aKDqe1hiBk,60
macon,Holiday gifts,,
macon,Wing back recliner,00202_kD67bGB3GgM,50
macon,Head board and side hutchs,00m0m_lKvG4jHnlCn,300
macon,Full Size Loft Bed w/ Desk,00Q0Q_af2sY80V7Cr,400
macon,Box Spring,00Y0Y_bvOPsi31sSO,35
macon,Bowflex pr1000,01414_heQknBippjE,150
macon,Army cots,,30
macon,Mahogany bedroom set,,750
macon,Sofa & Loveseat,00f0f_jkMOt8F8k2J,175
macon,Portable Wood Bar,00f0f_43oqhkFol1p,80
macon,Wing Back Chairs,00z0z_1qGj4j71Bsa,60
macon,s roll up desk,00z0z_2KvFuCcTbjF,789
macon,COMPUTER DESK AND CHAIR,00y0y_dKxmGZsuLEz,50
macon,Desk,00y0y_gXTeNlt5C0Z,20
macon,Moving Must Go,00T0T_kueQxxQGEBX,25
macon,L shaped computer desk and book shelf,00k0k_2mMvPy4a9Ow,100
macon,Kitchen table set (5 Pieces),00E0E_7mw5xgSScux,150
macon,Washer and dryer need gone today,,100
macon,bed,00r0r_4k4YLvunr9n,40
macon,sofa and love seat combo,00c0c_67nvy3HiWxn,125
macon,Nice couch,00N0N_elDWIzGdwws,125
macon,Beautiful antique cart,,200
macon,Serta QWEEN Size Mattress,,200
macon,Asian Inspired Home Decor,00u0u_kd0ymwUBCvl,60
macon,Dresser,00h0h_kVXXsq3YGTl,60
macon,Eames Mid-Century Style Chair,01313_faDD9X88EkT,45
macon,Bar Stools (2),00m0m_1wNA4zUDm00,30
macon,NEW BUNK BED $40.00 DOWN. TAKE HOME TODAY!!!,00W0W_hMtbYV8FONf,139
macon,Magazine Stand - Rustic/Country,,25
macon,Dog food feeder,00M0M_cQqVrUfT8Fq,30
macon,King Set  Mattress and Box Spring,00e0e_fxq77knTjnh,198
macon,SALE!!! Full Set  Mattress,00404_1EqD3NUCbaA,98
macon,SALE!!! Full Set  Mattress,00404_1EqD3NUCbaA,98
macon,2 bookshelves,00909_hF2NlVlb8Y7,10
macon,2 drawer filing cabinet,00x0x_3rzVewXYYs6,15
macon,Chairs,00g0g_PIy1qTMN7D,15
macon,Lamps,00M0M_hEh4ekFg1AA,25
macon,Loveseat,00l0l_kkoCwbJwvuD,50
macon,Tall Bistro Table w New Stools,01212_jcFoLbOTZ2H,120
macon,Table and Chair Set,00Y0Y_2INRdEftdYW,
macon,Queen Sofa Bed,00U0U_f35kcnr1ORT,200
macon,Queen Bedroom Set,00r0r_k03jFZOU7TS,250
macon,Nice Couch,00I0I_4LpHaAwMExI,100
macon,Full Set  Mattress and Box Spring,00404_1EqD3NUCbaA,119
macon,TWIN  MATTRESS,00404_1EqD3NUCbaA,78
macon,King Set  Mattress and Box Spring,00404_1EqD3NUCbaA,198
macon,Two Room Mirrors,00y0y_fWig4C9fk2O,60
macon,New Davinci Glider,00000_8LNaV4onEw1,150
macon,New Futon,00S0S_6RESfGBTM7z,175
macon,Brown suede sofa,00P0P_9E4V87ayRIz,100
macon,Armoire,01515_1GiLAGzql9l,500
macon,Formal dining room suit,00f0f_eQ4HdZxvZj3,4000
macon,Custom L shaped desk (farmhouse),00G0G_8XWGdl3UPU2,650
macon,Vintage Rustic Hutch,00a0a_eC6eSC2GaC9,395
macon,Whisperflo 4200 king size bed,00R0R_1QWOX6SDkRH,2500
macon,Bench,00c0c_eC6CDiYzStO,75
macon,Blended leather couch and love seat,00n0n_3TaKPKEMTGv,100
macon,TWIN  MATTRESS,00404_1EqD3NUCbaA,78
macon,Full Set  Mattress and Box Spring,00404_1EqD3NUCbaA,119
macon,TWIN  MATTRESS,00404_1EqD3NUCbaA,78
macon,Store full of variety merchandises,00Q0Q_fmeZMUlYwmh,1234
macon,Metallic Floor Mirror,00q0q_rZ5OxnOiAA,100
macon,Natural Window Coffee Table,00r0r_ffxon9jksmc,175
macon,Stained Window Coffee Table,00R0R_LudPxgbFL2,200
macon,Large Full Length Floor Mirror,00V0V_brjxlXIV7k8,325
macon,Jack Daniels Whiskey Barrel Table & Stools,00303_hLYeXTWJMzy,1200
macon,Large Vintage trunk antique,00R0R_j4M4uGfNwmU,90
macon,Leather chair and a half and matching ottoman,00U0U_c18zjXNpqlS,150
macon,Red wing back wingback chair upholstery,00O0O_jKDVHnXi05J,40
macon,Used oak armoire tv cabinet,00v0v_ian5W4S1YwZ,75
macon,2 queen 2 full and 1 twin mattresses and box springs,,50
macon,Large solid wood tv armoire wall unit,00808_lAoeo2HxejT,125
macon,Nice Wood nightstand with embossed wood,00g0g_3cQHgkNxHUu,25
macon,Dark Brown leather chair,00a0a_8mrp5Y2Maqn,30
macon,five piece solid oak bedroom suite (etc.),00P0P_hiJufBbe3zQ,800
macon,LAMP TABLE - GRAY/WHITE,00202_7eR5qYhKdaF,75
macon,LAMP TABLE - GREEN,00101_8wsWoOgV058,75
macon,Duncan Phyfe Table,00M0M_4F3A1LYny9W,175
macon,Cowhide Bench and Storage Chest Settee,00m0m_cPJcjcY2JLc,290
macon,Shabby Chic Lace Print Princess Table,00K0K_3BohJ9xEcs5,80
macon,2 each-Candle Sconce With Antique Electric Line Insulator,00R0R_jSBQyvhERT,49
macon,QUEEN MATTRESS SET,00W0W_bxTKwwRVltw,50
macon,QUEEN MATTRESS SET,00W0W_bxTKwwRVltw,50
macon,QUEEN MATTRESS SET,00W0W_bxTKwwRVltw,50
macon,FULL MATTRESS SET,00w0w_62LHWJJNKUa,35
macon,QUEEN MATTRESS SET,00H0H_l2NIYL1yD60,75
macon,Coffee table,00Z0Z_rxDybncRRZ,20
macon,Living room set,01111_4VptTTQN3e3,250
macon,Dining Table,00101_j75H9KSGrMj,100
macon,Chair,00A0A_hIwtNWbUVWD,75
macon,Intex 13-in Queen Dura-Beam Plus Mid-Rise (Airbed),00808_iEpg1ZMDFQv,50
macon,Berkline sofa & Chase Lounge,00c0c_4UDstAEyrFX,375
macon,"Queen Size Mattress, boxspring, frame",,70
macon,Ashley Furniture Casa Mollino Cocktail Table,00303_9DVrkRA2Yk1,380
macon,ENTERTAINMENT CENTER,00O0O_hBjEF0TnfCK,20
macon,Blue Side Chairs,00p0p_kNwuXOf2Zot,40
macon,TV Cabinet Solid Wood,00o0o_6kou9RhKPDt,150
macon,Red Side Chair,00F0F_50M3Yz0LxHj,20
macon,Desk Chair - Excellent condition,00w0w_hC6Kq3yIzfY,35
macon,Nice distressed gray mirror,00U0U_jg5UldryD1F,25
macon,Patio Bistro set,00t0t_c1ve6y31xee,75
macon,Dresser,00202_eoMuOEPKCSx,75
macon,Dark brown 3 seat sofa,00d0d_l5NtTZQYzt5,225
macon,King size mattress with box springs and memory foam mattress pad,,390
macon,LEATHER RECLINER,00404_2zSZVdP1tbT,65
macon,SWIVEL KITCHEN CHAIR,00D0D_c220oPP0Lo4,20
macon,USED SWIVEL CHAIR,00R0R_52zVxyHg97a,20
macon,Dining room table,00j0j_1TNlMN7gvuI,150
macon,Dining Table and Chairs BraddingCollection by Pier 1,00P0P_gbgQYMdt6Ue,1000
macon,China cabinet,00U0U_6luBYsheKcj,150
macon,SALON DRYER CHAIR,01212_a7JKGF05Uqe,115
macon,Queen mattress and boxspring,00B0B_6M16dnEwdpa,100
macon,Quality German Bed Room Set,00t0t_l8csEpvBZXM,
macon,Many items,00t0t_9OIsgQSNGe9,
macon,Full Set  Mattress and Box Spring,00404_1EqD3NUCbaA,119
macon,Full Set  Mattress and Box Spring,00404_1EqD3NUCbaA,119
macon,Full Set  Mattress and Box Spring,00404_1EqD3NUCbaA,119
macon,HUTCH,01212_eFcPwGT9HRA,200
macon,End Tables,,30
macon,furniture for sale,00H0H_6UXtYJaBlCe,45
macon,Chair and ottoman for sale,00l0l_oSyxl16a7O,30
macon,TWIN SET  Mattress and Box Spring,00404_1EqD3NUCbaA,98
macon,3 pc. Globe Candle Holders,,25
macon,4 pc. Vintage German Pottery Set,,18
macon,TWIN SET  Mattress and Box Spring,00404_1EqD3NUCbaA,98
macon,New 7 pc Queen Bedroom Set  With Mattress Set$40.00 Down,00V0V_8HHML05bvji,629
macon,Full Set  Mattress and Box Spring,00404_1EqD3NUCbaA,119
macon,Full Set  Mattress and Box Spring,00404_1EqD3NUCbaA,119
macon,Furniture low price,00I0I_J823x8Myvd,175
macon,COFFEE TABLE,00U0U_aM9csCU9xA4,295
macon,Gas Log Heater,00l0l_doKvvqnq6S4,300
macon,Bedroom furniture pictures pots pans breville juicer dresser end table,01414_6WAxlAhKsl,
macon,Window pane cabinet,00Q0Q_9hXlsLEbDQ9,265
macon,"Dining Table, leaf, 6 chairs",00b0b_1rWZmByAxAc,225
macon,Bookshelf,00E0E_5Nnn7MCf1Xq,75
macon,Coffee table,00B0B_1FflbCFTuzD,100
macon,Dining room table set,00e0e_U5iWRVaPwS,200
macon,Pottery Barn Radcliffe Tufted Leather Armchairs (2 Chairs),00W0W_eoly77D3Ekl,1400
macon,Dining table and chairs,00K0K_84uwuSmIiI8,
macon,12ft cedar slabs,00T0T_165lVONtLa3,900
macon,Leaf table 2 chairs,00z0z_cApNsNed7JB,25
macon,Leather couch and love seat,,450
macon,Sectional for sale! with ottoman,00909_3WMpxvKQgAu,450
macon,TV stand/Coffee table,00U0U_9c2nuZNyiL5,40
macon,King Set  Mattress and Box Spring,00404_1EqD3NUCbaA,198
macon,TWIN  MATTRESS,00404_1EqD3NUCbaA,78
macon,Farm table,00U0U_1dHfz62iMFN,
macon,Jasper Cabinets roll top desk oak desk,00A0A_785RyjPYPZH,600
macon,"Beautiful ""U shaped"" sectional",00T0T_1XLLtx6PsIa,850
macon,Couches matching Reduced $150 for both,00M0M_hIC8wo6IhOv,150
macon,Table and chairs,01212_aBVDRpqEDTZ,30
macon,Oak table,00A0A_fDDUbh7xiIU,300
macon,Dinning room set,00c0c_i2ioPLZprtC,300
macon,40's Rosewood China Cabinet $400/OBO,00z0z_fZQNgSAheID,400
macon,Large cabinet,00L0L_jLXInRkiVkT,80
macon,"""Seeds"" Cabinet / Armoire",00202_bVS0jPOkMEc,450
macon,Leather rocking chair,00b0b_fA7ZAzIZllz,90
macon,Mirror,00m0m_k1XAhwfYAs5,50
macon,Ashley Leaving Room NEW $2000,00U0U_41atTOCkkuE,2000
macon,New 7 pc Queen Bedroom Set  With Mattress Set$40.00 Down,00H0H_427fSNGbn4O,629
macon,Vintage Chair,00Q0Q_avb1Wdd4x0m,20
macon,TWIN SET  Mattress and Box Spring,00404_1EqD3NUCbaA,98
macon,Drop leaf table,00000_jUVk4xjbus3,13500
macon,Desk,00B0B_3bED1Ki8DvB,75
macon,Vintage Cedar Chest,00A0A_9dm8YSl0x1K,150
macon,Caswell-Runyan Cedar Chest,00D0D_tBjP69VRAp,175
macon,Bedroom Suite - Dresser and Nightstands,00s0s_lzvREtSlVv9,400
macon,SOFA WITH 2 RECLINERS,01616_ffQxP2EtLWC,100
macon,Twin bedroom Suite,01616_gXHy1LndVTd,300
macon,White maple 8 ft handmade table,00e0e_jrb9Wg8oPJa,250
macon,Kitchen table and six chairs,01212_3nARSmcE712,180
macon,Dining room table and chairs,00B0B_nYk7k5uDaE,1
macon,Rocking Chair,00909_aBTiVw2GvOj,135
macon,Cabana RUSTIC TV Stand,00u0u_9cG0Cjp4caC,509
macon,queen mattress&box,00q0q_bH1ftHvOK1L,119
macon,full mattress&box,00K0K_hdozp9FHfcp,99
macon,king mattress&box,00q0q_bH1ftHvOK1L,159
macon,TWIN  MATTRESS,00404_1EqD3NUCbaA,78
macon,Classic Bench by TRESIA,00f0f_28qr18OTRTS,125
macon,Wool Peeble Rug 5 x 8 ft.,00F0F_hvgCI2I2cdR,275
macon,Couch and Chair,00505_97KxZulBDmV,350
macon,Recliner,00F0F_iI7aAJeFaVs,50
macon,Coffee Table,00f0f_7PIHTUfNaGZ,125
macon,PEDICURE CHAIRS,00U0U_5ZUoU8QoN5m,300
macon,Tables,,200
macon,black wardrobe,00H0H_2NHkR62ROAK,200
macon,full mattress&box,00K0K_hdozp9FHfcp,99
macon,queen mattress&box,00q0q_bH1ftHvOK1L,119
macon,king mattress&box,00q0q_bH1ftHvOK1L,159
macon,twin mattress,00q0q_bH1ftHvOK1L,59
