marshall,Rustic Oak Cabinets,00J0J_kvPHs2ewfWY,700
marshall,Solid Oak Entertainment Center - NEED GONE,,500
marshall,Cornerfit TV Stand,00M0M_dZunZrVjQlW,30
marshall,Corner Hutch,00a0a_8FhBh59aZoP,50
marshall,Rustic X End Table,00c0c_1lzscvAcYta,85
marshall,Rustic Sofa Table,00k0k_9IDJFxVWWSq,89
marshall,Twin Headboard,00b0b_fvYcbvBDp1Z,24
marshall,White Farmhouse Rustic Bench,00o0o_lSdB5WfPA4p,50
marshall,Rustic Farmhouse Console,01010_ccALBoja6nB,245
marshall,Check Out whats NEW and what has been REDUCED In PRICE,00I0I_8ie3Ywx58nl,
marshall,CHECK OUT the NICE FURNITURE and it's SALE PRICE'S,00d0d_g3kYc3deTcO,
marshall,Full size Leather Couch- Great Condition,00L0L_5hB8wqluTQJ,300
marshall,FANTASTIC Pottery Barn style Leather Sofa/Love/Chair/Otto pd $7K ask,00W0W_4F4OYfrXujY,2450
marshall,HUTCH/BUFFET,00V0V_cg1VajNzk2C,175
marshall,***TABLE AND CHAIRS***,00y0y_i41ODLkx6Yo,125
marshall,2 nice couches,00303_1IVALV74Mea,100
marshall,King Sized Tempurpedic Bed,00I0I_6e7rBSVj1BX,1200
marshall,ENTERTAINMENT CENTER FOR SALE,00707_3SKzwPxaY1j,225
marshall,Repurposed Desk,00000_iDvjgOhTFOD,150
marshall,Couches,00v0v_AUPwmSHXr8,400
marshall,Cabinet,00y0y_65acQVD0byu,28
marshall,Cream Sofa Table,00S0S_h9CWFPVmrpi,89
marshall,Gray Console Table,00k0k_4YLyoGUIXLA,155
marshall,Gray Buffet/Console/Dresser,00o0o_lc5o7HRSjXg,225
marshall,Gray Buffet/Console/Dresser,00o0o_lc5o7HRSjXg,225
marshall,Storage Cabinets,00c0c_1edvqlMaLcT,25
marshall,look new! pottery barn style leather 4piece living room sofa set,00W0W_4F4OYfrXujY,2450
marshall,Chest of Drawers,00M0M_egAqk7Wzo7k,75
marshall,Rustic Cream Console,00j0j_hIU3U7a8ogx,155
marshall,Cream Coffee Table,00r0r_dvlOC8RlYUt,75
marshall,Cream End Table,00P0P_j1kQwuO761q,49
marshall,Black Mid Century Hutch,00T0T_hLjqs3V3YWp,89
marshall,Computer Desk,,10
marshall,2 Oak Corner Entertainment Centers,,75
marshall,POTTERY BARN style New 4piece Leather sofa set cost $7k sell,00W0W_4F4OYfrXujY,2450
marshall,Lift Chair,00z0z_dTG7WCf2Ghm,225
marshall,4pc leather group pottery barn style sofa set w/down seats pd $7k ask,00W0W_4F4OYfrXujY,2450
marshall,Desk/Chair combo,00Q0Q_iJzRM8gjtul,100
marshall,Cedar Chest,00303_hNsiU2OsYRj,125
marshall,Hutch,00X0X_fck9DYVVhg2,60
marshall,Unique chair,00H0H_dc03yKloERZ,80
marshall,Mission dining table and chairs,00O0O_9cRxGE3df8z,450
marshall,Farmhouse Style Furniture,00w0w_17Iw2DvuBjC,400
marshall,Victorian Round table & 6 chairs,00D0D_9lWwnSmqCAO,2800
marshall,•4PC•P0TTERY BARN style•LEATHER S0FA set W/D0WN•Cushions was $7K ask,00W0W_4F4OYfrXujY,2450
marshall,FANTASTIC Pottery Barn style Leather Sofa/Love/Chair/Otto pd $7K ask,00W0W_4F4OYfrXujY,2450
marshall,Chairs,01515_8iJcksiSg7w,20
marshall,Pair of lamps,00o0o_gCQB3opNS3E,15
marshall,Dining Table and Chairs Solid Oak,00D0D_8nAPcj8w6DW,1000
marshall,OAK DESK WITH HUTCH,01111_eUFLIPew1xg,350
marshall,GRANDFATHER CLOCK,00t0t_ERv4RtEIIX,100
marshall,"*Unused Gorgeous Pottery Barn Style Leather sofa, Love, Chair, ottoman",00W0W_4F4OYfrXujY,2450
marshall,"King size frame, box spring, mattress",00q0q_182gB47A658,300
marshall,Stanley Furniture computer desk with hutch,00I0I_4lSgYDi9qE8,750
marshall,stunning new 4pc pottery barn style leather sofa set cost $7K Take,00W0W_4F4OYfrXujY,2450
marshall,Adjustable Bed,01010_9szpmDDrb45,600
marshall,"Table 40"" round kitchen dining drop leaf",00P0P_l8IFewJBXvb,25
marshall,High end pottery barn style leather  4 piece sofa set,00W0W_4F4OYfrXujY,2450
marshall,Dresser / Armoire,00M0M_3INqglLk8WZ,110
marshall,Beautiful Amish Solid Oak End Tables (2),00404_iSbquhEP1mA,70
marshall,Look Pottery Barn style 4 piece leather sofa set w/down cushions.,00W0W_4F4OYfrXujY,2450
marshall,NEW LOWER PRICE Davenport,00606_lUQfEtZPrdL,25
marshall,Brand new Mattress sets @ Super deep discounts~Lowest Prices,00k0k_4VCWR5iPs4q,79
marshall,Red Metal twin over full Bunkbed Bunk Bed,00c0c_4FFFa4XHmVY,100
marshall,Computer Desk/Chair,00s0s_3POimfIIwZy,75
marshall,"Whalen TV STAND 70""",00J0J_2AuKGaDXIP0,100
marshall,6 bar stools,00c0c_kHJFGAwo2J,50
marshall,Bedroom set,,600
marshall,Selling a table,00r0r_4o68YcIMDMF,75
marshall,School Desks,00X0X_80J3zVAS2KA,50
marshall,Thomasville Hutch or Thomasville table w/chairs or light,00H0H_dBVkdK33JSF,350
marshall,Vintage Chair,00r0r_5LMMq4VfM4E,40
marshall,LA-Z-BOY Chair,00V0V_jR7p2Rz3Z8d,40
marshall,Store Remodel Sale,,
marshall,Massage recliner,,250
marshall,Like new Futon bunk bed,00a0a_23RALJ4Q28X,375
marshall,Infinity Mirror - Pink,00h0h_4YO1I4wab9s,60
marshall,Infinity Mirror - Red,00606_i5GblBeG4yj,75
marshall,Infinity Mirror - Purple,00k0k_jnCNRyLaU6,75
marshall,1970's retro hutch. Very good condition.,00I0I_hboEip2ncfa,175
marshall,Reclining Chair,00H0H_f6cQXiVWrzO,150
marshall,Big clock,00505_aNW00qqTnKV,20
marshall,TV armoire,00T0T_g6rE1q9hqHK,20
marshall,Couch Set,00505_90bLuwY6I61,750
marshall,Aerobed Smart Bed,01616_9gg8t8ZicGh,50
marshall,Matching Sofa and Loveseat Couch Footstool,00g0g_6bbscuYTLdU,400
marshall,Rustic Farm Bench for Entryway,00O0O_jCQbf7CFOug,80
marshall,Coffee table,00e0e_hRZ6BGBBG56,30
marshall,Wooden Bakery Cabinet,00Y0Y_3rjUiGDtmVk,100
marshall,Large wall or standing floor mirror,01111_1c7jw8Z6842,400
marshall,SLEEPER - LOVE SEAT,01616_3ChLONti43M,600
marshall,Desk with hutch,00808_4n4iEk6nFUE,400
marshall,Chair and sofa sleeper,00r0r_lH6O0CA74VY,100
marshall,Hutch,00d0d_l7LOAMB52l7,750
marshall,Large work benches / cabinets (x3),00W0W_6f1WBobqglQ,100
marshall,Comfortable green chair,00J0J_cDl7hOdifXB,10
marshall,Recliner,,20
marshall,Lots of Rocking Chairs,,20
marshall,Power lift chair,,300
marshall,Massage recliner,,250
marshall,Computer Desk,00r0r_6dh9Q7Usfko,75
marshall,Church Building Sanctuary Furnishings,00101_7gEQVr7PCiT,750
marshall,Charcoal cedar chest,00P0P_2zMF61NS98d,200
marshall,Bunk bed,00p0p_jgvM2g2cMoL,350
marshall,Thomasville Table and 6 chairs and Hutch,00U0U_j0cjKNEQnXx,695
marshall,Solid Oak Gun Cabinet,00L0L_4UzhEe6Aa6i,500
marshall,5 Drawer Dresser,00x0x_9MOsgeIlrpZ,100
marshall,White Wicker Dresser,00g0g_jeEr7uPrFgk,50
marshall,Table & 4 chairs,00r0r_19KA4iNDHn9,25
marshall,Wood dining table with six chairs,00404_fqRBMgXuLam,150
marshall,Old dinning room cabinet,00k0k_8BteVz1EVXI,175
marshall,Piano,00505_jhsbXSNjKhQ,150
marshall,Reclaimed lumber table and stools,00909_xBGkuDKBis,300
marshall,Gun Cabinet,00b0b_jqWGHEJlY10,130
marshall,Berkline Rocker Recliner,,50
marshall,Never used! Loveseat with fold out bed - Lifetime warranty,00t0t_3vu1GCuCBLt,100
marshall,Hand-Made Solid Wood Desk,00B0B_4bu9ZVLKrzo,250
marshall,Brand New Tan Couch,00O0O_893gKHg2mRP,225
marshall,large dresser,00Y0Y_aeoh8PT4mS7,225
marshall,"Floral couch, coffee table, side table",00202_biTlAqETVlL,200
marshall,Chair,00000_6PXrLbECwCY,32
marshall,Oak Table and Hutch,00202_3743PfvSyAO,550
marshall,"Lane swivel, rocker, recliner",00Z0Z_lsxBtllbPm9,85
marshall,Hutch,00707_lvQIiVtx2DL,100
marshall,Nightstand,00202_kC9VUy9AvaD,60
marshall,Nightstand,00p0p_c0wgJb6FpsX,60
marshall,Turquoise coffee/ book stand,00R0R_giKXLTPv4C0,18
marshall,Red Baker's Rack,00O0O_5Tyqlcu96X5,145
marshall,Table & chairs,00202_8Xsg5Kmxa4u,100
marshall,Ironing Board Repurposed,00P0P_lqdbvKdfEXy,36
marshall,Kitchen Cart,00M0M_8Gs7hrsnBbr,135
marshall,sewing machine cabinet,00S0S_iUC7BaNRrxF,300
marshall,Silver framed picture,00Z0Z_gXfeW9Djjyc,10
marshall,Couch with chaise lounge. Excellent condition.  Very comfortable.,01111_ksQAJuuVWBi,475
marshall,Black Love seat couch.,00O0O_k53FntWn7sr,300
marshall,Furniture set,00Y0Y_cEjzsPbDDQ6,25
marshall,Custom made tall dresser,00k0k_9P3k0m2V3tM,120
marshall,"Solid wood desk, hutch and filing cabinet",00f0f_i5lsXyIU8cO,300
marshall,cedar chest,00C0C_9Cg1agW4vGc,100
marshall,Wardrobe,00g0g_kZqmPvnoRDZ,250
marshall,Lighted Display Case,00z0z_lb2sZ361b0l,200
marshall,Octagon picnic table,00B0B_l7FJmAWwnn,1500
marshall,Kid's bed frame,01717_9Zvp0Opjv18,40
marshall,Sewing Cabinet,00s0s_ilO22FvZR2o,75
marshall,Children's pine bunk bed,00d0d_lUfRbyEwF6J,300
marshall,Couch Leather Sectional,00I0I_layPvWOEIoq,1200
marshall,Grand dining table with 6 upholstered chairs,00606_e311jJY2Xi0,800
marshall,microfiber loveseat and two recliners,00x0x_2ptPJ9uh4Si,45
marshall,2 swivel chairs and 1 wood chair,00E0E_cXrKJJAS9vx,25
marshall,Ashley swivel chair - Great Condition,00t0t_96lv7MVrFwG,70
marshall,Lift Recliner,00m0m_JAp9UpSsqO,500
marshall,Corner group couch,00n0n_6ChRypo6lKQ,1250
marshall,4 chrome legged 50's style dining chairs,00X0X_86aCyr5Vep1,40
marshall,4 Drawer Metal Filing Cabinet,00E0E_gcKdVDP6bkX,15
marshall,Couch,00909_XWEkZLNezY,75
marshall,Leather Recliner,00505_bzcDfJkO9Ru,30
marshall,2 oak high chairs,00Q0Q_ccXq6ZVxQgy,25
marshall,Pulaski Hutch for sale,00t0t_d6pnMhcwUht,400
marshall,Dining room furniture,00X0X_gWsQ3NEKqRO,1000
marshall,Reclining Racking Chair,00x0x_RajT1QkKux,30
marshall,Sofa,00b0b_2BzdQFxSGcR,75
marshall,Bar - Shop Counter,00303_9vt3eqUbIzh,500
marshall,Bedroom Furniture for Sale,00o0o_iBh4kxkECiT,900
marshall,Dresser,00u0u_6utyDV1n78U,65
marshall,Dresser,00505_1LFKyTpgXTM,50
marshall,"3 in 1 Dining, Poker and Bumper Table",00m0m_cfKWFppOyfq,379
marshall,pier1 5 pc. bedroom set,00k0k_bJDH3muC27i,350
marshall,Pride Lift Chair,00V0V_jpuP6gvuua0,800
marshall,Custom Outdoor Patio Sets,00S0S_i38ZS19ET3x,1
marshall,Desk,00Q0Q_lut6PJWIXcJ,75
marshall,Glass shelves,,10
marshall,CHAIR,00Z0Z_c5wtssqMrbX,15
marshall,Rocking chair,00909_fVgU8YLbevq,200
